[14Aug2026 19:52:14.069] [main/INFO] [cpw.mods.modlauncher.Launcher/MODLAUNCHER]: ModLauncher running: args [--launchTarget, forgeserver, --fml.forgeVersion, 47.4.22, --fml.mcVersion, 1.20.1, --fml.forgeGroup, net.minecraftforge, --fml.mcpVersion, 20230612.114412, nogui]
[14Aug2026 19:52:14.073] [main/INFO] [cpw.mods.modlauncher.Launcher/MODLAUNCHER]: ModLauncher 10.0.9+10.0.9+main.dcd20f30 starting: java version 17.0.19 by Ubuntu; OS Linux arch amd64 version 6.8.0-1052-azure
[14Aug2026 19:52:16.937] [main/INFO] [net.minecraftforge.fml.loading.ImmediateWindowHandler/]: ImmediateWindowProvider not loading because launch target is forgeserver
[14Aug2026 19:52:16.986] [main/INFO] [mixin/]: SpongePowered MIXIN Subsystem Version=0.8.5 Source=union:/workspaces/servidor1/servidor_minecraft/libraries/org/spongepowered/mixin/0.8.5/mixin-0.8.5.jar%2365!/ Service=ModLauncher Env=SERVER
[14Aug2026 19:52:17.728] [main/WARN] [net.minecraftforge.fml.loading.moddiscovery.ModFileParser/LOADING]: Mod file /workspaces/servidor1/servidor_minecraft/libraries/net/minecraftforge/fmlcore/1.20.1-47.4.22/fmlcore-1.20.1-47.4.22.jar is missing mods.toml file
[14Aug2026 19:52:17.730] [main/WARN] [net.minecraftforge.fml.loading.moddiscovery.ModFileParser/LOADING]: Mod file /workspaces/servidor1/servidor_minecraft/libraries/net/minecraftforge/javafmllanguage/1.20.1-47.4.22/javafmllanguage-1.20.1-47.4.22.jar is missing mods.toml file
[14Aug2026 19:52:17.731] [main/WARN] [net.minecraftforge.fml.loading.moddiscovery.ModFileParser/LOADING]: Mod file /workspaces/servidor1/servidor_minecraft/libraries/net/minecraftforge/lowcodelanguage/1.20.1-47.4.22/lowcodelanguage-1.20.1-47.4.22.jar is missing mods.toml file
[14Aug2026 19:52:17.732] [main/WARN] [net.minecraftforge.fml.loading.moddiscovery.ModFileParser/LOADING]: Mod file /workspaces/servidor1/servidor_minecraft/libraries/net/minecraftforge/mclanguage/1.20.1-47.4.22/mclanguage-1.20.1-47.4.22.jar is missing mods.toml file
[14Aug2026 19:52:19.001] [main/WARN] [net.minecraftforge.jarjar.selection.JarSelector/]: Attempted to select a dependency jar for JarJar which was passed in as source: resourcefullib. Using Mod File: /workspaces/servidor1/servidor_minecraft/mods/resourcefullib-forge-1.20.1-2.1.29.jar
[14Aug2026 19:52:19.001] [main/INFO] [net.minecraftforge.fml.loading.moddiscovery.JarInJarDependencyLocator/]: Found 37 dependencies adding them to mods collection
[14Aug2026 19:52:19.015] [main/WARN] [net.minecraftforge.fml.loading.moddiscovery.ModFile/]: mimimod-1.20.1-4.3.1.BETA.2-forge.jar contains an invalid 'accessTransformers' TOML entry. Should be e.g. accessTransformers = ["META-INF/accesstransformer.cfg", "META-INF/extra_at.cfg"] or accessTransformers = [] for no ATs. Falling back to default.
[14Aug2026 19:52:28.837] [main/INFO] [mixin/]: Compatibility level set to JAVA_17
[14Aug2026 19:52:29.484] [main/ERROR] [mixin/]: Mixin config gateways_to_emiloot.mixins.json does not specify "minVersion" property
[14Aug2026 19:52:29.627] [main/ERROR] [mixin/]: Mixin config emi_loot.mixins.json does not specify "minVersion" property
[14Aug2026 19:52:30.046] [main/ERROR] [mixin/]: Mixin config cerbonsapi_fix.mixins.json does not specify "minVersion" property
[14Aug2026 19:52:30.201] [main/INFO] [mixin/]: Successfully loaded Mixin Connector [com.robertx22.auto_repair_kit.MixinConnector]
[14Aug2026 19:52:30.204] [main/INFO] [mixin/]: Successfully loaded Mixin Connector [com.robertx22.temporary_spawners.MixinConnector]
[14Aug2026 19:52:30.204] [main/INFO] [cpw.mods.modlauncher.LaunchServiceHandler/MODLAUNCHER]: Launching target 'forgeserver' with arguments [nogui]
[14Aug2026 19:52:30.237] [main/INFO] [com.abdelaziz.saturn.common.Saturn/]: Loaded Saturn config file with 4 configurable options
[14Aug2026 19:52:30.596] [main/INFO] [ModernFix/]: Loaded configuration file for ModernFix 5.27.66+mc1.20.1: 110 options available, 6 override(s) found
[14Aug2026 19:52:30.597] [main/WARN] [ModernFix/]: Option 'mixin.perf.smart_ingredient_sync' overriden (by mods [crafttweaker]) to 'false'
[14Aug2026 19:52:30.598] [main/WARN] [ModernFix/]: Option 'mixin.perf.dynamic_resources' overriden (by user configuration) to 'true'
[14Aug2026 19:52:30.598] [main/WARN] [ModernFix/]: Option 'mixin.perf.deduplicate_location' overriden (by user configuration) to 'true'
[14Aug2026 19:52:30.598] [main/WARN] [ModernFix/]: Option 'mixin.perf.fast_registry_validation' overriden (by user configuration) to 'false'
[14Aug2026 19:52:30.598] [main/WARN] [ModernFix/]: Option 'mixin.perf.fix_loop_spin_waiting' overriden (by user configuration) to 'false'
[14Aug2026 19:52:30.598] [main/WARN] [ModernFix/]: Option 'mixin.perf.thread_priorities' overriden (by mods [smoothboot]) to 'false'
[14Aug2026 19:52:30.599] [main/INFO] [ModernFix/]: Applying Nashorn fix
[14Aug2026 19:52:30.618] [main/INFO] [ModernFix/]: Applied Forge config corruption patch
[14Aug2026 19:52:30.740] [main/WARN] [mixin/]: Reference map 'handcrafted-forge-1.20.1-forge-refmap.json' for handcrafted.mixins.json could not be read. If this is a development environment you can ignore this message
[14Aug2026 19:52:31.022] [main/WARN] [mixin/]: Reference map 'yungsextras.refmap.json' for yungsextras.mixins.json could not be read. If this is a development environment you can ignore this message
[14Aug2026 19:52:31.027] [main/WARN] [mixin/]: Reference map 'yungsextras.refmap.json' for yungsextras_forge.mixins.json could not be read. If this is a development environment you can ignore this message
[14Aug2026 19:52:31.054] [main/WARN] [mixin/]: Reference map 'auto_repair_kit.refmap.json' for auto_repair_kit-mixins.json could not be read. If this is a development environment you can ignore this message
[14Aug2026 19:52:31.138] [main/WARN] [Radium Config/]: Option 'mixin.entity.collisions.unpushable_cramming' requires 'mixin.chunk.entity_class_groups=true' but found 'true'. Setting 'mixin.entity.collisions.unpushable_cramming=false'.
[14Aug2026 19:52:31.148] [main/INFO] [Radium Config/]: Loaded configuration file for Radium: 125 options available, 10 override(s) found
[14Aug2026 19:52:31.219] [main/WARN] [mixin/]: Reference map 'acu.refmap.json' for acu.mixins.json could not be read. If this is a development environment you can ignore this message
[14Aug2026 19:52:31.352] [main/WARN] [mixin/]: Reference map 'jeitweaker.refmap.json' for jeitweaker.forge.mixins.json could not be read. If this is a development environment you can ignore this message
[14Aug2026 19:52:31.357] [main/WARN] [mixin/]: Reference map 'jeitweaker.refmap.json' for jeitweaker.common.mixins.json could not be read. If this is a development environment you can ignore this message
[14Aug2026 19:52:31.374] [main/WARN] [mixin/]: Reference map 'puzzlesaccessapi.common.refmap.json' for puzzlesaccessapi.common.mixins.json could not be read. If this is a development environment you can ignore this message
[14Aug2026 19:52:31.493] [main/WARN] [mixin/]: Reference map 'fastpaintings-forge-refmap.json' for fastpaintings-forge.mixins.json could not be read. If this is a development environment you can ignore this message
[14Aug2026 19:52:31.504] [main/WARN] [mixin/]: Reference map 'farmersrespite.refmap.json' for farmersrespite.mixins.json could not be read. If this is a development environment you can ignore this message
[14Aug2026 19:52:31.607] [main/INFO] [Puzzles Lib/]: Loading 342 mods:
	- achiopt 1.0.5
	- acu 1.0
	- advancementplaques 1.6.9
	- aggroindicator 1.1.5+forge1.20.1
	- aiimprovements 0.5.2
	- alexsmobs 1.22.9
	- alltheleaks 1.1.1+1.20.1-forge
		\-- mixinsquared 0.3.6-beta.1
	- almanac 1.0.2
	- alternate_current 1.7.0
	- amendments 1.20-2.2.5
	- ancient_obelisks 1.2.5
	- ante 1.1
	- anti_mob_farm 1.3.11
	- appleskin 2.5.1+mc1.20.1
	- aquaculture 2.5.7
	- aquaculturedelight 1.1.1
	- aquamirae 6.4.0
	- architectury 9.2.14
	- athena 3.1.2
	- attributefix 21.0.5
	- attributeslib 1.3.7
	- auto_repair_kit 1.0.4
	- axesareweapons 1.10.2
	- balm 7.3.42
		\-- kuma_api 20.1.12
	- bcc 4.0.8
	- bedsdontexplode 1.0
	- betteradvancements 0.6.0.73
	- betteranimationscollection 8.0.1
	- betterarcheology 1.2.1-1.20.1
	- bettercombat 1.9.0+1.20.1
	- betterdeserttemples 1.20-Forge-3.0.3
	- betterdungeons 1.20-Forge-4.0.4
	- betterendisland 1.20-Forge-2.0.6
	- betterfortresses 1.20-Forge-2.0.6
	- betterjungletemples 1.20-Forge-2.0.5
	- bettermineshafts 1.20-Forge-4.0.4
	- betteroceanmonuments 1.20-Forge-3.0.4
	- betterstrongholds 1.20-Forge-4.0.3
	- bettertridents 8.0.1
	- betterwitchhuts 1.20-Forge-3.0.3
	- biomespawnpoint 2.4
	- biomespy 1.3.3
	- biomeswevegone 1.8.0
	- blockui 1.20.1-1.0.194-snapshot
	- blue_skies 1.3.31
	- blueprint 7.1.3
	- bookshelf 20.2.15
	- born_in_chaos_v1 1.7.5
	- borninconfiguration 3.2.1
	- bosses_of_mass_destruction 1.1.1
	- botania 1.20.1-454-FORGE
	- botania_editor 1.20.1-1.0.9
	- bountiful 6.0.4+1.20.1
	- bowinfinityfix 2.6.0
	- brewinandchewin 1.20.1-3.2.1
	- bwncr 3.17.2
	- byepregen 1.0.2.2
	- caelus 3.2.0+1.20.1
	- carbonconfig 1.20-2.0.2.1
	- carrasconlib 1.20.1-0.1
	- cerbons_api 1.0.0
	- cerbonsapi_fix 1.0.0
	- chillout 1.0.0
	- chimes 2.1.1
	- chipped 3.0.7
	- chococraft 0.9.12
	- chunkloaders 1.2.9
	- chunksending 1.20.1-3.6
	- citadel 2.6.3
	- cloth_config 11.1.136
	- clumps 12.0.0.4
	- collective 8.39
	- colored_water 1.20.1-1.3.8
	- combatroll 1.3.3+1.20.1
	- comforts 6.4.0+1.20.1
	- commonnetworking 1.0.6-1.20.1
	- connectivity 1.20.1-7.6
	- constructionwand 1.20.1-2.11
	- cookingforblockheads 16.0.15
	- corgilib 4.0.3.4
	- corn_delight 1.2.11-1.20.1
	- coroutil 1.20.1-1.3.7
	- cosmeticarmorreworked 1.20.1-v1a
	- crabbersdelight 1.2.3
	- craftingtweaks 18.2.9
	- crafttweaker 14.0.60
	- crashexploitfixer 2.0.0
	- crashutilities 8.1.4
	- creativecore 2.12.39
	- creeperoverhaul 3.0.2
	- cte2modpackarmors 1.0.3
	- cte_essentials 1.0.7
	- ctov 3.4.14
	- cuisinedelight 1.1.20
		\-- l2library 2.4.14
	- cupboard 1.20.1-3.9
	- curios 5.14.1+1.20.1
	- darksleep 1.0.0
	- dataanchor 1.0.0.22
	- deeperdarker 1.3.3
	- deuf 1.20.1-1.3
	- disenchanting 2.2.3
	- doggytalents 1.19.0
	- doubledoors 7.2
	- dsbg 1.0-1.20.1
	- dummmmmmy 1.20-2.0.11
	- dungeon_realm 1.1.12
	- dungeons_arise 2.1.58-1.20.x
	- dungeons_arise_seven_seas 1.0.2
	- dungeons_enhanced 5.4.3
	- easymagic 8.0.1
	- elytraslot 6.4.4+1.20.1
	- emi 1.1.24+1.20.1+forge
	- emi_loot 0.7.9+1.20.1+forge
	- emi_ores 1.3+1.20.1+forge
	- emitrades 1.2.1+mc1.20.1
	- endersdelight 1.1.4
	- endertrigon 1.20.1-1.1
		\-- crackerslib 1.20.1-0.3.2.1
	- enhancedai 3.3.7.3
	- enhancedcelestials 1.20.1-5.0.3.2
	- entityfishingdrops 1.1
	- entityjs 0.7.3
	- entitylootdrops 2.8
	- entityprotector 1.3
	- exile_overlay 1.13.1
	- experiencebugfix 46.2.2
	- explorerscompass 1.20.1-1.4.0-forge
	- explorify 1.6.5
	- farmersdelight 1.20.1-1.3.2
	- farmersrespite 1.20.1-2.1
	- farmingforblockheads 14.0.4
	- fastasyncworldsave 1.20.1-2.6
	- fastbench 8.0.4
	- fastfurnace 8.0.2
	- fastleafdecay 32
	- fastload 3.4.0
	- fastpaintings 1.20-1.2.7
	- fastsuite 5.1.2
	- ferritecore 6.0.1
	- firstjoinmessage 3.8
	- flan 1.20.1-1.11.16
		\-- lingua_bib 1.20.1-1.0.6
	- flan_fixes_botania 1.0.6
	- floralench 1.20.1-1.4.3
	- forge 47.4.22
	- framedblocks 9.4.3
	- framework 0.8.0
	- friendlyfire 18.0.8
	- friendlygriefing 1.0.2
	- friendsandfoes 3.0.9
	- ftb_ph 1.0.6a
	- ftblibrary 2001.2.13
	- ftbquests 2001.4.22
	- ftbteams 2001.3.2
	- ftbultimine 2001.1.8
	- ftbxmodcompat 2.1.3
	- fzzy_config 0.7.6+1.20.1+forge
	- gateways 4.2.6
	- gateways_to_emiloot 1.0.3
	- gbf 1.0.1
	- geckolib 4.8.4
	- globalgamerules 8.1.0.12
	- globalxp 1.12
	- goblintraders 1.11.5
	- handcrafted 3.0.6
	- iceberg 1.1.25
	- illagerinvasion 8.0.7
	- immersivemc 1.5.8
	- incontrol 1.20-9.4.6
	- infinitygolem 1.0.0
	- insanelib 1.23.4.6
	- inventoryessentials 8.2.18
	- inventorysorter 23.1.9
	- itemfilters 2001.1.0-build.59
	- jade 11.13.3+forge
	- jadeaddons 5.5.1+forge
	- jamlib 1.3.6+1.20.1-patch.1
	- jauml 2.1.1
	- jei 15.48.0.179
	- jeitweaker 8.0.6
	- jrftl 1.6.0
	- jumpboat 1.20.0-1.0.5
	- justenoughprofessions 3.0.1
	- kambrik 6.1.1+1.20.1
	- kiwi 11.10.3+forge
	- kobolds 2.12.0
	- kotlinforforge 4.12.0
	- krypton 0.2.3
	- kubejs 2001.6.5-build.26
	- legendarytabs 1.20.1-2.0
	- letmedespawn 1.5.0
	- library_of_exile 2.1.10
	- lightmanscurrency 1.20.1-2.3.0.5
	- lithostitched 1.4.11
	- logprot 1.4
	- longerlogintimes 1.0.0
	- longnbtkiller 1.0.0
	- lootr 0.7.35.94
	- masiks_puzzle_dungeon 1.2.0
	- maxhealthfix 12.0.4
	- mca 7.6.26+1.20.1
	- mcwbridges 3.1.2
	- mcwdoors 1.1.5
	- mcwlights 1.1.5
	- mes 2.0.3
	- mimi 1.20.1-4.3.1.BETA.2-forge
	- mine_and_meals 0.5.0
	- minecraft 1.20.1
	- mmorpg 6.4.6
	- mns 3.0.0
	- mns_compat 1.0.0
	- mns_extras 0.2-1.20.1
	- modernfix 5.27.66+mc1.20.1
	- monsterplus 1.0
	- moogs_structures 3.0.2
	- moonlight 1.20-2.16.34
	- moremobvariants 1.3.0.1
	- moresnifferflowers 6.6.6
		\-- tinymultiblocklib 3.2.0
	- mousetweaks 2.25.1
	- mowziesmobs 1.8.2
	- mutantmonsters 8.0.8
	- mysterious_mountain_lib 1.6.34-1.20.1
	- nanny 1.0.1
	- naturescompass 1.20.1-1.12.0-forge
	- nerb 0.4.1
	- neruina 2.1.2
	- netherportalfix 13.0.1
	- nethersdelight 1.20.1-4.0
	- nightlights 1.1
	- nirvana_lib 2.2.0
	- no_telemetry 1.10.0
	- nochatreports 1.20.1-v2.2.2
	- obscure_api 18
	- oceansdelight 1.0.2-1.20
	- octolib 0.5.0.1
	- ohthetreesyoullgrow 1.7.0
	- openloader 19.0.5
	- outer_end 1.0.0
	- packetfixer 3.3.2
	- paraglider 20.1.3
	- passiveshield 3.7
	- patchouli 1.20.1-85-FORGE
	- pickupnotifier 8.0.0
	- placebo 8.6.3
	- playeranimator 1.0.2-rc1+1.20
	- polymorph 0.49.10+1.20.1
		\-- spectrelib 0.13.17+1.20.1
	- pots_and_mimics 1.0.2
	- projectvibrantjourneys 1.20.1-6.3.0
	- puzzleslib 8.1.33
		\-- puzzlesaccessapi 20.1.1
	- questkilltask 0.2.0+1.20.1-forge
	- quickstack 1.20.1-2
	- radium 0.12.4+git.26c9d8e
	- realmrpg_wyrms 1.0.1
	- refinedcooking 4.0.0
	- refinedpolymorph 0.1.1-1.20.1
	- refinedstorage 1.12.4
	- remnant_bosses 2.2.0
	- repurposed_structures 7.1.24+1.20.1-forge
	- resourcefulconfig 2.1.3
	- resourcefullib 2.1.29
	- respawningstructures 1.20.1-4.4
	- responsiveshields 2.3
	- rhino 2001.2.3-build.10
	- rightclickharvest 4.6.1+1.20.1
	- riskofrain_mobs 1.1.2
	- roe_sfx 0.0.3
	- roe_weapons 0.1.7
	- saturn 0.1.3
	- sbmcharcoalblock 1.1.0
	- seadwellers 2.9.9
	- searchables 1.0.3
	- sebastrnlib 4.0.0
	- serverconfigupdater 4.0.2
	- servercore 1.5.2+1.20.1
	- showcaseitem 1.20.1-1.2
	- simplebackups 1.20.1-3.1.24
	- simplehats 1.20.1-0.3.2
	- simplemagnets 1.1.12
	- skybreaker 1.20.1-1.0.8
	- skyvillages 1.0.4
	- smallships 2.0.0-b1.4
	- smoothboot 0.0.4
	- smoothchunk 1.20.1-4.1
	- solonion 1.4.5
	- sophisticatedbackpacks 3.24.63.2049
	- sophisticatedcore 1.3.75.2231
	- sophisticatedstorage 1.4.79.2061
	- spacecatasb 20.14.0
	- stackablepotions 1.0.0
	- stalwart_dungeons 1.2.8
	- stardew_fishing 3.7
	- starterkit 8.1
	- structory 1.3.5
	- structory_towers 1.0.7
	- structure_gel 2.16.2
	- structurecredits 1.20.1-4.0
	- structureessentials 1.20.1-5.0
	- suggestion_tweaker 1.20-1.5.2
	- suggestionproviderfix 1.20.1-1.0.0
	- supermartijn642configlib 1.1.8
	- supermartijn642corelib 1.1.22
	- supplementaries 1.20-3.1.43
	- suppsquared 1.20-1.1.29
	- teams 1.4.6
	- telepass 2.1.2
	- temporary_spawners 1.5.3
	- terrablender 3.0.1.10
	- terralith 2.5.4
	- tfbr 4.2.2
	- the_harvest 1.1.5
	- tlc 1.0.2
	- toofast 0.4.3.5
	- torchmaster 20.1.9
	- transmog 1.3.0+1.20
	- trashslot 15.1.5
	- twilightforest 4.3.2508
	- undergarden 0.8.14
	- undergardendelight 2.0.3
	- universalenchants 8.0.0
	- uteamcore 5.1.4.382
	- villagespawnpoint 4.6
	- vivecraft 1.20.1-1.3.15
	- vrapi 3.0.12
	- watut 1.20.1-1.2.3
	- waystones 14.1.20
	- weaponmaster_ydm 4.2.3
	- whats_your_build 0.5.1
	- worldedit 7.2.15+6463-5ca4dff
	- wstweaks 9.1.0
	- xaerominimap 26.4.2
		\-- xaerolib 1.7.1
	- xaeroworldmap 1.44.2
	- xercapaint 1.20.1-2.0.0
	- yungsapi 1.20-Forge-4.0.6
	- yungsbridges 1.20-Forge-4.0.3
	- yungsextras 1.20-Forge-4.0.3
[14Aug2026 19:52:31.802] [main/WARN] [mixin/]: Reference map 'AchievementOptimizer.refmap.json' for achiopt.mixins.json could not be read. If this is a development environment you can ignore this message
[14Aug2026 19:52:31.837] [main/WARN] [mixin/]: Reference map 'cuisinedelight.refmap.json' for cuisinedelight.mixins.json could not be read. If this is a development environment you can ignore this message
[14Aug2026 19:52:31.848] [main/WARN] [mixin/]: Reference map 'entityfishingdrops.refmap.json' for entityfishingdrops.mixins.json could not be read. If this is a development environment you can ignore this message
[14Aug2026 19:52:31.946] [main/WARN] [mixin/]: Reference map 'carrasconlib-common-common-refmap.json' for carrasconlib.mixins.json could not be read. If this is a development environment you can ignore this message
[14Aug2026 19:52:31.951] [main/WARN] [mixin/]: Reference map 'structurecredits-common-refmap.json' for structurecredits-common.mixins.json could not be read. If this is a development environment you can ignore this message
[14Aug2026 19:52:31.997] [main/WARN] [mixin/]: Reference map 'smallships-forge-refmap.json' for smallships.mixins.json could not be read. If this is a development environment you can ignore this message
[14Aug2026 19:52:32.018] [main/WARN] [mixin/]: Reference map 'trashslot.refmap.json' for trashslot.mixins.json could not be read. If this is a development environment you can ignore this message
[14Aug2026 19:52:32.337] [main/WARN] [mixin/]: Reference map 'cookingforblockheads.refmap.json' for cookingforblockheads.mixins.json could not be read. If this is a development environment you can ignore this message
[14Aug2026 19:52:32.493] [main/WARN] [mixin/]: Reference map 'coroutil.refmap.json' for coroutil.mixins.json could not be read. If this is a development environment you can ignore this message
[14Aug2026 19:52:32.609] [main/INFO] [dev.tonimatas.packetfixer.mixins.v1_19_4_forge.MixinPlugin/]: Packet Fixer forge 1.19.4-1.20.1 has been applied successfully.
[14Aug2026 19:52:33.615] [main/WARN] [mixin/]: Error loading class: tschipp/carryon/common/config/ListHandler (java.lang.ClassNotFoundException: tschipp.carryon.common.config.ListHandler)
[14Aug2026 19:52:33.616] [main/WARN] [mixin/]: @Mixin target tschipp.carryon.common.config.ListHandler was not found tinymultiblocklib.mixins.json:carryon.ListHandlerMixin
[14Aug2026 19:52:33.623] [main/WARN] [mixin/]: Error loading class: tschipp/carryon/common/carry/PickupHandler (java.lang.ClassNotFoundException: tschipp.carryon.common.carry.PickupHandler)
[14Aug2026 19:52:33.624] [main/WARN] [mixin/]: @Mixin target tschipp.carryon.common.carry.PickupHandler was not found tinymultiblocklib.mixins.json:carryon.PickupHandlerMixin
[14Aug2026 19:52:34.529] [main/INFO] [net.minecraftforge.coremod.CoreMod.placebo/COREMODLOG]: Patching IForgeItemStack#getEnchantmentLevel
[14Aug2026 19:52:34.550] [main/INFO] [net.minecraftforge.coremod.CoreMod.placebo/COREMODLOG]: Patching IForgeItemStack#getEnchantmentLevel
[14Aug2026 19:52:34.607] [main/WARN] [mixin/]: Error loading class: com/simibubi/create/content/equipment/armor/BacktankBlockEntity (java.lang.ClassNotFoundException: com.simibubi.create.content.equipment.armor.BacktankBlockEntity)
[14Aug2026 19:52:34.607] [main/WARN] [mixin/]: @Mixin target com.simibubi.create.content.equipment.armor.BacktankBlockEntity was not found jadeaddons.mixins.json:create.BacktankBlockEntityAccess
[14Aug2026 19:52:34.661] [main/WARN] [Radium Config/]: Force-disabling mixin 'alloc.blockstate.StateMixin' as option 'mixin.alloc.blockstate' (added by mods [ferritecore]) disables it and children
[14Aug2026 19:52:34.661] [main/WARN] [Radium Config/]: Force-disabling mixin 'alloc.chunk_random.ServerWorldMixin' as option 'mixin.alloc.chunk_random' (added by user configuration) disables it and children
[14Aug2026 19:52:34.662] [main/WARN] [Radium Config/]: Force-disabling mixin 'alloc.chunk_random.WorldMixin' as option 'mixin.alloc.chunk_random' (added by user configuration) disables it and children
[14Aug2026 19:52:34.663] [main/WARN] [Radium Config/]: Force-disabling mixin 'alloc.chunk_ticking.ServerChunkManagerMixin' as option 'mixin.alloc.chunk_ticking' (added by user configuration) disables it and children
[14Aug2026 19:52:34.675] [main/WARN] [Radium Config/]: Force-disabling mixin 'chunk.entity_class_groups.EntityTrackingSectionAccessor' as option 'mixin.chunk' (added by user configuration) disables it and children
[14Aug2026 19:52:34.676] [main/WARN] [Radium Config/]: Force-disabling mixin 'chunk.entity_class_groups.ServerEntityManagerAccessor' as option 'mixin.chunk' (added by user configuration) disables it and children
[14Aug2026 19:52:34.677] [main/WARN] [Radium Config/]: Force-disabling mixin 'chunk.entity_class_groups.ServerWorldAccessor' as option 'mixin.chunk' (added by user configuration) disables it and children
[14Aug2026 19:52:34.678] [main/WARN] [Radium Config/]: Force-disabling mixin 'chunk.entity_class_groups.TypeFilterableListMixin' as option 'mixin.chunk' (added by user configuration) disables it and children
[14Aug2026 19:52:34.678] [main/WARN] [Radium Config/]: Force-disabling mixin 'chunk.no_locking.ChunkSectionMixin' as option 'mixin.chunk' (added by user configuration) disables it and children
[14Aug2026 19:52:34.679] [main/WARN] [Radium Config/]: Force-disabling mixin 'chunk.no_locking.PalettedContainerMixin' as option 'mixin.chunk' (added by user configuration) disables it and children
[14Aug2026 19:52:34.679] [main/WARN] [Radium Config/]: Force-disabling mixin 'chunk.no_validation.EmptyPaletteStorageMixin' as option 'mixin.chunk' (added by user configuration) disables it and children
[14Aug2026 19:52:34.680] [main/WARN] [Radium Config/]: Force-disabling mixin 'chunk.no_validation.PackedIntegerArrayMixin' as option 'mixin.chunk' (added by user configuration) disables it and children
[14Aug2026 19:52:34.680] [main/WARN] [Radium Config/]: Force-disabling mixin 'chunk.palette.PalettedContainerMixin' as option 'mixin.chunk' (added by user configuration) disables it and children
[14Aug2026 19:52:34.680] [main/WARN] [Radium Config/]: Force-disabling mixin 'chunk.serialization.PackedIntegerArrayMixin' as option 'mixin.chunk' (added by user configuration) disables it and children
[14Aug2026 19:52:34.681] [main/WARN] [Radium Config/]: Force-disabling mixin 'chunk.serialization.PalettedContainerMixin' as option 'mixin.chunk' (added by user configuration) disables it and children
[14Aug2026 19:52:34.857] [main/WARN] [mixin/]: Error loading class: net/minecraft/client/renderer/entity/layers/ItemInHandLayer (java.lang.ClassNotFoundException: net.minecraft.client.renderer.entity.layers.ItemInHandLayer)
[14Aug2026 19:52:34.857] [main/WARN] [mixin/]: @Mixin target net.minecraft.client.renderer.entity.layers.ItemInHandLayer was not found mmorpg.mixins.json:PlayerAnimMixin
[14Aug2026 19:52:35.003] [main/WARN] [mixin/]: Error loading class: net/minecraft/client/renderer/texture/atlas/SpriteResourceLoader (java.lang.ClassNotFoundException: net.minecraft.client.renderer.texture.atlas.SpriteResourceLoader)
[14Aug2026 19:52:35.003] [main/WARN] [mixin/]: @Mixin target net.minecraft.client.renderer.texture.atlas.SpriteResourceLoader was not found moresnifferflowers.mixins.json:SpriteResourceLoaderMixin
[14Aug2026 19:52:35.014] [main/INFO] [AllTheLeaks/]: Class dev.uncandango.alltheleaks.leaks.common.mods.smallships.UntrackedIssue001 will be loaded as it matches versions: 2.0.0-b1.4 in [2.0.0-b1.4,)
[14Aug2026 19:52:35.014] [main/INFO] [AllTheLeaks/]: Mixins added to allowed list: [main.ChunkMapMixin]
[14Aug2026 19:52:35.015] [main/INFO] [AllTheLeaks/]: Class dev.uncandango.alltheleaks.leaks.common.mods.moonlight.UntrackedIssue001 will be loaded as it matches versions: 1.20-2.16.34 in [1.20-2.13.32,)
[14Aug2026 19:52:35.016] [main/INFO] [AllTheLeaks/]: Mixins added to allowed list: [main.FakeLevelManagerMixin]
[14Aug2026 19:52:35.016] [main/INFO] [AllTheLeaks/]: Class dev.uncandango.alltheleaks.leaks.common.mods.minecraft.UntrackedIssue002 will be loaded as it matches versions: 1.20.1 in 1.20.1
[14Aug2026 19:52:35.017] [main/INFO] [AllTheLeaks/]: Mixins added to allowed list: [main.EntityTickListMixin]
[14Aug2026 19:52:35.017] [main/INFO] [AllTheLeaks/]: Class dev.uncandango.alltheleaks.leaks.common.mods.minecraft.UntrackedIssue001 will be loaded as it matches versions: 1.20.1 in 1.20.1
[14Aug2026 19:52:35.017] [main/INFO] [AllTheLeaks/]: Class dev.uncandango.alltheleaks.leaks.common.mods.forge.UntrackedIssue002 will be loaded as it matches versions: 47.4.22 in [47.2,)
[14Aug2026 19:52:35.018] [main/INFO] [AllTheLeaks/]: Mixins added to allowed list: [accessor.FakePlayerNetHandlerAccessor, accessor.ConnectionAccessor]
[14Aug2026 19:52:35.019] [main/INFO] [AllTheLeaks/]: Class dev.uncandango.alltheleaks.leaks.common.mods.forge.UntrackedIssue001 will be loaded as it matches versions: 47.4.22 in [47.2,)
[14Aug2026 19:52:35.019] [main/INFO] [AllTheLeaks/]: Mixins added to allowed list: [main.ServerPlayerMixin, main.PlayerListMixin, accessor.PlayerAdvancementsAccessor]
[14Aug2026 19:52:35.019] [main/INFO] [AllTheLeaks/]: Class dev.uncandango.alltheleaks.leaks.common.mods.forge.Issue39 will be loaded as it matches versions: 47.4.22 in [47.2,)
[14Aug2026 19:52:35.019] [main/INFO] [AllTheLeaks/]: Class dev.uncandango.alltheleaks.leaks.common.mods.forge.Issue10684 will be loaded as it matches versions: 47.4.22 in *
[14Aug2026 19:52:35.020] [main/INFO] [AllTheLeaks/]: Class dev.uncandango.alltheleaks.leaks.common.mods.curios.UntrackedIssue001 will be loaded as it matches versions: 5.14.1+1.20.1 in [5.9.1,)
[14Aug2026 19:52:35.020] [main/INFO] [AllTheLeaks/]: Mixins added to allowed list: [main.CuriosEventHandlerMixin]
[14Aug2026 19:52:35.020] [main/INFO] [AllTheLeaks/]: Class dev.uncandango.alltheleaks.leaks.common.mods.crashutilities.UntrackedIssue001 will be loaded as it matches versions: 8.1.4 in *
[14Aug2026 19:52:35.021] [main/INFO] [AllTheLeaks/]: Mixins added to allowed list: [main.CrashUtilsMixin]
[14Aug2026 19:52:35.021] [main/INFO] [AllTheLeaks/]: Class dev.uncandango.alltheleaks.leaks.common.mods.citadel.UntrackedIssue001 will be loaded as it matches versions: 2.6.3 in [2.5.4,)
[14Aug2026 19:52:35.021] [main/INFO] [AllTheLeaks/]: Class dev.uncandango.alltheleaks.leaks.common.mods.architectury.UntrackedIssue001 will be loaded as it matches versions: 9.2.14 in [9.0.8,)
[14Aug2026 19:52:35.022] [main/INFO] [AllTheLeaks/]: Class dev.uncandango.alltheleaks.leaks.common.mods.alexsmobs.Issue2165 will be loaded as it matches versions: 1.22.9 in [1.22.5,)
[14Aug2026 19:52:35.026] [main/INFO] [AllTheLeaks/]: Class dev.uncandango.alltheleaks.fix.common.mods.modernfix.CancelRLMixin will be loaded as it matches versions: 5.27.66+mc1.20.1 in [5.0.0,)
[14Aug2026 19:52:35.026] [main/INFO] [AllTheLeaks/]: Mixins added to cancel list: [org.embeddedt.modernfix.common.mixin.perf.deduplicate_location.MixinResourceLocation]
[14Aug2026 19:52:35.026] [main/INFO] [AllTheLeaks/]: Class dev.uncandango.alltheleaks.fix.common.mods.kubejs.FixItemStackModification will be loaded as it matches versions: 2001.6.5-build.26 in *
[14Aug2026 19:52:35.027] [main/INFO] [AllTheLeaks/]: Mixins added to allowed list: [main.IngredientKJSMixin]
[14Aug2026 19:52:35.027] [main/INFO] [AllTheLeaks/]: Class dev.uncandango.alltheleaks.fix.common.mods.jei.FixItemStackCopy will be loaded as it matches versions: 15.48.0.179 in *
[14Aug2026 19:52:35.027] [main/INFO] [AllTheLeaks/]: Mixins added to allowed list: [main.SmithingCategoryExtensionMixin, main.NormalizedTypedItemStackMixin, main.IngredientSetMixin]
[14Aug2026 19:52:35.036] [main/INFO] [AllTheLeaks/]: Class dev.uncandango.alltheleaks.feature.common.mods.minecraft.MemoryMonitor will be loaded as it matches versions: 1.20.1 in 1.20.1
[14Aug2026 19:52:35.037] [main/INFO] [AllTheLeaks/]: Mixins added to allowed list: [main.PlayerMixin, main.ChunkAccessMixin, main.LevelMixin, main.MinecraftServerMixin]
[14Aug2026 19:52:35.037] [main/INFO] [AllTheLeaks/]: Class dev.uncandango.alltheleaks.feature.common.mods.minecraft.ClearLeakedLevelChunks will be loaded as it matches versions: 1.20.1 in 1.20.1
[14Aug2026 19:52:35.038] [main/INFO] [AllTheLeaks/]: Mixins added to allowed list: [accessor.LevelAccessor, main.RebindableTickingBlockEntityWrapperMixin, accessor.LevelChunkAccessor]
[14Aug2026 19:52:35.176] [main/ERROR] [com.cupboard.Cupboard/]: Could not read config chunksending.json from:/workspaces/servidor1/servidor_minecraft/config/chunksending.json
java.lang.NullPointerException: Cannot invoke "com.google.gson.JsonElement.getAsBoolean()" because the return value of "com.google.gson.JsonObject.get(String)" is null
	at com.chunksending.config.CommonConfiguration.deserialize(CommonConfiguration.java:84) ~[chunksending-1.20.1-3.6.jar%23489!/:1.20.1-3.6]
	at com.cupboard.config.CupboardConfig.load(CupboardConfig.java:176) ~[cupboard-1.20.1-3.9.jar%23515!/:1.20.1-3.9]
	at com.cupboard.config.CupboardConfig.load(CupboardConfig.java:145) ~[cupboard-1.20.1-3.9.jar%23515!/:1.20.1-3.9]
	at com.cupboard.config.CupboardConfig.getCommonConfig(CupboardConfig.java:237) ~[cupboard-1.20.1-3.9.jar%23515!/:1.20.1-3.9]
	at com.chunksending.mixin.MixinConfig.shouldApplyMixin(MixinConfig.java:28) ~[chunksending-1.20.1-3.6.jar%23489!/:1.20.1-3.6]
	at org.spongepowered.asm.mixin.transformer.PluginHandle.shouldApplyMixin(PluginHandle.java:132) ~[mixin-0.8.5.jar%2365!/:0.8.5+Jenkins-b310.git-155314e6e91465dad727e621a569906a410cd6f4]
	at org.spongepowered.asm.mixin.transformer.MixinInfo.shouldApplyMixin(MixinInfo.java:987) ~[mixin-0.8.5.jar%2365!/:0.8.5+Jenkins-b310.git-155314e6e91465dad727e621a569906a410cd6f4]
	at org.spongepowered.asm.mixin.transformer.MixinInfo.readDeclaredTargets(MixinInfo.java:952) ~[mixin-0.8.5.jar%2365!/:0.8.5+Jenkins-b310.git-155314e6e91465dad727e621a569906a410cd6f4]
	at org.spongepowered.asm.mixin.transformer.MixinInfo.<init>(MixinInfo.java:881) ~[mixin-0.8.5.jar%2365!/:0.8.5+Jenkins-b310.git-155314e6e91465dad727e621a569906a410cd6f4]
	at org.spongepowered.asm.mixin.transformer.MixinConfig.prepareMixins(MixinConfig.java:850) ~[mixin-0.8.5.jar%2365!/:0.8.5+Jenkins-b310.git-155314e6e91465dad727e621a569906a410cd6f4]
	at org.spongepowered.asm.mixin.transformer.MixinConfig.prepare(MixinConfig.java:775) ~[mixin-0.8.5.jar%2365!/:0.8.5+Jenkins-b310.git-155314e6e91465dad727e621a569906a410cd6f4]
	at org.spongepowered.asm.mixin.transformer.MixinProcessor.prepareConfigs(MixinProcessor.java:539) ~[mixin-0.8.5.jar%2365!/:0.8.5+Jenkins-b310.git-155314e6e91465dad727e621a569906a410cd6f4]
	at org.spongepowered.asm.mixin.transformer.MixinProcessor.select(MixinProcessor.java:462) ~[mixin-0.8.5.jar%2365!/:0.8.5+Jenkins-b310.git-155314e6e91465dad727e621a569906a410cd6f4]
	at org.spongepowered.asm.mixin.transformer.MixinProcessor.checkSelect(MixinProcessor.java:438) ~[mixin-0.8.5.jar%2365!/:0.8.5+Jenkins-b310.git-155314e6e91465dad727e621a569906a410cd6f4]
	at org.spongepowered.asm.mixin.transformer.MixinProcessor.applyMixins(MixinProcessor.java:290) ~[mixin-0.8.5.jar%2365!/:0.8.5+Jenkins-b310.git-155314e6e91465dad727e621a569906a410cd6f4]
	at org.spongepowered.asm.mixin.transformer.MixinTransformer.transformClass(MixinTransformer.java:250) ~[mixin-0.8.5.jar%2365!/:0.8.5+Jenkins-b310.git-155314e6e91465dad727e621a569906a410cd6f4]
	at org.spongepowered.asm.service.modlauncher.MixinTransformationHandler.processClass(MixinTransformationHandler.java:131) ~[mixin-0.8.5.jar%2365!/:0.8.5+Jenkins-b310.git-155314e6e91465dad727e621a569906a410cd6f4]
	at org.spongepowered.asm.launch.MixinLaunchPluginLegacy.processClass(MixinLaunchPluginLegacy.java:131) ~[mixin-0.8.5.jar%2365!/:0.8.5+Jenkins-b310.git-155314e6e91465dad727e621a569906a410cd6f4]
	at cpw.mods.modlauncher.serviceapi.ILaunchPluginService.processClassWithFlags(ILaunchPluginService.java:156) ~[modlauncher-10.0.9.jar%2355!/:10.0.9+10.0.9+main.dcd20f30]
	at cpw.mods.modlauncher.LaunchPluginHandler.offerClassNodeToPlugins(LaunchPluginHandler.java:88) ~[modlauncher-10.0.9.jar%2355!/:?]
	at cpw.mods.modlauncher.ClassTransformer.transform(ClassTransformer.java:120) ~[modlauncher-10.0.9.jar%2355!/:?]
	at cpw.mods.modlauncher.TransformingClassLoader.maybeTransformClassBytes(TransformingClassLoader.java:50) ~[modlauncher-10.0.9.jar%2355!/:?]
	at cpw.mods.cl.ModuleClassLoader.readerToClass(ModuleClassLoader.java:113) ~[securejarhandler-2.1.10.jar:?]
	at cpw.mods.cl.ModuleClassLoader.lambda$findClass$15(ModuleClassLoader.java:219) ~[securejarhandler-2.1.10.jar:?]
	at cpw.mods.cl.ModuleClassLoader.loadFromModule(ModuleClassLoader.java:229) ~[securejarhandler-2.1.10.jar:?]
	at cpw.mods.cl.ModuleClassLoader.findClass(ModuleClassLoader.java:219) ~[securejarhandler-2.1.10.jar:?]
	at java.lang.ClassLoader.loadClass(ClassLoader.java:637) ~[?:?]
	at java.lang.Class.forName(Class.java:547) ~[?:?]
	at net.minecraftforge.fml.loading.ImmediateWindowHandler$DummyProvider.lambda$updateModuleReads$1(ImmediateWindowHandler.java:164) ~[fmlloader-1.20.1-47.4.22.jar%2369!/:1.0]
	at java.util.Optional.map(Optional.java:260) ~[?:?]
	at net.minecraftforge.fml.loading.ImmediateWindowHandler$DummyProvider.updateModuleReads(ImmediateWindowHandler.java:164) ~[fmlloader-1.20.1-47.4.22.jar%2369!/:1.0]
	at net.minecraftforge.fml.loading.ImmediateWindowHandler.acceptGameLayer(ImmediateWindowHandler.java:89) ~[fmlloader-1.20.1-47.4.22.jar%2369!/:1.0]
	at net.minecraftforge.fml.loading.FMLLoader.beforeStart(FMLLoader.java:216) ~[fmlloader-1.20.1-47.4.22.jar%2369!/:1.0]
	at net.minecraftforge.fml.loading.targets.CommonLaunchHandler.launchService(CommonLaunchHandler.java:92) ~[fmlloader-1.20.1-47.4.22.jar%2369!/:?]
	at cpw.mods.modlauncher.LaunchServiceHandlerDecorator.launch(LaunchServiceHandlerDecorator.java:30) ~[modlauncher-10.0.9.jar%2355!/:?]
	at cpw.mods.modlauncher.LaunchServiceHandler.launch(LaunchServiceHandler.java:53) ~[modlauncher-10.0.9.jar%2355!/:?]
	at cpw.mods.modlauncher.LaunchServiceHandler.launch(LaunchServiceHandler.java:71) ~[modlauncher-10.0.9.jar%2355!/:?]
	at cpw.mods.modlauncher.Launcher.run(Launcher.java:108) ~[modlauncher-10.0.9.jar%2355!/:?]
	at cpw.mods.modlauncher.Launcher.main(Launcher.java:78) ~[modlauncher-10.0.9.jar%2355!/:?]
	at cpw.mods.modlauncher.BootstrapLaunchConsumer.accept(BootstrapLaunchConsumer.java:26) ~[modlauncher-10.0.9.jar%2355!/:?]
	at cpw.mods.modlauncher.BootstrapLaunchConsumer.accept(BootstrapLaunchConsumer.java:23) ~[modlauncher-10.0.9.jar%2355!/:?]
	at cpw.mods.bootstraplauncher.BootstrapLauncher.main(BootstrapLauncher.java:141) ~[bootstraplauncher-1.1.2.jar:?]
[14Aug2026 19:52:35.189] [main/ERROR] [com.cupboard.Cupboard/]: Could not read config chunksending.json from:/workspaces/servidor1/servidor_minecraft/config/chunksending.json
java.lang.NullPointerException: Cannot invoke "com.google.gson.JsonElement.getAsBoolean()" because the return value of "com.google.gson.JsonObject.get(String)" is null
	at com.chunksending.config.CommonConfiguration.deserialize(CommonConfiguration.java:84) ~[chunksending-1.20.1-3.6.jar%23489!/:1.20.1-3.6]
	at com.cupboard.config.CupboardConfig.load(CupboardConfig.java:176) ~[cupboard-1.20.1-3.9.jar%23515!/:1.20.1-3.9]
	at com.cupboard.config.CupboardConfig.load(CupboardConfig.java:145) ~[cupboard-1.20.1-3.9.jar%23515!/:1.20.1-3.9]
	at com.cupboard.config.CupboardConfig.load(CupboardConfig.java:217) ~[cupboard-1.20.1-3.9.jar%23515!/:1.20.1-3.9]
	at com.cupboard.config.CupboardConfig.load(CupboardConfig.java:145) ~[cupboard-1.20.1-3.9.jar%23515!/:1.20.1-3.9]
	at com.cupboard.config.CupboardConfig.getCommonConfig(CupboardConfig.java:237) ~[cupboard-1.20.1-3.9.jar%23515!/:1.20.1-3.9]
	at com.chunksending.mixin.MixinConfig.shouldApplyMixin(MixinConfig.java:28) ~[chunksending-1.20.1-3.6.jar%23489!/:1.20.1-3.6]
	at org.spongepowered.asm.mixin.transformer.PluginHandle.shouldApplyMixin(PluginHandle.java:132) ~[mixin-0.8.5.jar%2365!/:0.8.5+Jenkins-b310.git-155314e6e91465dad727e621a569906a410cd6f4]
	at org.spongepowered.asm.mixin.transformer.MixinInfo.shouldApplyMixin(MixinInfo.java:987) ~[mixin-0.8.5.jar%2365!/:0.8.5+Jenkins-b310.git-155314e6e91465dad727e621a569906a410cd6f4]
	at org.spongepowered.asm.mixin.transformer.MixinInfo.readDeclaredTargets(MixinInfo.java:952) ~[mixin-0.8.5.jar%2365!/:0.8.5+Jenkins-b310.git-155314e6e91465dad727e621a569906a410cd6f4]
	at org.spongepowered.asm.mixin.transformer.MixinInfo.<init>(MixinInfo.java:881) ~[mixin-0.8.5.jar%2365!/:0.8.5+Jenkins-b310.git-155314e6e91465dad727e621a569906a410cd6f4]
	at org.spongepowered.asm.mixin.transformer.MixinConfig.prepareMixins(MixinConfig.java:850) ~[mixin-0.8.5.jar%2365!/:0.8.5+Jenkins-b310.git-155314e6e91465dad727e621a569906a410cd6f4]
	at org.spongepowered.asm.mixin.transformer.MixinConfig.prepare(MixinConfig.java:775) ~[mixin-0.8.5.jar%2365!/:0.8.5+Jenkins-b310.git-155314e6e91465dad727e621a569906a410cd6f4]
	at org.spongepowered.asm.mixin.transformer.MixinProcessor.prepareConfigs(MixinProcessor.java:539) ~[mixin-0.8.5.jar%2365!/:0.8.5+Jenkins-b310.git-155314e6e91465dad727e621a569906a410cd6f4]
	at org.spongepowered.asm.mixin.transformer.MixinProcessor.select(MixinProcessor.java:462) ~[mixin-0.8.5.jar%2365!/:0.8.5+Jenkins-b310.git-155314e6e91465dad727e621a569906a410cd6f4]
	at org.spongepowered.asm.mixin.transformer.MixinProcessor.checkSelect(MixinProcessor.java:438) ~[mixin-0.8.5.jar%2365!/:0.8.5+Jenkins-b310.git-155314e6e91465dad727e621a569906a410cd6f4]
	at org.spongepowered.asm.mixin.transformer.MixinProcessor.applyMixins(MixinProcessor.java:290) ~[mixin-0.8.5.jar%2365!/:0.8.5+Jenkins-b310.git-155314e6e91465dad727e621a569906a410cd6f4]
	at org.spongepowered.asm.mixin.transformer.MixinTransformer.transformClass(MixinTransformer.java:250) ~[mixin-0.8.5.jar%2365!/:0.8.5+Jenkins-b310.git-155314e6e91465dad727e621a569906a410cd6f4]
	at org.spongepowered.asm.service.modlauncher.MixinTransformationHandler.processClass(MixinTransformationHandler.java:131) ~[mixin-0.8.5.jar%2365!/:0.8.5+Jenkins-b310.git-155314e6e91465dad727e621a569906a410cd6f4]
	at org.spongepowered.asm.launch.MixinLaunchPluginLegacy.processClass(MixinLaunchPluginLegacy.java:131) ~[mixin-0.8.5.jar%2365!/:0.8.5+Jenkins-b310.git-155314e6e91465dad727e621a569906a410cd6f4]
	at cpw.mods.modlauncher.serviceapi.ILaunchPluginService.processClassWithFlags(ILaunchPluginService.java:156) ~[modlauncher-10.0.9.jar%2355!/:10.0.9+10.0.9+main.dcd20f30]
	at cpw.mods.modlauncher.LaunchPluginHandler.offerClassNodeToPlugins(LaunchPluginHandler.java:88) ~[modlauncher-10.0.9.jar%2355!/:?]
	at cpw.mods.modlauncher.ClassTransformer.transform(ClassTransformer.java:120) ~[modlauncher-10.0.9.jar%2355!/:?]
	at cpw.mods.modlauncher.TransformingClassLoader.maybeTransformClassBytes(TransformingClassLoader.java:50) ~[modlauncher-10.0.9.jar%2355!/:?]
	at cpw.mods.cl.ModuleClassLoader.readerToClass(ModuleClassLoader.java:113) ~[securejarhandler-2.1.10.jar:?]
	at cpw.mods.cl.ModuleClassLoader.lambda$findClass$15(ModuleClassLoader.java:219) ~[securejarhandler-2.1.10.jar:?]
	at cpw.mods.cl.ModuleClassLoader.loadFromModule(ModuleClassLoader.java:229) ~[securejarhandler-2.1.10.jar:?]
	at cpw.mods.cl.ModuleClassLoader.findClass(ModuleClassLoader.java:219) ~[securejarhandler-2.1.10.jar:?]
	at java.lang.ClassLoader.loadClass(ClassLoader.java:637) ~[?:?]
	at java.lang.Class.forName(Class.java:547) ~[?:?]
	at net.minecraftforge.fml.loading.ImmediateWindowHandler$DummyProvider.lambda$updateModuleReads$1(ImmediateWindowHandler.java:164) ~[fmlloader-1.20.1-47.4.22.jar%2369!/:1.0]
	at java.util.Optional.map(Optional.java:260) ~[?:?]
	at net.minecraftforge.fml.loading.ImmediateWindowHandler$DummyProvider.updateModuleReads(ImmediateWindowHandler.java:164) ~[fmlloader-1.20.1-47.4.22.jar%2369!/:1.0]
	at net.minecraftforge.fml.loading.ImmediateWindowHandler.acceptGameLayer(ImmediateWindowHandler.java:89) ~[fmlloader-1.20.1-47.4.22.jar%2369!/:1.0]
	at net.minecraftforge.fml.loading.FMLLoader.beforeStart(FMLLoader.java:216) ~[fmlloader-1.20.1-47.4.22.jar%2369!/:1.0]
	at net.minecraftforge.fml.loading.targets.CommonLaunchHandler.launchService(CommonLaunchHandler.java:92) ~[fmlloader-1.20.1-47.4.22.jar%2369!/:?]
	at cpw.mods.modlauncher.LaunchServiceHandlerDecorator.launch(LaunchServiceHandlerDecorator.java:30) ~[modlauncher-10.0.9.jar%2355!/:?]
	at cpw.mods.modlauncher.LaunchServiceHandler.launch(LaunchServiceHandler.java:53) ~[modlauncher-10.0.9.jar%2355!/:?]
	at cpw.mods.modlauncher.LaunchServiceHandler.launch(LaunchServiceHandler.java:71) ~[modlauncher-10.0.9.jar%2355!/:?]
	at cpw.mods.modlauncher.Launcher.run(Launcher.java:108) ~[modlauncher-10.0.9.jar%2355!/:?]
	at cpw.mods.modlauncher.Launcher.main(Launcher.java:78) ~[modlauncher-10.0.9.jar%2355!/:?]
	at cpw.mods.modlauncher.BootstrapLaunchConsumer.accept(BootstrapLaunchConsumer.java:26) ~[modlauncher-10.0.9.jar%2355!/:?]
	at cpw.mods.modlauncher.BootstrapLaunchConsumer.accept(BootstrapLaunchConsumer.java:23) ~[modlauncher-10.0.9.jar%2355!/:?]
	at cpw.mods.bootstraplauncher.BootstrapLauncher.main(BootstrapLauncher.java:141) ~[bootstraplauncher-1.1.2.jar:?]
[14Aug2026 19:52:35.197] [main/ERROR] [com.cupboard.Cupboard/]: Could not read config chunksending.json from:/workspaces/servidor1/servidor_minecraft/config/chunksending.json
java.lang.NullPointerException: Cannot invoke "com.google.gson.JsonElement.getAsBoolean()" because the return value of "com.google.gson.JsonObject.get(String)" is null
	at com.chunksending.config.CommonConfiguration.deserialize(CommonConfiguration.java:84) ~[chunksending-1.20.1-3.6.jar%23489!/:1.20.1-3.6]
	at com.cupboard.config.CupboardConfig.load(CupboardConfig.java:176) ~[cupboard-1.20.1-3.9.jar%23515!/:1.20.1-3.9]
	at com.cupboard.config.CupboardConfig.load(CupboardConfig.java:145) ~[cupboard-1.20.1-3.9.jar%23515!/:1.20.1-3.9]
	at com.cupboard.config.CupboardConfig.load(CupboardConfig.java:217) ~[cupboard-1.20.1-3.9.jar%23515!/:1.20.1-3.9]
	at com.cupboard.config.CupboardConfig.load(CupboardConfig.java:145) ~[cupboard-1.20.1-3.9.jar%23515!/:1.20.1-3.9]
	at com.cupboard.config.CupboardConfig.load(CupboardConfig.java:217) ~[cupboard-1.20.1-3.9.jar%23515!/:1.20.1-3.9]
	at com.cupboard.config.CupboardConfig.load(CupboardConfig.java:145) ~[cupboard-1.20.1-3.9.jar%23515!/:1.20.1-3.9]
	at com.cupboard.config.CupboardConfig.getCommonConfig(CupboardConfig.java:237) ~[cupboard-1.20.1-3.9.jar%23515!/:1.20.1-3.9]
	at com.chunksending.mixin.MixinConfig.shouldApplyMixin(MixinConfig.java:28) ~[chunksending-1.20.1-3.6.jar%23489!/:1.20.1-3.6]
	at org.spongepowered.asm.mixin.transformer.PluginHandle.shouldApplyMixin(PluginHandle.java:132) ~[mixin-0.8.5.jar%2365!/:0.8.5+Jenkins-b310.git-155314e6e91465dad727e621a569906a410cd6f4]
	at org.spongepowered.asm.mixin.transformer.MixinInfo.shouldApplyMixin(MixinInfo.java:987) ~[mixin-0.8.5.jar%2365!/:0.8.5+Jenkins-b310.git-155314e6e91465dad727e621a569906a410cd6f4]
	at org.spongepowered.asm.mixin.transformer.MixinInfo.readDeclaredTargets(MixinInfo.java:952) ~[mixin-0.8.5.jar%2365!/:0.8.5+Jenkins-b310.git-155314e6e91465dad727e621a569906a410cd6f4]
	at org.spongepowered.asm.mixin.transformer.MixinInfo.<init>(MixinInfo.java:881) ~[mixin-0.8.5.jar%2365!/:0.8.5+Jenkins-b310.git-155314e6e91465dad727e621a569906a410cd6f4]
	at org.spongepowered.asm.mixin.transformer.MixinConfig.prepareMixins(MixinConfig.java:850) ~[mixin-0.8.5.jar%2365!/:0.8.5+Jenkins-b310.git-155314e6e91465dad727e621a569906a410cd6f4]
	at org.spongepowered.asm.mixin.transformer.MixinConfig.prepare(MixinConfig.java:775) ~[mixin-0.8.5.jar%2365!/:0.8.5+Jenkins-b310.git-155314e6e91465dad727e621a569906a410cd6f4]
	at org.spongepowered.asm.mixin.transformer.MixinProcessor.prepareConfigs(MixinProcessor.java:539) ~[mixin-0.8.5.jar%2365!/:0.8.5+Jenkins-b310.git-155314e6e91465dad727e621a569906a410cd6f4]
	at org.spongepowered.asm.mixin.transformer.MixinProcessor.select(MixinProcessor.java:462) ~[mixin-0.8.5.jar%2365!/:0.8.5+Jenkins-b310.git-155314e6e91465dad727e621a569906a410cd6f4]
	at org.spongepowered.asm.mixin.transformer.MixinProcessor.checkSelect(MixinProcessor.java:438) ~[mixin-0.8.5.jar%2365!/:0.8.5+Jenkins-b310.git-155314e6e91465dad727e621a569906a410cd6f4]
	at org.spongepowered.asm.mixin.transformer.MixinProcessor.applyMixins(MixinProcessor.java:290) ~[mixin-0.8.5.jar%2365!/:0.8.5+Jenkins-b310.git-155314e6e91465dad727e621a569906a410cd6f4]
	at org.spongepowered.asm.mixin.transformer.MixinTransformer.transformClass(MixinTransformer.java:250) ~[mixin-0.8.5.jar%2365!/:0.8.5+Jenkins-b310.git-155314e6e91465dad727e621a569906a410cd6f4]
	at org.spongepowered.asm.service.modlauncher.MixinTransformationHandler.processClass(MixinTransformationHandler.java:131) ~[mixin-0.8.5.jar%2365!/:0.8.5+Jenkins-b310.git-155314e6e91465dad727e621a569906a410cd6f4]
	at org.spongepowered.asm.launch.MixinLaunchPluginLegacy.processClass(MixinLaunchPluginLegacy.java:131) ~[mixin-0.8.5.jar%2365!/:0.8.5+Jenkins-b310.git-155314e6e91465dad727e621a569906a410cd6f4]
	at cpw.mods.modlauncher.serviceapi.ILaunchPluginService.processClassWithFlags(ILaunchPluginService.java:156) ~[modlauncher-10.0.9.jar%2355!/:10.0.9+10.0.9+main.dcd20f30]
	at cpw.mods.modlauncher.LaunchPluginHandler.offerClassNodeToPlugins(LaunchPluginHandler.java:88) ~[modlauncher-10.0.9.jar%2355!/:?]
	at cpw.mods.modlauncher.ClassTransformer.transform(ClassTransformer.java:120) ~[modlauncher-10.0.9.jar%2355!/:?]
	at cpw.mods.modlauncher.TransformingClassLoader.maybeTransformClassBytes(TransformingClassLoader.java:50) ~[modlauncher-10.0.9.jar%2355!/:?]
	at cpw.mods.cl.ModuleClassLoader.readerToClass(ModuleClassLoader.java:113) ~[securejarhandler-2.1.10.jar:?]
	at cpw.mods.cl.ModuleClassLoader.lambda$findClass$15(ModuleClassLoader.java:219) ~[securejarhandler-2.1.10.jar:?]
	at cpw.mods.cl.ModuleClassLoader.loadFromModule(ModuleClassLoader.java:229) ~[securejarhandler-2.1.10.jar:?]
	at cpw.mods.cl.ModuleClassLoader.findClass(ModuleClassLoader.java:219) ~[securejarhandler-2.1.10.jar:?]
	at java.lang.ClassLoader.loadClass(ClassLoader.java:637) ~[?:?]
	at java.lang.Class.forName(Class.java:547) ~[?:?]
	at net.minecraftforge.fml.loading.ImmediateWindowHandler$DummyProvider.lambda$updateModuleReads$1(ImmediateWindowHandler.java:164) ~[fmlloader-1.20.1-47.4.22.jar%2369!/:1.0]
	at java.util.Optional.map(Optional.java:260) ~[?:?]
	at net.minecraftforge.fml.loading.ImmediateWindowHandler$DummyProvider.updateModuleReads(ImmediateWindowHandler.java:164) ~[fmlloader-1.20.1-47.4.22.jar%2369!/:1.0]
	at net.minecraftforge.fml.loading.ImmediateWindowHandler.acceptGameLayer(ImmediateWindowHandler.java:89) ~[fmlloader-1.20.1-47.4.22.jar%2369!/:1.0]
	at net.minecraftforge.fml.loading.FMLLoader.beforeStart(FMLLoader.java:216) ~[fmlloader-1.20.1-47.4.22.jar%2369!/:1.0]
	at net.minecraftforge.fml.loading.targets.CommonLaunchHandler.launchService(CommonLaunchHandler.java:92) ~[fmlloader-1.20.1-47.4.22.jar%2369!/:?]
	at cpw.mods.modlauncher.LaunchServiceHandlerDecorator.launch(LaunchServiceHandlerDecorator.java:30) ~[modlauncher-10.0.9.jar%2355!/:?]
	at cpw.mods.modlauncher.LaunchServiceHandler.launch(LaunchServiceHandler.java:53) ~[modlauncher-10.0.9.jar%2355!/:?]
	at cpw.mods.modlauncher.LaunchServiceHandler.launch(LaunchServiceHandler.java:71) ~[modlauncher-10.0.9.jar%2355!/:?]
	at cpw.mods.modlauncher.Launcher.run(Launcher.java:108) ~[modlauncher-10.0.9.jar%2355!/:?]
	at cpw.mods.modlauncher.Launcher.main(Launcher.java:78) ~[modlauncher-10.0.9.jar%2355!/:?]
	at cpw.mods.modlauncher.BootstrapLaunchConsumer.accept(BootstrapLaunchConsumer.java:26) ~[modlauncher-10.0.9.jar%2355!/:?]
	at cpw.mods.modlauncher.BootstrapLaunchConsumer.accept(BootstrapLaunchConsumer.java:23) ~[modlauncher-10.0.9.jar%2355!/:?]
	at cpw.mods.bootstraplauncher.BootstrapLauncher.main(BootstrapLauncher.java:141) ~[bootstraplauncher-1.1.2.jar:?]
[14Aug2026 19:52:35.289] [main/INFO] [com.cupboard.Cupboard/]: Loaded config for: structureessentials.json
[14Aug2026 19:52:35.332] [main/WARN] [mixin/]: Error loading class: com/scouter/netherdepthsupgrade/entity/entities/LavaFishingBobberEntity (java.lang.ClassNotFoundException: com.scouter.netherdepthsupgrade.entity.entities.LavaFishingBobberEntity)
[14Aug2026 19:52:35.638] [main/WARN] [mixin/]: Error loading class: com/jamieswhiteshirt/reachentityattributes/ReachEntityAttributes (java.lang.ClassNotFoundException: com.jamieswhiteshirt.reachentityattributes.ReachEntityAttributes)
[14Aug2026 19:52:35.639] [main/WARN] [mixin/]: @Mixin target com.jamieswhiteshirt.reachentityattributes.ReachEntityAttributes was not found mixins.immersivemc.json:ReachEntityAttributesMixin
[14Aug2026 19:52:35.651] [main/WARN] [mixin/]: Error loading class: dev/shadowsoffire/apotheosis/ench/table/ClueMessage (java.lang.ClassNotFoundException: dev.shadowsoffire.apotheosis.ench.table.ClueMessage)
[14Aug2026 19:52:35.652] [main/WARN] [mixin/]: @Mixin target dev.shadowsoffire.apotheosis.ench.table.ClueMessage was not found mixins.forge.immersivemc.json:ClueMessageMixin
[14Aug2026 19:52:35.673] [main/WARN] [mixin/]: Error loading class: net/minecraft/client/renderer/entity/PhantomRenderer (java.lang.ClassNotFoundException: net.minecraft.client.renderer.entity.PhantomRenderer)
[14Aug2026 19:52:35.674] [main/WARN] [mixin/]: @Mixin target net.minecraft.client.renderer.entity.PhantomRenderer was not found mixins.deeperdarker.json:PhantomRendererMixin
[14Aug2026 19:52:35.783] [main/WARN] [mixin/]: Error loading class: net/minecraft/client/gui/screens/inventory/AnvilScreen (java.lang.ClassNotFoundException: net.minecraft.client.gui.screens.inventory.AnvilScreen)
[14Aug2026 19:52:35.784] [main/WARN] [mixin/]: @Mixin target net.minecraft.client.gui.screens.inventory.AnvilScreen was not found ante.mixins.json:AnvilScreenMixin
[14Aug2026 19:52:36.073] [main/WARN] [mixin/]: Error loading class: com/cerbon/cerbons_api/platform/Services (java.lang.ClassNotFoundException: com.cerbon.cerbons_api.platform.Services)
[14Aug2026 19:52:36.073] [main/WARN] [mixin/]: @Mixin target com.cerbon.cerbons_api.platform.Services was not found cerbonsapi_fix.mixins.json:ServicesMixin
[14Aug2026 19:52:36.079] [main/WARN] [mixin/]: Error loading class: vazkii/quark/addons/oddities/inventory/BackpackMenu (java.lang.ClassNotFoundException: vazkii.quark.addons.oddities.inventory.BackpackMenu)
[14Aug2026 19:52:36.082] [main/WARN] [mixin/]: Error loading class: net/minecraft/client/gui/screens/inventory/CraftingScreen (java.lang.ClassNotFoundException: net.minecraft.client.gui.screens.inventory.CraftingScreen)
[14Aug2026 19:52:36.082] [main/WARN] [mixin/]: @Mixin target net.minecraft.client.gui.screens.inventory.CraftingScreen was not found fastbench.mixins.json:MixinCraftingScreen
[14Aug2026 19:52:36.506] [main/WARN] [mixin/]: Error loading class: net/minecraft/client/gui/components/ImageButton (java.lang.ClassNotFoundException: net.minecraft.client.gui.components.ImageButton)
[14Aug2026 19:52:36.508] [main/ERROR] [net.minecraftforge.fml.loading.RuntimeDistCleaner/DISTXFORM]: Attempted to load class net/minecraft/client/gui/components/AbstractWidget for invalid dist DEDICATED_SERVER
[14Aug2026 19:52:36.509] [main/WARN] [mixin/]: Error loading class: net/minecraft/client/gui/components/AbstractWidget (java.lang.RuntimeException: Attempted to load class net/minecraft/client/gui/components/AbstractWidget for invalid dist DEDICATED_SERVER)
[14Aug2026 19:52:36.509] [main/ERROR] [mixin/]: Cannot invoke "org.spongepowered.asm.mixin.transformer.ClassInfo.isMixin()" because "superClass" is null
java.lang.NullPointerException: Cannot invoke "org.spongepowered.asm.mixin.transformer.ClassInfo.isMixin()" because "superClass" is null
	at org.spongepowered.asm.mixin.transformer.MixinInfo$SubType$Standard.validate(MixinInfo.java:581) ~[mixin-0.8.5.jar%2365!/:0.8.5+Jenkins-b310.git-155314e6e91465dad727e621a569906a410cd6f4]
	at org.spongepowered.asm.mixin.transformer.MixinInfo$State.validate(MixinInfo.java:327) ~[mixin-0.8.5.jar%2365!/:0.8.5+Jenkins-b310.git-155314e6e91465dad727e621a569906a410cd6f4]
	at org.spongepowered.asm.mixin.transformer.MixinInfo.validate(MixinInfo.java:913) ~[mixin-0.8.5.jar%2365!/:0.8.5+Jenkins-b310.git-155314e6e91465dad727e621a569906a410cd6f4]
	at org.spongepowered.asm.mixin.transformer.MixinConfig.postInitialise(MixinConfig.java:801) ~[mixin-0.8.5.jar%2365!/:0.8.5+Jenkins-b310.git-155314e6e91465dad727e621a569906a410cd6f4]
	at org.spongepowered.asm.mixin.transformer.MixinProcessor.prepareConfigs(MixinProcessor.java:567) ~[mixin-0.8.5.jar%2365!/:0.8.5+Jenkins-b310.git-155314e6e91465dad727e621a569906a410cd6f4]
	at org.spongepowered.asm.mixin.transformer.MixinProcessor.select(MixinProcessor.java:462) ~[mixin-0.8.5.jar%2365!/:0.8.5+Jenkins-b310.git-155314e6e91465dad727e621a569906a410cd6f4]
	at org.spongepowered.asm.mixin.transformer.MixinProcessor.checkSelect(MixinProcessor.java:438) ~[mixin-0.8.5.jar%2365!/:0.8.5+Jenkins-b310.git-155314e6e91465dad727e621a569906a410cd6f4]
	at org.spongepowered.asm.mixin.transformer.MixinProcessor.applyMixins(MixinProcessor.java:290) ~[mixin-0.8.5.jar%2365!/:0.8.5+Jenkins-b310.git-155314e6e91465dad727e621a569906a410cd6f4]
	at org.spongepowered.asm.mixin.transformer.MixinTransformer.transformClass(MixinTransformer.java:250) ~[mixin-0.8.5.jar%2365!/:0.8.5+Jenkins-b310.git-155314e6e91465dad727e621a569906a410cd6f4]
	at org.spongepowered.asm.service.modlauncher.MixinTransformationHandler.processClass(MixinTransformationHandler.java:131) ~[mixin-0.8.5.jar%2365!/:0.8.5+Jenkins-b310.git-155314e6e91465dad727e621a569906a410cd6f4]
	at org.spongepowered.asm.launch.MixinLaunchPluginLegacy.processClass(MixinLaunchPluginLegacy.java:131) ~[mixin-0.8.5.jar%2365!/:0.8.5+Jenkins-b310.git-155314e6e91465dad727e621a569906a410cd6f4]
	at cpw.mods.modlauncher.serviceapi.ILaunchPluginService.processClassWithFlags(ILaunchPluginService.java:156) ~[modlauncher-10.0.9.jar%2355!/:10.0.9+10.0.9+main.dcd20f30]
	at cpw.mods.modlauncher.LaunchPluginHandler.offerClassNodeToPlugins(LaunchPluginHandler.java:88) ~[modlauncher-10.0.9.jar%2355!/:?]
	at cpw.mods.modlauncher.ClassTransformer.transform(ClassTransformer.java:120) ~[modlauncher-10.0.9.jar%2355!/:?]
	at cpw.mods.modlauncher.TransformingClassLoader.maybeTransformClassBytes(TransformingClassLoader.java:50) ~[modlauncher-10.0.9.jar%2355!/:?]
	at cpw.mods.cl.ModuleClassLoader.readerToClass(ModuleClassLoader.java:113) ~[securejarhandler-2.1.10.jar:?]
	at cpw.mods.cl.ModuleClassLoader.lambda$findClass$15(ModuleClassLoader.java:219) ~[securejarhandler-2.1.10.jar:?]
	at cpw.mods.cl.ModuleClassLoader.loadFromModule(ModuleClassLoader.java:229) ~[securejarhandler-2.1.10.jar:?]
	at cpw.mods.cl.ModuleClassLoader.findClass(ModuleClassLoader.java:219) ~[securejarhandler-2.1.10.jar:?]
	at java.lang.ClassLoader.loadClass(ClassLoader.java:637) ~[?:?]
	at java.lang.Class.forName(Class.java:547) ~[?:?]
	at net.minecraftforge.fml.loading.ImmediateWindowHandler$DummyProvider.lambda$updateModuleReads$1(ImmediateWindowHandler.java:164) ~[fmlloader-1.20.1-47.4.22.jar%2369!/:1.0]
	at java.util.Optional.map(Optional.java:260) ~[?:?]
	at net.minecraftforge.fml.loading.ImmediateWindowHandler$DummyProvider.updateModuleReads(ImmediateWindowHandler.java:164) ~[fmlloader-1.20.1-47.4.22.jar%2369!/:1.0]
	at net.minecraftforge.fml.loading.ImmediateWindowHandler.acceptGameLayer(ImmediateWindowHandler.java:89) ~[fmlloader-1.20.1-47.4.22.jar%2369!/:1.0]
	at net.minecraftforge.fml.loading.FMLLoader.beforeStart(FMLLoader.java:216) ~[fmlloader-1.20.1-47.4.22.jar%2369!/:1.0]
	at net.minecraftforge.fml.loading.targets.CommonLaunchHandler.launchService(CommonLaunchHandler.java:92) ~[fmlloader-1.20.1-47.4.22.jar%2369!/:?]
	at cpw.mods.modlauncher.LaunchServiceHandlerDecorator.launch(LaunchServiceHandlerDecorator.java:30) ~[modlauncher-10.0.9.jar%2355!/:?]
	at cpw.mods.modlauncher.LaunchServiceHandler.launch(LaunchServiceHandler.java:53) ~[modlauncher-10.0.9.jar%2355!/:?]
	at cpw.mods.modlauncher.LaunchServiceHandler.launch(LaunchServiceHandler.java:71) ~[modlauncher-10.0.9.jar%2355!/:?]
	at cpw.mods.modlauncher.Launcher.run(Launcher.java:108) ~[modlauncher-10.0.9.jar%2355!/:?]
	at cpw.mods.modlauncher.Launcher.main(Launcher.java:78) ~[modlauncher-10.0.9.jar%2355!/:?]
	at cpw.mods.modlauncher.BootstrapLaunchConsumer.accept(BootstrapLaunchConsumer.java:26) ~[modlauncher-10.0.9.jar%2355!/:?]
	at cpw.mods.modlauncher.BootstrapLaunchConsumer.accept(BootstrapLaunchConsumer.java:23) ~[modlauncher-10.0.9.jar%2355!/:?]
	at cpw.mods.bootstraplauncher.BootstrapLauncher.main(BootstrapLauncher.java:141) ~[bootstraplauncher-1.1.2.jar:?]
[14Aug2026 19:52:36.526] [main/INFO] [MixinExtras|Service/]: Initializing MixinExtras via com.llamalad7.mixinextras.service.MixinExtrasServiceImpl(version=0.5.4).
[14Aug2026 19:52:36.933] [main/INFO] [mixin/]: Mixing server.MixinDedicatedServer from mixins/common/nochatreports.mixins.json into net.minecraft.server.dedicated.DedicatedServer
[14Aug2026 19:52:37.008] [main/INFO] [Smooth Boot (Reloaded)/]: Smooth Boot (Reloaded) config initialized
[14Aug2026 19:52:37.134] [main/WARN] [mixin/]: Static binding violation: PRIVATE @Overwrite method m_216202_ in modernfix-modernfix.mixins.json:perf.tag_id_caching.TagOrElementLocationMixin cannot reduce visibiliy of PUBLIC target method, visibility will be upgraded.
[14Aug2026 19:52:37.342] [main/INFO] [net.minecraft.server.Bootstrap/]: ModernFix reached bootstrap stage (25.90 s after launch)
[14Aug2026 19:52:37.489] [main/WARN] [mixin/]: @Final field delegatesByName:Ljava/util/Map; in modernfix-modernfix.mixins.json:perf.forge_registry_alloc.ForgeRegistryMixin should be final
[14Aug2026 19:52:37.489] [main/WARN] [mixin/]: @Final field delegatesByValue:Ljava/util/Map; in modernfix-modernfix.mixins.json:perf.forge_registry_alloc.ForgeRegistryMixin should be final
[14Aug2026 19:52:37.567] [main/INFO] [net.minecraftforge.coremod.CoreMod.placebo/COREMODLOG]: Patching IForgeItemStack#getEnchantmentLevel
[14Aug2026 19:52:37.568] [main/INFO] [net.minecraftforge.coremod.CoreMod.placebo/COREMODLOG]: Patching IForgeItemStack#getEnchantmentLevel
[14Aug2026 19:52:37.902] [main/INFO] [ModernFix/]: Injecting BlockStateBase cache population hook into getNeighborPathNodeType from me.jellysquid.mods.lithium.mixin.ai.pathing.AbstractBlockStateMixin
[14Aug2026 19:52:37.903] [main/INFO] [ModernFix/]: Injecting BlockStateBase cache population hook into getPathNodeType from me.jellysquid.mods.lithium.mixin.ai.pathing.AbstractBlockStateMixin
[14Aug2026 19:52:37.903] [main/INFO] [ModernFix/]: Injecting BlockStateBase cache population hook into getAllFlags from me.jellysquid.mods.lithium.mixin.util.block_tracking.AbstractBlockStateMixin
[14Aug2026 19:52:40.005] [main/INFO] [net.minecraftforge.coremod.CoreMod.placebo/COREMODLOG]: Patching IForgeItemStack#getEnchantmentLevel
[14Aug2026 19:52:40.006] [main/INFO] [net.minecraftforge.coremod.CoreMod.placebo/COREMODLOG]: Patching IForgeItemStack#getEnchantmentLevel
[14Aug2026 19:52:40.062] [main/INFO] [net.minecraft.server.Bootstrap/]: Vanilla bootstrap took 2706 milliseconds
[14Aug2026 19:52:40.143] [main/INFO] [mixin/]: Mixing common.MixinFriendlyByteBuf from mixins/common/nochatreports.mixins.json into net.minecraft.network.FriendlyByteBuf
[14Aug2026 19:52:40.143] [main/INFO] [mixin/]: Renaming synthetic method lambda$onWriteJsonWithCodec$1(Ljava/lang/Object;Ljava/lang/String;)Lio/netty/handler/codec/EncoderException; to md9dd40d$lambda$onWriteJsonWithCodec$1$0 in mixins/common/nochatreports.mixins.json:common.MixinFriendlyByteBuf
[14Aug2026 19:52:40.143] [main/INFO] [mixin/]: Renaming synthetic method lambda$onReadJsonWithCodec$0(Ljava/lang/String;)Lio/netty/handler/codec/DecoderException; to md9dd40d$lambda$onReadJsonWithCodec$0$1 in mixins/common/nochatreports.mixins.json:common.MixinFriendlyByteBuf
[14Aug2026 19:52:40.171] [main/WARN] [mixin/]: @ModifyConstant conflict. Skipping connectivity.mixins.json:ClientBoundCustomPayloadPacketLMixin->@ModifyConstant::modifyLimit(I)I with priority 1, already redirected by packetfixer.v1_19_4.forge.mixins.json:v1_19_4_forge.ClientboundCustomPayloadPacketMixin->@ModifyConstant::packetfixer$newSize(I)I with priority 1000
[14Aug2026 19:52:40.172] [main/WARN] [mixin/]: @ModifyConstant conflict. Skipping connectivity.mixins.json:ClientBoundCustomPayloadPacketLMixin->@ModifyConstant::modifyLimit(I)I with priority 1, already redirected by packetfixer.v1_19_4.forge.mixins.json:v1_19_4_forge.ClientboundCustomPayloadPacketMixin->@ModifyConstant::packetfixer$newSize(I)I with priority 1000
[14Aug2026 19:52:41.740] [main/WARN] [mixin/]: Method overwrite conflict for scheduleRandomTick in corgilib-common.mixins.json:chunk.MixinChunkAccess, previously written by dev.corgitaco.ohthetreesyoullgrow.mixin.chunk.MixinChunkAccess. Skipping method.
[14Aug2026 19:52:41.740] [main/WARN] [mixin/]: Method overwrite conflict for getScheduledRandomTicks in corgilib-common.mixins.json:chunk.MixinChunkAccess, previously written by dev.corgitaco.ohthetreesyoullgrow.mixin.chunk.MixinChunkAccess. Skipping method.
[14Aug2026 19:52:43.545] [main/INFO] [mixin/]: Mixing server.MixinServerGamePacketListenerImpl from mixins/common/nochatreports.mixins.json into net.minecraft.server.network.ServerGamePacketListenerImpl
[14Aug2026 19:52:43.579] [main/WARN] [mixin/]: @ModifyConstant conflict. Skipping packetfixer.v1_19_4.forge.mixins.json:v1_19_4_forge.ServerGamePacketListenerImplMixin->@ModifyConstant::packetfixer$tick(J)J with priority 1000, already redirected by connectivity.mixins.json:ServerPlayNetHandlerMixin->@ModifyConstant::playTimeout(J)J with priority 1001
[14Aug2026 19:52:44.539] [main/WARN] [mixin/]: Static binding violation: PRIVATE @Overwrite method m_47505_ in modernfix-modernfix.mixins.json:perf.remove_biome_temperature_cache.BiomeMixin cannot reduce visibiliy of PUBLIC target method, visibility will be upgraded.
[14Aug2026 19:52:44.542] [main/WARN] [mixin/]: Method overwrite conflict for m_47505_ in lithium.mixins.json:world.temperature_cache.BiomeMixin, previously written by org.embeddedt.modernfix.common.mixin.perf.remove_biome_temperature_cache.BiomeMixin. Skipping method.
[14Aug2026 19:52:45.082] [main/WARN] [mixinsquared-annotation-adjuster/]: Modified mixin "dev.uncandango.alltheleaks.mixin.core.main.CrashUtilsMixin". Check debug logs for more information.
[14Aug2026 19:52:45.631] [modloading-worker-0/INFO] [MaxHealthFix/]: Loaded maxhealthfix for Forge.
[14Aug2026 19:52:45.759] [modloading-worker-0/INFO] [STDOUT/]: [com.robertx22.anti_mob_cheese.main.CommonInit:<init>:178]: Anti Mob Cheese loaded.
[14Aug2026 19:52:45.822] [modloading-worker-0/INFO] [Exile Log: com.robertx22.library_of_exile.registry.helpers.OrderedModConstructor/]: Mod Constructor Registered : ancient_obelisks
[14Aug2026 19:52:45.982] [modloading-worker-0/INFO] [STDOUT/]: [com.robertx22.ancient_obelisks.main.ObelisksMain:<init>:262]: Ancient Obelisks loaded.
[14Aug2026 19:52:46.023] [modloading-worker-0/INFO] [Puzzles Lib/]: Constructing common components for pickupnotifier:main
[14Aug2026 19:52:46.219] [modloading-worker-0/INFO] [mixin/]: Mixing server.MixinPlayerList from mixins/common/nochatreports.mixins.json into net.minecraft.server.players.PlayerList
[14Aug2026 19:52:46.375] [modloading-worker-0/WARN] [mixin/]: Method overwrite conflict for m_82944_ in suggestionproviderfix.mixins.json:SharedSuggestionProviderMixin, previously written by velizarbg.suggestion_tweaker.mixins.CommandSourceMixin. Skipping method.
[14Aug2026 19:52:46.419] [modloading-worker-0/INFO] [STDOUT/]: [io.ejekta.kambrik.KambrikModForge:<clinit>:22]: Service loaders found: [io.ejekta.kambrik.bridge.KambrikSharedApiForge@54657e1f]
[14Aug2026 19:52:46.453] [modloading-worker-0/INFO] [net.xalcon.torchmaster.Torchmaster/]: MCA Reborn detected, applying compat
[14Aug2026 19:52:46.599] [modloading-worker-0/INFO] [Better Compatibility Checker/]: Better Compatibility Checker starting
[14Aug2026 19:52:46.619] [modloading-worker-0/WARN] [mixin/]: Static binding violation: PRIVATE @Overwrite method m_215924_ in modernfix-modernfix.mixins.json:perf.tag_id_caching.TagEntryMixin cannot reduce visibiliy of PUBLIC target method, visibility will be upgraded.
[14Aug2026 19:52:46.637] [modloading-worker-0/INFO] [net.poe.entityprotector.config.ConfigurationManager/]: Loaded global config - Enabled: false, Excluded entities: 1
[14Aug2026 19:52:46.645] [modloading-worker-0/INFO] [net.poe.entityprotector.EntityProtectorMod/]: Entity Protector Mod initialized with JSON config system and aggro management
[14Aug2026 19:52:47.002] [modloading-worker-0/INFO] [net.poe.entitylootdrops.EntityLootDrops/]: Entity Loot Drops mod initializing...
[14Aug2026 19:52:47.043] [modloading-worker-0/INFO] [net.poe.entitylootdrops.lootdrops.config.LootConfigLoader/]: Starting loot configuration loading...
[14Aug2026 19:52:47.043] [modloading-worker-0/INFO] [net.poe.entitylootdrops.lootdrops.config.LootConfigLoader/]: Creating configuration directories...
[14Aug2026 19:52:47.044] [modloading-worker-0/INFO] [net.poe.entitylootdrops.lootdrops.config.LootConfigLoader/]: Configuration directories created successfully
[14Aug2026 19:52:47.044] [modloading-worker-0/INFO] [net.poe.entitylootdrops.lootdrops.config.LootConfigLoader/]: Checking and creating example files...
[14Aug2026 19:52:47.055] [modloading-worker-0/INFO] [net.poe.entitylootdrops.lootdrops.config.EventConfig/]: Loaded event configuration from: config/EntityLootDrops/EventConfig.json
[14Aug2026 19:52:47.056] [modloading-worker-0/INFO] [net.poe.entitylootdrops.lootdrops.config.LootConfigLoader/]: EventConfig loaded successfully
[14Aug2026 19:52:47.056] [modloading-worker-0/INFO] [net.poe.entitylootdrops.lootdrops.config.LootConfigLoader/]: Active_Events.json created/verified
[14Aug2026 19:52:47.056] [modloading-worker-0/INFO] [net.poe.entitylootdrops.lootdrops.events.LootEventManager/]: Loading active events state from: config/EntityLootDrops/Active_Events.json
[14Aug2026 19:52:47.061] [modloading-worker-0/INFO] [net.poe.entitylootdrops.lootdrops.events.LootEventManager/]: Restored 0 active events from state file
[14Aug2026 19:52:47.061] [modloading-worker-0/INFO] [net.poe.entitylootdrops.lootdrops.events.LootEventManager/]: Restored drop chance event state: false
[14Aug2026 19:52:47.061] [modloading-worker-0/INFO] [net.poe.entitylootdrops.lootdrops.events.LootEventManager/]: Restored double drops event state: false
[14Aug2026 19:52:47.061] [modloading-worker-0/INFO] [net.poe.entitylootdrops.lootdrops.events.LootEventHandler/]: Debug logging disabled for EntityLootDrops
[14Aug2026 19:52:47.062] [modloading-worker-0/INFO] [net.poe.entitylootdrops.lootdrops.events.LootEventManager/]: Restored debug logging state: false
[14Aug2026 19:52:47.063] [modloading-worker-0/INFO] [net.poe.entitylootdrops.lootdrops.config.LootConfigLoader/]: Active events loaded from Active_Events.json
[14Aug2026 19:52:47.063] [modloading-worker-0/INFO] [net.poe.entitylootdrops.lootdrops.config.LootConfigLoader/]: Loading normal drops from: config/EntityLootDrops/Loot Drops/Normal Drops
[14Aug2026 19:52:47.086] [modloading-worker-0/INFO] [net.poe.entitylootdrops.lootdrops.config.LootConfigLoader/]: Loaded 39 general drops for Normal Drops
[14Aug2026 19:52:47.086] [modloading-worker-0/INFO] [net.poe.entitylootdrops.lootdrops.config.LootConfigLoader/]: Looking for Mobs directories in: config/EntityLootDrops/Loot Drops/Normal Drops
[14Aug2026 19:52:47.087] [modloading-worker-0/INFO] [net.poe.entitylootdrops.lootdrops.config.LootConfigLoader/]: Found Mobs directory: config/EntityLootDrops/Loot Drops/Normal Drops/Mobs
[14Aug2026 19:52:47.090] [modloading-worker-0/INFO] [net.poe.entitylootdrops.lootdrops.config.LootConfigLoader/]: Processing entity drops file: config/EntityLootDrops/Loot Drops/Normal Drops/Mobs/aquamirae_anglerfish.json
[14Aug2026 19:52:47.091] [modloading-worker-0/INFO] [net.poe.entitylootdrops.lootdrops.config.LootConfigLoader/]: Loaded entity drop for aquamirae:anglerfish from file: config/EntityLootDrops/Loot Drops/Normal Drops/Mobs/aquamirae_anglerfish.json
[14Aug2026 19:52:47.091] [modloading-worker-0/INFO] [net.poe.entitylootdrops.lootdrops.config.LootConfigLoader/]: Processing entity drops file: config/EntityLootDrops/Loot Drops/Normal Drops/Mobs/Bosses/Shelterer_No_Armor.json
[14Aug2026 19:52:47.092] [modloading-worker-0/INFO] [net.poe.entitylootdrops.lootdrops.config.LootConfigLoader/]: Loaded entity drop for stalwart_dungeons:shelterer_without_armor from file: config/EntityLootDrops/Loot Drops/Normal Drops/Mobs/Bosses/Shelterer_No_Armor.json
[14Aug2026 19:52:47.092] [modloading-worker-0/INFO] [net.poe.entitylootdrops.lootdrops.config.LootConfigLoader/]: Processing entity drops file: config/EntityLootDrops/Loot Drops/Normal Drops/Mobs/Bosses/Abyssologer.json
[14Aug2026 19:52:47.093] [modloading-worker-0/INFO] [net.poe.entitylootdrops.lootdrops.config.LootConfigLoader/]: Loaded entity drop for monsterplus:abyssologer from file: config/EntityLootDrops/Loot Drops/Normal Drops/Mobs/Bosses/Abyssologer.json
[14Aug2026 19:52:47.093] [modloading-worker-0/INFO] [net.poe.entitylootdrops.lootdrops.config.LootConfigLoader/]: Processing entity drops file: config/EntityLootDrops/Loot Drops/Normal Drops/Mobs/Bosses/Nether_Keeper.json
[14Aug2026 19:52:47.093] [modloading-worker-0/INFO] [net.poe.entitylootdrops.lootdrops.config.LootConfigLoader/]: Loaded entity drop for stalwart_dungeons:nether_keeper from file: config/EntityLootDrops/Loot Drops/Normal Drops/Mobs/Bosses/Nether_Keeper.json
[14Aug2026 19:52:47.093] [modloading-worker-0/INFO] [net.poe.entitylootdrops.lootdrops.config.LootConfigLoader/]: Processing entity drops file: config/EntityLootDrops/Loot Drops/Normal Drops/Mobs/Bosses/Grim_Reaper.json
[14Aug2026 19:52:47.095] [modloading-worker-0/INFO] [net.poe.entitylootdrops.lootdrops.config.LootConfigLoader/]: Loaded entity drop for mca:grim_reaper from file: config/EntityLootDrops/Loot Drops/Normal Drops/Mobs/Bosses/Grim_Reaper.json
[14Aug2026 19:52:47.095] [modloading-worker-0/INFO] [net.poe.entitylootdrops.lootdrops.config.LootConfigLoader/]: Processing entity drops file: config/EntityLootDrops/Loot Drops/Normal Drops/Mobs/Bosses/Alchemist.json
[14Aug2026 19:52:47.096] [modloading-worker-0/INFO] [net.poe.entitylootdrops.lootdrops.config.LootConfigLoader/]: Loaded entity drop for blue_skies:alchemist from file: config/EntityLootDrops/Loot Drops/Normal Drops/Mobs/Bosses/Alchemist.json
[14Aug2026 19:52:47.096] [modloading-worker-0/INFO] [net.poe.entitylootdrops.lootdrops.config.LootConfigLoader/]: Loaded entity drop for blue_skies:alchemist from file: config/EntityLootDrops/Loot Drops/Normal Drops/Mobs/Bosses/Alchemist.json
[14Aug2026 19:52:47.096] [modloading-worker-0/INFO] [net.poe.entitylootdrops.lootdrops.config.LootConfigLoader/]: Loaded entity drop for blue_skies:alchemist from file: config/EntityLootDrops/Loot Drops/Normal Drops/Mobs/Bosses/Alchemist.json
[14Aug2026 19:52:47.096] [modloading-worker-0/INFO] [net.poe.entitylootdrops.lootdrops.config.LootConfigLoader/]: Processing entity drops file: config/EntityLootDrops/Loot Drops/Normal Drops/Mobs/Bosses/Wroughtnaut.json
[14Aug2026 19:52:47.098] [modloading-worker-0/INFO] [net.poe.entitylootdrops.lootdrops.config.LootConfigLoader/]: Loaded entity drop for mowziesmobs:ferrous_wroughtnaut from file: config/EntityLootDrops/Loot Drops/Normal Drops/Mobs/Bosses/Wroughtnaut.json
[14Aug2026 19:52:47.098] [modloading-worker-0/INFO] [net.poe.entitylootdrops.lootdrops.config.LootConfigLoader/]: Processing entity drops file: config/EntityLootDrops/Loot Drops/Normal Drops/Mobs/Bosses/Umvuthi.json
[14Aug2026 19:52:47.099] [modloading-worker-0/INFO] [net.poe.entitylootdrops.lootdrops.config.LootConfigLoader/]: Loaded entity drop for mowziesmobs:umvuthi from file: config/EntityLootDrops/Loot Drops/Normal Drops/Mobs/Bosses/Umvuthi.json
[14Aug2026 19:52:47.101] [modloading-worker-0/INFO] [net.poe.entitylootdrops.lootdrops.config.LootConfigLoader/]: Processing entity drops file: config/EntityLootDrops/Loot Drops/Normal Drops/Mobs/Bosses/Obsidilith.json
[14Aug2026 19:52:47.102] [modloading-worker-0/INFO] [net.poe.entitylootdrops.lootdrops.config.LootConfigLoader/]: Loaded entity drop for bosses_of_mass_destruction:obsidilith from file: config/EntityLootDrops/Loot Drops/Normal Drops/Mobs/Bosses/Obsidilith.json
[14Aug2026 19:52:47.102] [modloading-worker-0/INFO] [net.poe.entitylootdrops.lootdrops.config.LootConfigLoader/]: Processing entity drops file: config/EntityLootDrops/Loot Drops/Normal Drops/Mobs/Bosses/Mother_Lava_Squid.json
[14Aug2026 19:52:47.102] [modloading-worker-0/INFO] [net.poe.entitylootdrops.lootdrops.config.LootConfigLoader/]: Loaded entity drop for monsterplus:mother_lava_squid from file: config/EntityLootDrops/Loot Drops/Normal Drops/Mobs/Bosses/Mother_Lava_Squid.json
[14Aug2026 19:52:47.102] [modloading-worker-0/INFO] [net.poe.entitylootdrops.lootdrops.config.LootConfigLoader/]: Processing entity drops file: config/EntityLootDrops/Loot Drops/Normal Drops/Mobs/Bosses/Arachnarch.json
[14Aug2026 19:52:47.103] [modloading-worker-0/INFO] [net.poe.entitylootdrops.lootdrops.config.LootConfigLoader/]: Loaded entity drop for blue_skies:arachnarch from file: config/EntityLootDrops/Loot Drops/Normal Drops/Mobs/Bosses/Arachnarch.json
[14Aug2026 19:52:47.103] [modloading-worker-0/INFO] [net.poe.entitylootdrops.lootdrops.config.LootConfigLoader/]: Loaded entity drop for blue_skies:arachnarch from file: config/EntityLootDrops/Loot Drops/Normal Drops/Mobs/Bosses/Arachnarch.json
[14Aug2026 19:52:47.103] [modloading-worker-0/INFO] [net.poe.entitylootdrops.lootdrops.config.LootConfigLoader/]: Loaded entity drop for blue_skies:arachnarch from file: config/EntityLootDrops/Loot Drops/Normal Drops/Mobs/Bosses/Arachnarch.json
[14Aug2026 19:52:47.103] [modloading-worker-0/INFO] [net.poe.entitylootdrops.lootdrops.config.LootConfigLoader/]: Processing entity drops file: config/EntityLootDrops/Loot Drops/Normal Drops/Mobs/Bosses/Starlit_Crusher.json
[14Aug2026 19:52:47.112] [modloading-worker-0/INFO] [net.poe.entitylootdrops.lootdrops.config.LootConfigLoader/]: Loaded entity drop for blue_skies:starlit_crusher from file: config/EntityLootDrops/Loot Drops/Normal Drops/Mobs/Bosses/Starlit_Crusher.json
[14Aug2026 19:52:47.112] [modloading-worker-0/INFO] [net.poe.entitylootdrops.lootdrops.config.LootConfigLoader/]: Loaded entity drop for blue_skies:starlit_crusher from file: config/EntityLootDrops/Loot Drops/Normal Drops/Mobs/Bosses/Starlit_Crusher.json
[14Aug2026 19:52:47.112] [modloading-worker-0/INFO] [net.poe.entitylootdrops.lootdrops.config.LootConfigLoader/]: Loaded entity drop for blue_skies:starlit_crusher from file: config/EntityLootDrops/Loot Drops/Normal Drops/Mobs/Bosses/Starlit_Crusher.json
[14Aug2026 19:52:47.112] [modloading-worker-0/INFO] [net.poe.entitylootdrops.lootdrops.config.LootConfigLoader/]: Processing entity drops file: config/EntityLootDrops/Loot Drops/Normal Drops/Mobs/Bosses/WildFire.json
[14Aug2026 19:52:47.113] [modloading-worker-0/INFO] [net.poe.entitylootdrops.lootdrops.config.LootConfigLoader/]: Loaded entity drop for friendsandfoes:wildfire from file: config/EntityLootDrops/Loot Drops/Normal Drops/Mobs/Bosses/WildFire.json
[14Aug2026 19:52:47.115] [modloading-worker-0/INFO] [net.poe.entitylootdrops.lootdrops.config.LootConfigLoader/]: Processing entity drops file: config/EntityLootDrops/Loot Drops/Normal Drops/Mobs/Bosses/Captain_Cornelia.json
[14Aug2026 19:52:47.116] [modloading-worker-0/INFO] [net.poe.entitylootdrops.lootdrops.config.LootConfigLoader/]: Loaded entity drop for aquamirae:captain_cornelia from file: config/EntityLootDrops/Loot Drops/Normal Drops/Mobs/Bosses/Captain_Cornelia.json
[14Aug2026 19:52:47.116] [modloading-worker-0/INFO] [net.poe.entitylootdrops.lootdrops.config.LootConfigLoader/]: Processing entity drops file: config/EntityLootDrops/Loot Drops/Normal Drops/Mobs/Bosses/Warden.json
[14Aug2026 19:52:47.119] [modloading-worker-0/INFO] [net.poe.entitylootdrops.lootdrops.config.LootConfigLoader/]: Loaded entity drop for minecraft:warden from file: config/EntityLootDrops/Loot Drops/Normal Drops/Mobs/Bosses/Warden.json
[14Aug2026 19:52:47.119] [modloading-worker-0/INFO] [net.poe.entitylootdrops.lootdrops.config.LootConfigLoader/]: Processing entity drops file: config/EntityLootDrops/Loot Drops/Normal Drops/Mobs/Bosses/Sculptor.json
[14Aug2026 19:52:47.119] [modloading-worker-0/INFO] [net.poe.entitylootdrops.lootdrops.config.LootConfigLoader/]: Loaded entity drop for mowziesmobs:sculptor from file: config/EntityLootDrops/Loot Drops/Normal Drops/Mobs/Bosses/Sculptor.json
[14Aug2026 19:52:47.119] [modloading-worker-0/INFO] [net.poe.entitylootdrops.lootdrops.config.LootConfigLoader/]: Processing entity drops file: config/EntityLootDrops/Loot Drops/Normal Drops/Mobs/Bosses/Warped_Mosco.json
[14Aug2026 19:52:47.120] [modloading-worker-0/INFO] [net.poe.entitylootdrops.lootdrops.config.LootConfigLoader/]: Loaded entity drop for alexsmobs:warped_mosco from file: config/EntityLootDrops/Loot Drops/Normal Drops/Mobs/Bosses/Warped_Mosco.json
[14Aug2026 19:52:47.120] [modloading-worker-0/INFO] [net.poe.entitylootdrops.lootdrops.config.LootConfigLoader/]: Processing entity drops file: config/EntityLootDrops/Loot Drops/Normal Drops/Mobs/Bosses/Void_Blossom.json
[14Aug2026 19:52:47.120] [modloading-worker-0/INFO] [net.poe.entitylootdrops.lootdrops.config.LootConfigLoader/]: Loaded entity drop for bosses_of_mass_destruction:void_blossom from file: config/EntityLootDrops/Loot Drops/Normal Drops/Mobs/Bosses/Void_Blossom.json
[14Aug2026 19:52:47.123] [modloading-worker-0/INFO] [net.poe.entitylootdrops.lootdrops.config.LootConfigLoader/]: Processing entity drops file: config/EntityLootDrops/Loot Drops/Normal Drops/Mobs/Bosses/Shelterer.json
[14Aug2026 19:52:47.123] [modloading-worker-0/INFO] [net.poe.entitylootdrops.lootdrops.config.LootConfigLoader/]: Loaded entity drop for stalwart_dungeons:shelterer from file: config/EntityLootDrops/Loot Drops/Normal Drops/Mobs/Bosses/Shelterer.json
[14Aug2026 19:52:47.126] [modloading-worker-0/INFO] [net.poe.entitylootdrops.lootdrops.config.LootConfigLoader/]: Processing entity drops file: config/EntityLootDrops/Loot Drops/Normal Drops/Mobs/Bosses/Eel.json
[14Aug2026 19:52:47.127] [modloading-worker-0/INFO] [net.poe.entitylootdrops.lootdrops.config.LootConfigLoader/]: Loaded entity drop for aquamirae:eel from file: config/EntityLootDrops/Loot Drops/Normal Drops/Mobs/Bosses/Eel.json
[14Aug2026 19:52:47.127] [modloading-worker-0/INFO] [net.poe.entitylootdrops.lootdrops.config.LootConfigLoader/]: Processing entity drops file: config/EntityLootDrops/Loot Drops/Normal Drops/Mobs/Bosses/Forgotten_Guardian.json
[14Aug2026 19:52:47.127] [modloading-worker-0/INFO] [net.poe.entitylootdrops.lootdrops.config.LootConfigLoader/]: Loaded entity drop for undergarden:forgotten_guardian from file: config/EntityLootDrops/Loot Drops/Normal Drops/Mobs/Bosses/Forgotten_Guardian.json
[14Aug2026 19:52:47.130] [modloading-worker-0/INFO] [net.poe.entitylootdrops.lootdrops.config.LootConfigLoader/]: Processing entity drops file: config/EntityLootDrops/Loot Drops/Normal Drops/Mobs/Bosses/Wither.json
[14Aug2026 19:52:47.131] [modloading-worker-0/INFO] [net.poe.entitylootdrops.lootdrops.config.LootConfigLoader/]: Loaded entity drop for minecraft:wither from file: config/EntityLootDrops/Loot Drops/Normal Drops/Mobs/Bosses/Wither.json
[14Aug2026 19:52:47.131] [modloading-worker-0/INFO] [net.poe.entitylootdrops.lootdrops.config.LootConfigLoader/]: Processing entity drops file: config/EntityLootDrops/Loot Drops/Normal Drops/Mobs/Bosses/Ender_Dragon.json
[14Aug2026 19:52:47.132] [modloading-worker-0/INFO] [net.poe.entitylootdrops.lootdrops.config.LootConfigLoader/]: Loaded entity drop for minecraft:ender_dragon from file: config/EntityLootDrops/Loot Drops/Normal Drops/Mobs/Bosses/Ender_Dragon.json
[14Aug2026 19:52:47.132] [modloading-worker-0/INFO] [net.poe.entitylootdrops.lootdrops.config.LootConfigLoader/]: Processing entity drops file: config/EntityLootDrops/Loot Drops/Normal Drops/Mobs/Bosses/Summoner.json
[14Aug2026 19:52:47.133] [modloading-worker-0/INFO] [net.poe.entitylootdrops.lootdrops.config.LootConfigLoader/]: Loaded entity drop for blue_skies:summoner from file: config/EntityLootDrops/Loot Drops/Normal Drops/Mobs/Bosses/Summoner.json
[14Aug2026 19:52:47.133] [modloading-worker-0/INFO] [net.poe.entitylootdrops.lootdrops.config.LootConfigLoader/]: Loaded entity drop for blue_skies:summoner from file: config/EntityLootDrops/Loot Drops/Normal Drops/Mobs/Bosses/Summoner.json
[14Aug2026 19:52:47.133] [modloading-worker-0/INFO] [net.poe.entitylootdrops.lootdrops.config.LootConfigLoader/]: Loaded entity drop for blue_skies:summoner from file: config/EntityLootDrops/Loot Drops/Normal Drops/Mobs/Bosses/Summoner.json
[14Aug2026 19:52:47.134] [modloading-worker-0/INFO] [net.poe.entitylootdrops.lootdrops.config.LootConfigLoader/]: Processing entity drops file: config/EntityLootDrops/Loot Drops/Normal Drops/Mobs/Bosses/Frostmaw.json
[14Aug2026 19:52:47.137] [modloading-worker-0/INFO] [net.poe.entitylootdrops.lootdrops.config.LootConfigLoader/]: Loaded entity drop for mowziesmobs:frostmaw from file: config/EntityLootDrops/Loot Drops/Normal Drops/Mobs/Bosses/Frostmaw.json
[14Aug2026 19:52:47.137] [modloading-worker-0/INFO] [net.poe.entitylootdrops.lootdrops.config.LootConfigLoader/]: Processing entity drops file: config/EntityLootDrops/Loot Drops/Normal Drops/Mobs/Bosses/Invoker.json
[14Aug2026 19:52:47.137] [modloading-worker-0/INFO] [net.poe.entitylootdrops.lootdrops.config.LootConfigLoader/]: Loaded entity drop for illagerinvasion:invoker from file: config/EntityLootDrops/Loot Drops/Normal Drops/Mobs/Bosses/Invoker.json
[14Aug2026 19:52:47.137] [modloading-worker-0/INFO] [net.poe.entitylootdrops.lootdrops.config.LootConfigLoader/]: Processing entity drops file: config/EntityLootDrops/Loot Drops/Normal Drops/Mobs/Bosses/Lich.json
[14Aug2026 19:52:47.138] [modloading-worker-0/INFO] [net.poe.entitylootdrops.lootdrops.config.LootConfigLoader/]: Loaded entity drop for twilightforest:lich from file: config/EntityLootDrops/Loot Drops/Normal Drops/Mobs/Bosses/Lich.json
[14Aug2026 19:52:47.138] [modloading-worker-0/INFO] [net.poe.entitylootdrops.lootdrops.config.LootConfigLoader/]: Processing entity drops file: config/EntityLootDrops/Loot Drops/Normal Drops/Mobs/Bosses/Nether_Gauntlet.json
[14Aug2026 19:52:47.138] [modloading-worker-0/INFO] [net.poe.entitylootdrops.lootdrops.config.LootConfigLoader/]: Loaded entity drop for bosses_of_mass_destruction:gauntlet from file: config/EntityLootDrops/Loot Drops/Normal Drops/Mobs/Bosses/Nether_Gauntlet.json
[14Aug2026 19:52:47.139] [modloading-worker-0/INFO] [net.poe.entitylootdrops.lootdrops.config.LootConfigLoader/]: Processing entity drops file: config/EntityLootDrops/Loot Drops/Normal Drops/Mobs/Bosses/Maze_Mother.json
[14Aug2026 19:52:47.139] [modloading-worker-0/INFO] [net.poe.entitylootdrops.lootdrops.config.LootConfigLoader/]: Loaded entity drop for aquamirae:maze_mother from file: config/EntityLootDrops/Loot Drops/Normal Drops/Mobs/Bosses/Maze_Mother.json
[14Aug2026 19:52:47.139] [modloading-worker-0/INFO] [net.poe.entitylootdrops.lootdrops.config.LootConfigLoader/]: Processing entity drops file: config/EntityLootDrops/Loot Drops/Normal Drops/Mobs/Bosses/Awful_Ghast.json
[14Aug2026 19:52:47.145] [modloading-worker-0/INFO] [net.poe.entitylootdrops.lootdrops.config.LootConfigLoader/]: Loaded entity drop for stalwart_dungeons:awful_ghast from file: config/EntityLootDrops/Loot Drops/Normal Drops/Mobs/Bosses/Awful_Ghast.json
[14Aug2026 19:52:47.145] [modloading-worker-0/INFO] [net.poe.entitylootdrops.lootdrops.config.LootConfigLoader/]: Processing entity drops file: config/EntityLootDrops/Loot Drops/Normal Drops/Mobs/Bosses/Void_Worm.json
[14Aug2026 19:52:47.146] [modloading-worker-0/INFO] [net.poe.entitylootdrops.lootdrops.config.LootConfigLoader/]: Loaded entity drop for alexsmobs:void_worm from file: config/EntityLootDrops/Loot Drops/Normal Drops/Mobs/Bosses/Void_Worm.json
[14Aug2026 19:52:47.150] [modloading-worker-0/INFO] [net.poe.entitylootdrops.lootdrops.config.LootConfigLoader/]: Total entity drops loaded: 39
[14Aug2026 19:52:47.151] [modloading-worker-0/INFO] [net.poe.entitylootdrops.lootdrops.config.LootConfigLoader/]: Loaded 39 entity drops for Normal Drops
[14Aug2026 19:52:47.151] [modloading-worker-0/INFO] [net.poe.entitylootdrops.lootdrops.config.LootConfigLoader/]: Loading event drops from: config/EntityLootDrops/Loot Drops/Event Drops
[14Aug2026 19:52:47.155] [modloading-worker-0/INFO] [net.poe.entitylootdrops.lootdrops.config.LootConfigLoader/]: Loading event drops for: Summer
[14Aug2026 19:52:47.160] [modloading-worker-0/INFO] [net.poe.entitylootdrops.lootdrops.config.LootConfigLoader/]: Loaded 3 general drops for Summer
[14Aug2026 19:52:47.160] [modloading-worker-0/INFO] [net.poe.entitylootdrops.lootdrops.config.LootConfigLoader/]: Looking for Mobs directories in: config/EntityLootDrops/Loot Drops/Event Drops/Summer
[14Aug2026 19:52:47.161] [modloading-worker-0/INFO] [net.poe.entitylootdrops.lootdrops.config.LootConfigLoader/]: Found Mobs directory: config/EntityLootDrops/Loot Drops/Event Drops/Summer/Mobs
[14Aug2026 19:52:47.161] [modloading-worker-0/INFO] [net.poe.entitylootdrops.lootdrops.config.LootConfigLoader/]: Processing entity drops file: config/EntityLootDrops/Loot Drops/Event Drops/Summer/Mobs/Summer_Mob_Drops_Example.json
[14Aug2026 19:52:47.165] [modloading-worker-0/INFO] [net.poe.entitylootdrops.lootdrops.config.LootConfigLoader/]: Loaded entity drop for minecraft:disabled from file: config/EntityLootDrops/Loot Drops/Event Drops/Summer/Mobs/Summer_Mob_Drops_Example.json
[14Aug2026 19:52:47.165] [modloading-worker-0/INFO] [net.poe.entitylootdrops.lootdrops.config.LootConfigLoader/]: Total entity drops loaded: 1
[14Aug2026 19:52:47.165] [modloading-worker-0/INFO] [net.poe.entitylootdrops.lootdrops.config.LootConfigLoader/]: Loaded 1 entity drops for Summer
[14Aug2026 19:52:47.165] [modloading-worker-0/INFO] [net.poe.entitylootdrops.lootdrops.config.LootConfigLoader/]: Loading event drops for: Winter
[14Aug2026 19:52:47.167] [modloading-worker-0/INFO] [net.poe.entitylootdrops.lootdrops.config.LootConfigLoader/]: Loaded 5 general drops for Winter
[14Aug2026 19:52:47.169] [modloading-worker-0/INFO] [net.poe.entitylootdrops.lootdrops.config.LootConfigLoader/]: Looking for Mobs directories in: config/EntityLootDrops/Loot Drops/Event Drops/Winter
[14Aug2026 19:52:47.169] [modloading-worker-0/INFO] [net.poe.entitylootdrops.lootdrops.config.LootConfigLoader/]: Found Mobs directory: config/EntityLootDrops/Loot Drops/Event Drops/Winter/Mobs
[14Aug2026 19:52:47.169] [modloading-worker-0/INFO] [net.poe.entitylootdrops.lootdrops.config.LootConfigLoader/]: Processing entity drops file: config/EntityLootDrops/Loot Drops/Event Drops/Winter/Mobs/Winter_Mob_Drops_Example.json
[14Aug2026 19:52:47.170] [modloading-worker-0/INFO] [net.poe.entitylootdrops.lootdrops.config.LootConfigLoader/]: Loaded entity drop for minecraft:disabled from file: config/EntityLootDrops/Loot Drops/Event Drops/Winter/Mobs/Winter_Mob_Drops_Example.json
[14Aug2026 19:52:47.170] [modloading-worker-0/INFO] [net.poe.entitylootdrops.lootdrops.config.LootConfigLoader/]: Total entity drops loaded: 1
[14Aug2026 19:52:47.170] [modloading-worker-0/INFO] [net.poe.entitylootdrops.lootdrops.config.LootConfigLoader/]: Loaded 1 entity drops for Winter
[14Aug2026 19:52:47.170] [modloading-worker-0/INFO] [net.poe.entitylootdrops.lootdrops.config.LootConfigLoader/]: Loading event drops for: Halloween
[14Aug2026 19:52:47.173] [modloading-worker-0/INFO] [net.poe.entitylootdrops.lootdrops.config.LootConfigLoader/]: Loaded 5 general drops for Halloween
[14Aug2026 19:52:47.174] [modloading-worker-0/INFO] [net.poe.entitylootdrops.lootdrops.config.LootConfigLoader/]: Looking for Mobs directories in: config/EntityLootDrops/Loot Drops/Event Drops/Halloween
[14Aug2026 19:52:47.174] [modloading-worker-0/INFO] [net.poe.entitylootdrops.lootdrops.config.LootConfigLoader/]: Found Mobs directory: config/EntityLootDrops/Loot Drops/Event Drops/Halloween/Mobs
[14Aug2026 19:52:47.174] [modloading-worker-0/INFO] [net.poe.entitylootdrops.lootdrops.config.LootConfigLoader/]: Processing entity drops file: config/EntityLootDrops/Loot Drops/Event Drops/Halloween/Mobs/Halloween_Mob_Drops_Example.json
[14Aug2026 19:52:47.175] [modloading-worker-0/INFO] [net.poe.entitylootdrops.lootdrops.config.LootConfigLoader/]: Loaded entity drop for minecraft:disabled from file: config/EntityLootDrops/Loot Drops/Event Drops/Halloween/Mobs/Halloween_Mob_Drops_Example.json
[14Aug2026 19:52:47.176] [modloading-worker-0/INFO] [net.poe.entitylootdrops.lootdrops.config.LootConfigLoader/]: Total entity drops loaded: 1
[14Aug2026 19:52:47.176] [modloading-worker-0/INFO] [net.poe.entitylootdrops.lootdrops.config.LootConfigLoader/]: Loaded 1 entity drops for Halloween
[14Aug2026 19:52:47.176] [modloading-worker-0/INFO] [net.poe.entitylootdrops.lootdrops.config.LootConfigLoader/]: Loading event drops for: Easter
[14Aug2026 19:52:47.181] [modloading-worker-0/INFO] [net.poe.entitylootdrops.lootdrops.config.LootConfigLoader/]: Loaded 31 general drops for Easter
[14Aug2026 19:52:47.182] [modloading-worker-0/INFO] [net.poe.entitylootdrops.lootdrops.config.LootConfigLoader/]: Looking for Mobs directories in: config/EntityLootDrops/Loot Drops/Event Drops/Easter
[14Aug2026 19:52:47.182] [modloading-worker-0/INFO] [net.poe.entitylootdrops.lootdrops.config.LootConfigLoader/]: Found Mobs directory: config/EntityLootDrops/Loot Drops/Event Drops/Easter/Mobs
[14Aug2026 19:52:47.182] [modloading-worker-0/INFO] [net.poe.entitylootdrops.lootdrops.config.LootConfigLoader/]: Processing entity drops file: config/EntityLootDrops/Loot Drops/Event Drops/Easter/Mobs/Easter_Mob_Drops_Example.json
[14Aug2026 19:52:47.184] [modloading-worker-0/INFO] [net.poe.entitylootdrops.lootdrops.config.LootConfigLoader/]: Loaded entity drop for minecraft:disabled from file: config/EntityLootDrops/Loot Drops/Event Drops/Easter/Mobs/Easter_Mob_Drops_Example.json
[14Aug2026 19:52:47.184] [modloading-worker-0/INFO] [net.poe.entitylootdrops.lootdrops.config.LootConfigLoader/]: Total entity drops loaded: 1
[14Aug2026 19:52:47.184] [modloading-worker-0/INFO] [net.poe.entitylootdrops.lootdrops.config.LootConfigLoader/]: Loaded 1 entity drops for Easter
[14Aug2026 19:52:47.185] [modloading-worker-0/INFO] [net.poe.entitylootdrops.lootdrops.config.LootConfigLoader/]: Loaded enable message for Winter: Winter event has been enabled!
[14Aug2026 19:52:47.186] [modloading-worker-0/INFO] [net.poe.entitylootdrops.lootdrops.config.LootConfigLoader/]: Loaded enable message for Summer: Summer event has been enabled!
[14Aug2026 19:52:47.186] [modloading-worker-0/INFO] [net.poe.entitylootdrops.lootdrops.config.LootConfigLoader/]: Loaded enable message for Easter: Easter event has been enabled!
[14Aug2026 19:52:47.186] [modloading-worker-0/INFO] [net.poe.entitylootdrops.lootdrops.config.LootConfigLoader/]: Loaded enable message for Halloween: Halloween event has been enabled!
[14Aug2026 19:52:47.186] [modloading-worker-0/INFO] [net.poe.entitylootdrops.lootdrops.config.LootConfigLoader/]: Loaded disable message for Winter: Winter event has been disabled!
[14Aug2026 19:52:47.186] [modloading-worker-0/INFO] [net.poe.entitylootdrops.lootdrops.config.LootConfigLoader/]: Loaded disable message for Summer: Summer event has been disabled!
[14Aug2026 19:52:47.186] [modloading-worker-0/INFO] [net.poe.entitylootdrops.lootdrops.config.LootConfigLoader/]: Loaded disable message for Easter: Easter event has been disabled!
[14Aug2026 19:52:47.187] [modloading-worker-0/INFO] [net.poe.entitylootdrops.lootdrops.config.LootConfigLoader/]: Loaded disable message for Halloween: Halloween event has been disabled!
[14Aug2026 19:52:47.187] [modloading-worker-0/INFO] [net.poe.entitylootdrops.lootdrops.config.LootConfigLoader/]: Loaded drop chance enable message: Drop chance event has been enabled! (Excluding MnS Drops)
[14Aug2026 19:52:47.187] [modloading-worker-0/INFO] [net.poe.entitylootdrops.lootdrops.config.LootConfigLoader/]: Loaded drop chance disable message: Drop chance event has been disabled!
[14Aug2026 19:52:47.187] [modloading-worker-0/INFO] [net.poe.entitylootdrops.lootdrops.config.LootConfigLoader/]: Loaded double drops enable message: Double drops event has been enabled! (Excluding MnS Drops)
[14Aug2026 19:52:47.187] [modloading-worker-0/INFO] [net.poe.entitylootdrops.lootdrops.config.LootConfigLoader/]: Loaded double drops disable message: Double drops event has been disabled!
[14Aug2026 19:52:47.198] [modloading-worker-0/INFO] [net.poe.entitylootdrops.lootdrops.LootConfig/]: Reloaded configuration: 43 entity drop types, 83 hostile drop types, 0 active events
[14Aug2026 19:52:47.202] [modloading-worker-0/INFO] [net.poe.entitylootdrops.ReadmeManager/]: Created all README files
[14Aug2026 19:52:47.202] [modloading-worker-0/INFO] [net.poe.entitylootdrops.EntityLootDrops/]: Created README files
[14Aug2026 19:52:47.202] [modloading-worker-0/INFO] [net.poe.entitylootdrops.EntityLootDrops/]: Initial config load complete
[14Aug2026 19:52:47.203] [modloading-worker-0/INFO] [me.wesley1808.servercore.common.ServerCore/]: [ServerCore] Loaded V1.5.2+1.20.1!
[14Aug2026 19:52:47.246] [modloading-worker-0/INFO] [com.baketsu.mine_and_meals.MineAndMeals/]: Meal Enhancements of MnS Mod initialized!
[14Aug2026 19:52:47.551] [modloading-worker-0/WARN] [mixin/]: Method overwrite conflict for getPools in emi_loot.mixins.json:LootTableMixin, previously written by net.poe.entitylootdrops.mixin.LootTableMixin. Skipping method.
[14Aug2026 19:52:47.701] [modloading-worker-0/INFO] [STDOUT/]: [com.robertx22.auto_repair_kit.main.CommonInit:<init>:61]: Auto Repair Kits loaded.
[14Aug2026 19:52:47.817] [modloading-worker-0/INFO] [insane96mcp.insanelib.InsaneLib/]: Found (COMMON) InsaneLib Feature class insane96mcp.enhancedai.modules.animal.AnimalScaredAttack
[14Aug2026 19:52:47.842] [modloading-worker-0/INFO] [insane96mcp.insanelib.InsaneLib/]: Found (COMMON) InsaneLib Feature class insane96mcp.enhancedai.modules.animal.AnimalsPanic
[14Aug2026 19:52:47.844] [modloading-worker-0/INFO] [insane96mcp.insanelib.InsaneLib/]: Found (COMMON) InsaneLib Feature class insane96mcp.enhancedai.modules.animal.NotTemptedAnimals
[14Aug2026 19:52:47.851] [modloading-worker-0/INFO] [insane96mcp.insanelib.InsaneLib/]: Found (COMMON) InsaneLib Feature class insane96mcp.enhancedai.modules.blaze.BlazeAttack
[14Aug2026 19:52:47.853] [modloading-worker-0/INFO] [insane96mcp.insanelib.InsaneLib/]: Found (COMMON) InsaneLib Feature class insane96mcp.enhancedai.modules.bugs.silverfish.mergewithstone.SilverfishMergeWithStone
[14Aug2026 19:52:47.861] [modloading-worker-0/INFO] [insane96mcp.insanelib.InsaneLib/]: Found (COMMON) InsaneLib Feature class insane96mcp.enhancedai.modules.bugs.silverfish.wakeupfriends.SilverfishWakeUpFriends
[14Aug2026 19:52:47.866] [modloading-worker-0/INFO] [insane96mcp.insanelib.InsaneLib/]: Found (COMMON) InsaneLib Feature class insane96mcp.enhancedai.modules.creeper.DisableFallingSwelling
[14Aug2026 19:52:47.867] [modloading-worker-0/INFO] [insane96mcp.insanelib.InsaneLib/]: Found (COMMON) InsaneLib Feature class insane96mcp.enhancedai.modules.creeper.TNTLike
[14Aug2026 19:52:47.870] [modloading-worker-0/INFO] [insane96mcp.insanelib.InsaneLib/]: Found (COMMON) InsaneLib Feature class insane96mcp.enhancedai.modules.creeper.launch.CreeperLaunch
[14Aug2026 19:52:47.885] [modloading-worker-0/INFO] [insane96mcp.insanelib.InsaneLib/]: Found (COMMON) InsaneLib Feature class insane96mcp.enhancedai.modules.creeper.swell.CreeperSwell
[14Aug2026 19:52:47.910] [modloading-worker-0/INFO] [insane96mcp.insanelib.InsaneLib/]: Found (COMMON) InsaneLib Feature class insane96mcp.enhancedai.modules.drowned.BetterDrownedSwimUp
[14Aug2026 19:52:47.917] [modloading-worker-0/INFO] [insane96mcp.insanelib.InsaneLib/]: Found (COMMON) InsaneLib Feature class insane96mcp.enhancedai.modules.drowned.DrownedAttackDuringDay
[14Aug2026 19:52:47.917] [modloading-worker-0/INFO] [insane96mcp.insanelib.InsaneLib/]: Found (COMMON) InsaneLib Feature class insane96mcp.enhancedai.modules.drowned.SunResistantDrowned
[14Aug2026 19:52:47.919] [modloading-worker-0/INFO] [insane96mcp.insanelib.InsaneLib/]: Found (COMMON) InsaneLib Feature class insane96mcp.enhancedai.modules.drowned.drowningtargets.DrowningTargets
[14Aug2026 19:52:47.928] [modloading-worker-0/INFO] [insane96mcp.insanelib.InsaneLib/]: Found (COMMON) InsaneLib Feature class insane96mcp.enhancedai.modules.ghast.GhastShooting
[14Aug2026 19:52:47.936] [modloading-worker-0/INFO] [insane96mcp.insanelib.InsaneLib/]: Found (COMMON) InsaneLib Feature class insane96mcp.enhancedai.modules.illager.RavagerFeature
[14Aug2026 19:52:47.939] [modloading-worker-0/INFO] [insane96mcp.insanelib.InsaneLib/]: Found (COMMON) InsaneLib Feature class insane96mcp.enhancedai.modules.illager.shoot.PillagerShoot
[14Aug2026 19:52:47.946] [modloading-worker-0/INFO] [insane96mcp.insanelib.InsaneLib/]: Found (COMMON) InsaneLib Feature class insane96mcp.enhancedai.modules.mobs.AirSteal
[14Aug2026 19:52:47.955] [modloading-worker-0/INFO] [insane96mcp.insanelib.InsaneLib/]: Found (COMMON) InsaneLib Feature class insane96mcp.enhancedai.modules.mobs.BitingMobs
[14Aug2026 19:52:47.956] [modloading-worker-0/INFO] [insane96mcp.insanelib.InsaneLib/]: Found (COMMON) InsaneLib Feature class insane96mcp.enhancedai.modules.mobs.FireImmuneTicks
[14Aug2026 19:52:47.958] [modloading-worker-0/INFO] [insane96mcp.insanelib.InsaneLib/]: Found (COMMON) InsaneLib Feature class insane96mcp.enhancedai.modules.mobs.FleeTarget
[14Aug2026 19:52:47.969] [modloading-worker-0/INFO] [insane96mcp.insanelib.InsaneLib/]: Found (COMMON) InsaneLib Feature class insane96mcp.enhancedai.modules.mobs.ItemDisruption
[14Aug2026 19:52:47.974] [modloading-worker-0/INFO] [insane96mcp.insanelib.InsaneLib/]: Found (COMMON) InsaneLib Feature class insane96mcp.enhancedai.modules.mobs.Jump
[14Aug2026 19:52:47.977] [modloading-worker-0/INFO] [insane96mcp.insanelib.InsaneLib/]: Found (COMMON) InsaneLib Feature class insane96mcp.enhancedai.modules.mobs.Leaders
[14Aug2026 19:52:47.983] [modloading-worker-0/INFO] [insane96mcp.insanelib.InsaneLib/]: Found (COMMON) InsaneLib Feature class insane96mcp.enhancedai.modules.mobs.MPRDataPack
[14Aug2026 19:52:47.991] [modloading-worker-0/INFO] [insane96mcp.insanelib.InsaneLib/]: Found (COMMON) InsaneLib Feature class insane96mcp.enhancedai.modules.mobs.MeleeAttacking
[14Aug2026 19:52:47.996] [modloading-worker-0/INFO] [insane96mcp.insanelib.InsaneLib/]: Found (COMMON) InsaneLib Feature class insane96mcp.enhancedai.modules.mobs.OpenDoors
[14Aug2026 19:52:47.997] [modloading-worker-0/INFO] [insane96mcp.insanelib.InsaneLib/]: Found (COMMON) InsaneLib Feature class insane96mcp.enhancedai.modules.mobs.Panic
[14Aug2026 19:52:48.000] [modloading-worker-0/INFO] [insane96mcp.insanelib.InsaneLib/]: Found (COMMON) InsaneLib Feature class insane96mcp.enhancedai.modules.mobs.Pathfinding
[14Aug2026 19:52:48.001] [modloading-worker-0/INFO] [insane96mcp.insanelib.InsaneLib/]: Found (COMMON) InsaneLib Feature class insane96mcp.enhancedai.modules.mobs.PushResistance
[14Aug2026 19:52:48.001] [modloading-worker-0/INFO] [insane96mcp.insanelib.InsaneLib/]: Found (COMMON) InsaneLib Feature class insane96mcp.enhancedai.modules.mobs.RandomStroll
[14Aug2026 19:52:48.006] [modloading-worker-0/INFO] [insane96mcp.insanelib.InsaneLib/]: Found (COMMON) InsaneLib Feature class insane96mcp.enhancedai.modules.mobs.Shielding
[14Aug2026 19:52:48.027] [modloading-worker-0/INFO] [insane96mcp.insanelib.InsaneLib/]: Found (COMMON) InsaneLib Feature class insane96mcp.enhancedai.modules.mobs.Spawning
[14Aug2026 19:52:48.028] [modloading-worker-0/INFO] [insane96mcp.insanelib.InsaneLib/]: Found (COMMON) InsaneLib Feature class insane96mcp.enhancedai.modules.mobs.Swimmers
[14Aug2026 19:52:48.031] [modloading-worker-0/INFO] [insane96mcp.insanelib.InsaneLib/]: Found (COMMON) InsaneLib Feature class insane96mcp.enhancedai.modules.mobs.anticheese.VehicleAntiCheese
[14Aug2026 19:52:48.036] [modloading-worker-0/INFO] [insane96mcp.insanelib.InsaneLib/]: Found (COMMON) InsaneLib Feature class insane96mcp.enhancedai.modules.mobs.avoidexplosion.AvoidExplosions
[14Aug2026 19:52:48.038] [modloading-worker-0/INFO] [insane96mcp.insanelib.InsaneLib/]: Found (COMMON) InsaneLib Feature class insane96mcp.enhancedai.modules.mobs.blindnessaffected.ActualBlindness
[14Aug2026 19:52:48.044] [modloading-worker-0/INFO] [insane96mcp.insanelib.InsaneLib/]: Found (COMMON) InsaneLib Feature class insane96mcp.enhancedai.modules.mobs.breakanger.BreakAnger
[14Aug2026 19:52:48.051] [modloading-worker-0/INFO] [insane96mcp.insanelib.InsaneLib/]: Found (COMMON) InsaneLib Feature class insane96mcp.enhancedai.modules.mobs.climbing.Climbing
[14Aug2026 19:52:48.056] [modloading-worker-0/INFO] [insane96mcp.insanelib.InsaneLib/]: Found (COMMON) InsaneLib Feature class insane96mcp.enhancedai.modules.mobs.fallingshockwave.FallingShockwave
[14Aug2026 19:52:48.062] [modloading-worker-0/INFO] [insane96mcp.insanelib.InsaneLib/]: Found (COMMON) InsaneLib Feature class insane96mcp.enhancedai.modules.mobs.fisher.FisherMobs
[14Aug2026 19:52:48.064] [modloading-worker-0/INFO] [insane96mcp.insanelib.InsaneLib/]: Found (COMMON) InsaneLib Feature class insane96mcp.enhancedai.modules.mobs.miner.MinerMobs
[14Aug2026 19:52:48.079] [modloading-worker-0/INFO] [insane96mcp.insanelib.InsaneLib/]: Found (COMMON) InsaneLib Feature class insane96mcp.enhancedai.modules.mobs.parkour.Parkour
[14Aug2026 19:52:48.081] [modloading-worker-0/INFO] [insane96mcp.insanelib.InsaneLib/]: Found (COMMON) InsaneLib Feature class insane96mcp.enhancedai.modules.mobs.pearler.PearlerMobs
[14Aug2026 19:52:48.086] [modloading-worker-0/INFO] [insane96mcp.insanelib.InsaneLib/]: Found (COMMON) InsaneLib Feature class insane96mcp.enhancedai.modules.mobs.pickandthrow.PickUpAndThrow
[14Aug2026 19:52:48.099] [modloading-worker-0/INFO] [insane96mcp.insanelib.InsaneLib/]: Found (COMMON) InsaneLib Feature class insane96mcp.enhancedai.modules.mobs.riding.Riding
[14Aug2026 19:52:48.105] [modloading-worker-0/INFO] [insane96mcp.insanelib.InsaneLib/]: Found (COMMON) InsaneLib Feature class insane96mcp.enhancedai.modules.mobs.sprint.Sprint
[14Aug2026 19:52:48.107] [modloading-worker-0/INFO] [Puzzles Lib/]: Constructing common components for betteranimationscollection:main
[14Aug2026 19:52:48.119] [modloading-worker-0/INFO] [insane96mcp.insanelib.InsaneLib/]: Found (COMMON) InsaneLib Feature class insane96mcp.enhancedai.modules.mobs.targeting.Targeting
[14Aug2026 19:52:48.128] [modloading-worker-0/INFO] [insane96mcp.insanelib.InsaneLib/]: Found (COMMON) InsaneLib Feature class insane96mcp.enhancedai.modules.mobs.teleportanticheese.TeleportAntiCheese
[14Aug2026 19:52:48.139] [modloading-worker-0/INFO] [insane96mcp.insanelib.InsaneLib/]: Found (COMMON) InsaneLib Feature class insane96mcp.enhancedai.modules.mobs.teleporttotarget.TeleportToTarget
[14Aug2026 19:52:48.149] [modloading-worker-0/INFO] [insane96mcp.insanelib.InsaneLib/]: Found (COMMON) InsaneLib Feature class insane96mcp.enhancedai.modules.mobs.webber.ThrowingWeb
[14Aug2026 19:52:48.157] [modloading-worker-0/INFO] [insane96mcp.insanelib.InsaneLib/]: Found (COMMON) InsaneLib Feature class insane96mcp.enhancedai.modules.shulker.ShulkerArmor
[14Aug2026 19:52:48.158] [modloading-worker-0/INFO] [insane96mcp.insanelib.InsaneLib/]: Found (COMMON) InsaneLib Feature class insane96mcp.enhancedai.modules.shulker.ShulkerBullets
[14Aug2026 19:52:48.159] [modloading-worker-0/INFO] [insane96mcp.insanelib.InsaneLib/]: Found (COMMON) InsaneLib Feature class insane96mcp.enhancedai.modules.shulker.shulkerattack.ShulkerAttack
[14Aug2026 19:52:48.175] [modloading-worker-0/INFO] [insane96mcp.insanelib.InsaneLib/]: Found (COMMON) InsaneLib Feature class insane96mcp.enhancedai.modules.skeleton.SkeletonFleeTarget
[14Aug2026 19:52:48.176] [modloading-worker-0/INFO] [insane96mcp.insanelib.InsaneLib/]: Found (COMMON) InsaneLib Feature class insane96mcp.enhancedai.modules.skeleton.WitherSkeletons
[14Aug2026 19:52:48.180] [modloading-worker-0/INFO] [insane96mcp.insanelib.InsaneLib/]: Found (COMMON) InsaneLib Feature class insane96mcp.enhancedai.modules.skeleton.shoot.SkeletonShoot
[14Aug2026 19:52:48.184] [modloading-worker-0/INFO] [insane96mcp.insanelib.InsaneLib/]: Found (COMMON) InsaneLib Feature class insane96mcp.enhancedai.modules.slime.MagmaCubeSurfSpeed
[14Aug2026 19:52:48.184] [modloading-worker-0/INFO] [insane96mcp.insanelib.InsaneLib/]: Found (COMMON) InsaneLib Feature class insane96mcp.enhancedai.modules.slime.SlimeAttackFix
[14Aug2026 19:52:48.191] [modloading-worker-0/INFO] [insane96mcp.insanelib.InsaneLib/]: Found (COMMON) InsaneLib Feature class insane96mcp.enhancedai.modules.slime.SlimeJumpDelay
[14Aug2026 19:52:48.192] [modloading-worker-0/INFO] [insane96mcp.insanelib.InsaneLib/]: Found (COMMON) InsaneLib Feature class insane96mcp.enhancedai.modules.slime.SlimeSize
[14Aug2026 19:52:48.193] [modloading-worker-0/INFO] [insane96mcp.insanelib.InsaneLib/]: Found (COMMON) InsaneLib Feature class insane96mcp.enhancedai.modules.snowgolem.SnowGolemsDamagingSnowballs
[14Aug2026 19:52:48.202] [modloading-worker-0/INFO] [insane96mcp.insanelib.InsaneLib/]: Found (COMMON) InsaneLib Feature class insane96mcp.enhancedai.modules.snowgolem.SnowGolemsFreezingSnowballs
[14Aug2026 19:52:48.203] [modloading-worker-0/INFO] [insane96mcp.insanelib.InsaneLib/]: Found (COMMON) InsaneLib Feature class insane96mcp.enhancedai.modules.snowgolem.SnowGolemsHealedBySnowballs
[14Aug2026 19:52:48.215] [modloading-worker-0/INFO] [insane96mcp.insanelib.InsaneLib/]: Found (COMMON) InsaneLib Feature class insane96mcp.enhancedai.modules.snowgolem.SnowballsInvulnerabilityFrames
[14Aug2026 19:52:48.216] [modloading-worker-0/INFO] [insane96mcp.insanelib.InsaneLib/]: Found (COMMON) InsaneLib Feature class insane96mcp.enhancedai.modules.spider.StuckFix
[14Aug2026 19:52:48.217] [modloading-worker-0/INFO] [insane96mcp.insanelib.InsaneLib/]: Found (COMMON) InsaneLib Feature class insane96mcp.enhancedai.modules.villager.VillagerAlertProtectors
[14Aug2026 19:52:48.218] [modloading-worker-0/INFO] [insane96mcp.insanelib.InsaneLib/]: Found (COMMON) InsaneLib Feature class insane96mcp.enhancedai.modules.villager.VillagerAttacking
[14Aug2026 19:52:48.223] [modloading-worker-0/INFO] [insane96mcp.insanelib.InsaneLib/]: Found (COMMON) InsaneLib Feature class insane96mcp.enhancedai.modules.warden.WardenDarknessRange
[14Aug2026 19:52:48.224] [modloading-worker-0/INFO] [insane96mcp.insanelib.InsaneLib/]: Found (COMMON) InsaneLib Feature class insane96mcp.enhancedai.modules.warden.WardenListenRange
[14Aug2026 19:52:48.228] [modloading-worker-0/INFO] [insane96mcp.insanelib.InsaneLib/]: Found (COMMON) InsaneLib Feature class insane96mcp.enhancedai.modules.warden.WardenSonicBoomRange
[14Aug2026 19:52:48.229] [modloading-worker-0/INFO] [insane96mcp.insanelib.InsaneLib/]: Found (COMMON) InsaneLib Feature class insane96mcp.enhancedai.modules.witch.ThirstyWitches
[14Aug2026 19:52:48.242] [modloading-worker-0/INFO] [insane96mcp.insanelib.InsaneLib/]: Found (COMMON) InsaneLib Feature class insane96mcp.enhancedai.modules.witch.alliedmonsters.AlliedMonsters
[14Aug2026 19:52:48.246] [modloading-worker-0/INFO] [insane96mcp.insanelib.InsaneLib/]: Found (COMMON) InsaneLib Feature class insane96mcp.enhancedai.modules.witch.darkart.DarkArt
[14Aug2026 19:52:48.252] [modloading-worker-0/INFO] [insane96mcp.insanelib.InsaneLib/]: Found (COMMON) InsaneLib Feature class insane96mcp.enhancedai.modules.witch.throwing.WitchPotionThrowing
[14Aug2026 19:52:48.393] [modloading-worker-0/INFO] [Puzzles Lib/]: Constructing common components for mutantmonsters:main
[14Aug2026 19:52:48.636] [modloading-worker-0/INFO] [Exile Log: com.robertx22.library_of_exile.registry.helpers.OrderedModConstructor/]: Mod Constructor Registered : mmorpg
[14Aug2026 19:52:48.664] [modloading-worker-0/INFO] [net.poe.acu.Acu/]: Arrow Cleanup Mod initialized!
[14Aug2026 19:52:48.781] [modloading-worker-0/INFO] [Exile Log: com.robertx22.library_of_exile.registry.helpers.OrderedModConstructor/]: Mod Constructor Registered : dungeon_realm
[14Aug2026 19:52:49.181] [modloading-worker-0/INFO] [dungeon_realm/]: Dungeon Realm loaded.
[14Aug2026 19:52:49.229] [modloading-worker-0/INFO] [net.blay09.mods.balm.forge.config.ForgeBalmConfig/]: Registering config for farmingforblockheads:common (COMMON) with 8 properties.
[14Aug2026 19:52:49.565] [modloading-worker-0/INFO] [net.minecraftforge.common.ForgeMod/FORGEMOD]: Forge mod loading, version 47.4.22, for MC 1.20.1 with MCP 20230612.114412
[14Aug2026 19:52:49.565] [modloading-worker-0/INFO] [net.minecraftforge.common.MinecraftForge/FORGE]: MinecraftForge v47.4.22 Initialized
[14Aug2026 19:52:49.628] [modloading-worker-0/INFO] [snownee.kiwi.Kiwi/INIT]: Processing 6 KiwiModule annotations
[14Aug2026 19:52:49.699] [modloading-worker-0/INFO] [roe.weapons.RoeWeaponsMod/]: Registering RoeWeapons configuration
[14Aug2026 19:52:49.708] [modloading-worker-0/INFO] [roe.weapons.RoeWeaponsMod/]: RoeWeapons configuration registered
[14Aug2026 19:52:50.104] [modloading-worker-0/INFO] [STDOUT/]: [yalter.mousetweaks.Logger:Log:6]: [Mouse Tweaks] Disabled because not running on the client.
[14Aug2026 19:52:50.217] [modloading-worker-0/INFO] [NoChatReports/]: KONNICHIWA ZA WARUDO!
[14Aug2026 19:52:50.219] [modloading-worker-0/INFO] [NoChatReports/]: Default JVM text encoding is: UTF-8
[14Aug2026 19:52:50.223] [modloading-worker-0/INFO] [NoChatReports/]: Reading config file NoChatReports/NCR-Common.json...
[14Aug2026 19:52:50.227] [modloading-worker-0/INFO] [NoChatReports/]: Writing config file NoChatReports/NCR-Common.json...
[14Aug2026 19:52:50.401] [modloading-worker-0/INFO] [thedarkcolour.kotlinforforge.test.KotlinForForge/]: Kotlin For Forge Enabled!
[14Aug2026 19:52:50.511] [modloading-worker-0/INFO] [net.liopyu.entityjs.common.EntityJSMod/]: Loading EntityJS-Liopyu
[14Aug2026 19:52:50.553] [modloading-worker-0/INFO] [KubeJS/]: Loaded common.properties
[14Aug2026 19:52:50.556] [modloading-worker-0/INFO] [KubeJS/]: Loaded dev.properties
[14Aug2026 19:52:50.651] [modloading-worker-0/INFO] [xaero.common.HudMod/]: Registering common data for channel xaerominimap:main!
[14Aug2026 19:52:50.653] [modloading-worker-0/INFO] [Exile Log: com.robertx22.library_of_exile.registry.helpers.OrderedModConstructor/]: Mod Constructor Registered : library_of_exile
[14Aug2026 19:52:50.740] [modloading-worker-0/INFO] [xaero.common.HudMod/]: Loading primary common config for channel xaerominimap:main!
[14Aug2026 19:52:50.746] [modloading-worker-0/INFO] [xaero.common.HudMod/]: Loading server config profiles for channel xaerominimap:main!
[14Aug2026 19:52:50.779] [modloading-worker-0/INFO] [showcaseitem/]: Loading config: /workspaces/servidor1/servidor_minecraft/config/showcaseitem-common.toml
[14Aug2026 19:52:50.779] [modloading-worker-0/INFO] [showcaseitem/]: Built config: /workspaces/servidor1/servidor_minecraft/config/showcaseitem-common.toml
[14Aug2026 19:52:50.780] [modloading-worker-0/INFO] [showcaseitem/]: Loaded config: /workspaces/servidor1/servidor_minecraft/config/showcaseitem-common.toml
[14Aug2026 19:52:50.839] [modloading-worker-0/INFO] [Puzzles Lib/]: Constructing common components for puzzleslib:main
[14Aug2026 19:52:50.910] [modloading-worker-0/INFO] [Friendly Fire/]: Loaded config file.
[14Aug2026 19:52:50.920] [modloading-worker-0/INFO] [Friendly Fire/]: Saved config file.
[14Aug2026 19:52:51.125] [modloading-worker-0/INFO] [ModernFix/]: Bypassed Mojang DFU
[14Aug2026 19:52:51.125] [modloading-worker-0/INFO] [ModernFix/]: Instantiating Mojang DFU
[14Aug2026 19:52:51.136] [Modding Legacy/blue_skies/Supporters thread/INFO] [ModdingLegacy/blue_skies/Supporter/]: Attempting to load the Modding Legacy supporters list from https://moddinglegacy.com/supporters-changelogs/supporters.txt
[14Aug2026 19:52:51.231] [modloading-worker-0/INFO] [Exile Log: com.robertx22.library_of_exile.registry.helpers.OrderedModConstructor/]: Mod Constructor Registered : the_harvest
[14Aug2026 19:52:51.249] [modloading-worker-0/INFO] [STDOUT/]: [com.robertx22.the_harvest.main.HarvestMain:<init>:253]: The Harvest loaded.
[14Aug2026 19:52:51.461] [modloading-worker-0/INFO] [Puzzles Lib/]: Constructing common components for illagerinvasion:main
[14Aug2026 19:52:51.612] [modloading-worker-0/INFO] [insane96mcp.insanelib.InsaneLib/]: Found (COMMON) InsaneLib Feature class insane96mcp.insanelib.module.base.FixesFeature
[14Aug2026 19:52:51.618] [modloading-worker-0/INFO] [insane96mcp.insanelib.InsaneLib/]: Found (COMMON) InsaneLib Feature class insane96mcp.insanelib.module.base.TagsFeature
[14Aug2026 19:52:51.620] [modloading-worker-0/INFO] [insane96mcp.insanelib.InsaneLib/]: Found (COMMON) InsaneLib Feature class insane96mcp.insanelib.module.base.TimeStopNoPlayerOnline
[14Aug2026 19:52:51.647] [modloading-worker-0/INFO] [insane96mcp.insanelib.InsaneLib/]: Found (COMMON) InsaneLib Feature class insane96mcp.insanelib.module.base.betterfallingblocks.BetterFallingBlocks
[14Aug2026 19:52:51.670] [modloading-worker-0/INFO] [BowInfinityFix/]: Fix Registered!
[14Aug2026 19:52:51.688] [Modding Legacy/blue_skies/Supporters thread/INFO] [ModdingLegacy/blue_skies/Supporter/]: Successfully loaded the Modding Legacy supporters list.
[14Aug2026 19:52:51.704] [modloading-worker-0/INFO] [xaero.map.WorldMap/]: Registering common data for channel xaeroworldmap:main!
[14Aug2026 19:52:51.717] [modloading-worker-0/INFO] [xaero.map.WorldMap/]: Loading primary common config for channel xaeroworldmap:main!
[14Aug2026 19:52:51.721] [modloading-worker-0/INFO] [xaero.map.WorldMap/]: Loading server config profiles for channel xaeroworldmap:main!
[14Aug2026 19:52:51.745] [modloading-worker-0/INFO] [STDOUT/]: [com.robertx22.temporary_spawners.main.CommonInit:<init>:23]: Temporary Spawners loaded.
[14Aug2026 19:52:51.887] [modloading-worker-0/INFO] [Advanced Team/]: Teams forge mod init!
[14Aug2026 19:52:51.901] [modloading-worker-0/INFO] [Advanced Team/]: Detected Mine And Slash, enable MineAndSlashCompatModule!
[14Aug2026 19:52:52.184] [modloading-worker-0/INFO] [Bookshelf/]: Fixing MC-151457. Crafting remainder for minecraft:pufferfish_bucket is now minecraft:bucket.
[14Aug2026 19:52:52.184] [modloading-worker-0/INFO] [Bookshelf/]: Fixing MC-151457. Crafting remainder for minecraft:salmon_bucket is now minecraft:bucket.
[14Aug2026 19:52:52.184] [modloading-worker-0/INFO] [Bookshelf/]: Fixing MC-151457. Crafting remainder for minecraft:cod_bucket is now minecraft:bucket.
[14Aug2026 19:52:52.184] [modloading-worker-0/INFO] [Bookshelf/]: Fixing MC-151457. Crafting remainder for minecraft:tropical_fish_bucket is now minecraft:bucket.
[14Aug2026 19:52:52.184] [modloading-worker-0/INFO] [Bookshelf/]: Fixing MC-151457. Crafting remainder for minecraft:axolotl_bucket is now minecraft:bucket.
[14Aug2026 19:52:52.184] [modloading-worker-0/INFO] [Bookshelf/]: Fixing MC-151457. Crafting remainder for minecraft:powder_snow_bucket is now minecraft:bucket.
[14Aug2026 19:52:52.184] [modloading-worker-0/INFO] [Bookshelf/]: Fixing MC-151457. Crafting remainder for minecraft:tadpole_bucket is now minecraft:bucket.
[14Aug2026 19:52:52.208] [modloading-worker-0/WARN] [info.u_team.u_team_core.util.verify.JarSignVerifier/]: ---------------------------------------------------------------------------------
[14Aug2026 19:52:52.209] [modloading-worker-0/WARN] [info.u_team.u_team_core.util.verify.JarSignVerifier/]: Mod uteamcore is not signed with a valid certificate but should be signed.
[14Aug2026 19:52:52.210] [modloading-worker-0/WARN] [info.u_team.u_team_core.util.verify.JarSignVerifier/]: Please download the mod only from trusted sources such as curseforge.com!
[14Aug2026 19:52:52.210] [modloading-worker-0/WARN] [info.u_team.u_team_core.util.verify.JarSignVerifier/]: ---------------------------------------------------------------------------------
[14Aug2026 19:52:52.571] [modloading-worker-0/INFO] [STDOUT/]: [com.mactso.experiencebugfix.Main:<init>:12]: experiencebugfix: Registering Mod.
[14Aug2026 19:52:52.714] [modloading-worker-0/INFO] [net.mahjerion.mns_extras.config.ProfessionShopConfig/]: Loaded profession shop config with 5 profession categories
[14Aug2026 19:52:52.818] [modloading-worker-0/INFO] [fzzy_config/]: Loaded config teams:mine_and_slash_server_config in 747ms
[14Aug2026 19:52:52.921] [modloading-worker-0/INFO] [fzzy_config/]: Loaded config teams:mine_and_slash_client_config in 18ms
[14Aug2026 19:52:52.978] [modloading-worker-0/INFO] [fzzy_config/]: Loaded config :emi_loot_config in 388ms
[14Aug2026 19:52:53.160] [modloading-worker-0/INFO] [fzzy_config/]: Loaded config teams:client_config in 183ms
[14Aug2026 19:52:53.168] [modloading-worker-0/INFO] [fzzy_config/]: Loaded config teams:server_config in 7ms
[14Aug2026 19:52:53.637] [modloading-worker-0/INFO] [Collective/]: Loading Collective version 8.39.
[14Aug2026 19:52:53.777] [modloading-worker-0/INFO] [fonnymunkey.simplehats.SimpleHats/]: Loaded 238 hat entries from simplehats.json
[14Aug2026 19:52:53.871] [modloading-worker-0/INFO] [dev.architectury.networking.forge.NetworkManagerImpl/]: Registering C2S receiver with id architectury:sync_ids
[14Aug2026 19:52:53.873] [modloading-worker-0/INFO] [dev.architectury.networking.forge.NetworkManagerImpl/]: Registering C2S receiver with id ftbultimine:key_pressed
[14Aug2026 19:52:53.875] [modloading-worker-0/INFO] [dev.architectury.networking.forge.NetworkManagerImpl/]: Registering C2S receiver with id ftbultimine:mode_changed
[14Aug2026 19:52:53.877] [modloading-worker-0/INFO] [dev.architectury.networking.forge.NetworkManagerImpl/]: Registering C2S receiver with id ftbultimine:sync_config_to_server
[14Aug2026 19:52:54.000] [modloading-worker-0/INFO] [JamLib/]: Initializing JamLib on Forge
[14Aug2026 19:52:54.001] [modloading-worker-0/INFO] [dev.architectury.networking.forge.NetworkManagerImpl/]: Registering C2S receiver with id ftblibrary:edit_nbt_response
[14Aug2026 19:52:54.040] [modloading-worker-0/INFO] [dev.architectury.networking.forge.NetworkManagerImpl/]: Registering C2S receiver with id ftbteams:open_gui
[14Aug2026 19:52:54.041] [modloading-worker-0/INFO] [dev.architectury.networking.forge.NetworkManagerImpl/]: Registering C2S receiver with id ftbteams:update_settings
[14Aug2026 19:52:54.046] [modloading-worker-0/INFO] [dev.architectury.networking.forge.NetworkManagerImpl/]: Registering C2S receiver with id ftbteams:send_message
[14Aug2026 19:52:54.047] [modloading-worker-0/INFO] [dev.architectury.networking.forge.NetworkManagerImpl/]: Registering C2S receiver with id ftbteams:create_party
[14Aug2026 19:52:54.051] [modloading-worker-0/INFO] [dev.architectury.networking.forge.NetworkManagerImpl/]: Registering C2S receiver with id ftbteams:player_gui_operation
[14Aug2026 19:52:54.091] [modloading-worker-0/INFO] [com.cupboard.Cupboard/]: Loaded config for: cupboard.json
[14Aug2026 19:52:54.102] [modloading-worker-0/INFO] [JamLib/]: Updated config file at /workspaces/servidor1/servidor_minecraft/config/rightclickharvest.json5
[14Aug2026 19:52:54.104] [modloading-worker-0/INFO] [Right Click Harvest/]: Initializing Right Click Harvest on FORGE
[14Aug2026 19:52:54.181] [modloading-worker-0/INFO] [net.blay09.mods.balm.forge.config.ForgeBalmConfig/]: Registering config for inventoryessentials:common (COMMON) with 10 properties.
[14Aug2026 19:52:54.336] [modloading-worker-0/INFO] [KubeJS/]: Looking for KubeJS plugins...
[14Aug2026 19:52:54.350] [modloading-worker-0/INFO] [KubeJS/]: Found plugin source kubejs
[14Aug2026 19:52:54.361] [modloading-worker-0/INFO] [net.blay09.mods.balm.forge.config.ForgeBalmConfig/]: Registering config for trashslot:common (COMMON) with 5 properties.
[14Aug2026 19:52:54.366] [modloading-worker-0/WARN] [KubeJS/]: Plugin dev.latvian.mods.kubejs.forge.BuiltinKubeJSForgeClientPlugin does not load on server side, skipping
[14Aug2026 19:52:54.366] [modloading-worker-0/WARN] [KubeJS/]: Plugin dev.latvian.mods.kubejs.integration.forge.gamestages.GameStagesIntegration does not have required mod gamestages loaded, skipping
[14Aug2026 19:52:54.371] [modloading-worker-0/INFO] [KubeJS/]: Found plugin source ftbxmodcompat
[14Aug2026 19:52:54.376] [modloading-worker-0/WARN] [KubeJS/]: Plugin dev.ftb.mods.ftbxmodcompat.ftbchunks.kubejs.FTBChunksKubeJSPlugin does not have required mod ftbchunks loaded, skipping
[14Aug2026 19:52:54.378] [modloading-worker-0/WARN] [KubeJS/]: Plugin dev.ftb.mods.ftbxmodcompat.ftbfiltersystem.kubejs.FFSKubeJSPlugin does not have required mod ftbfiltersystem loaded, skipping
[14Aug2026 19:52:54.388] [modloading-worker-0/INFO] [KubeJS/]: Found plugin source entityjs
[14Aug2026 19:52:54.404] [modloading-worker-0/INFO] [KubeJS/]: Done in 68.79 ms
[14Aug2026 19:52:54.539] [modloading-worker-0/INFO] [FTB XMod Compat/]: [FTB Quests] Enabled KubeJS integration
[14Aug2026 19:52:54.576] [modloading-worker-0/INFO] [dev.architectury.networking.forge.NetworkManagerImpl/]: Registering C2S receiver with id itemfilters:main/14e7fa1454283aec8ae811ef844ada28
[14Aug2026 19:52:54.581] [modloading-worker-0/INFO] [dev.architectury.networking.forge.NetworkManagerImpl/]: Registering C2S receiver with id itemfilters:main/8f6a899247753217b9d86ab427a2b279
[14Aug2026 19:52:54.679] [modloading-worker-0/INFO] [Rhino Script Remapper/]: Loading Rhino Minecraft remapper...
[14Aug2026 19:52:54.684] [modloading-worker-0/INFO] [dev.latvian.mods.rhino.mod.util.RhinoProperties/]: Rhino properties loaded.
[14Aug2026 19:52:54.696] [modloading-worker-0/INFO] [Rhino Script Remapper/]: Loading mappings for 1.20.1
[14Aug2026 19:52:54.712] [modloading-worker-0/INFO] [Puzzles Lib/]: Constructing common components for easymagic:main
[14Aug2026 19:52:54.725] [modloading-worker-0/INFO] [dev.architectury.networking.forge.NetworkManagerImpl/]: Registering C2S receiver with id ftbquests:submit_task
[14Aug2026 19:52:54.726] [modloading-worker-0/INFO] [dev.architectury.networking.forge.NetworkManagerImpl/]: Registering C2S receiver with id ftbquests:claim_reward
[14Aug2026 19:52:54.738] [modloading-worker-0/INFO] [xaero.lib.XaeroLib/]: Registering common data for channel xaerolib:main!
[14Aug2026 19:52:54.739] [modloading-worker-0/INFO] [dev.architectury.networking.forge.NetworkManagerImpl/]: Registering C2S receiver with id ftbquests:get_emergency_items
[14Aug2026 19:52:54.742] [modloading-worker-0/INFO] [dev.architectury.networking.forge.NetworkManagerImpl/]: Registering C2S receiver with id ftbquests:claim_all_rewards
[14Aug2026 19:52:54.743] [modloading-worker-0/INFO] [xaero.lib.XaeroLib/]: Loading primary common config for channel xaerolib:main!
[14Aug2026 19:52:54.744] [modloading-worker-0/INFO] [dev.architectury.networking.forge.NetworkManagerImpl/]: Registering C2S receiver with id ftbquests:claim_choice_reward
[14Aug2026 19:52:54.748] [modloading-worker-0/INFO] [xaero.lib.XaeroLib/]: Loading server config profiles for channel xaerolib:main!
[14Aug2026 19:52:54.749] [modloading-worker-0/INFO] [dev.architectury.networking.forge.NetworkManagerImpl/]: Registering C2S receiver with id ftbquests:toggle_pinned
[14Aug2026 19:52:54.755] [modloading-worker-0/INFO] [dev.architectury.networking.forge.NetworkManagerImpl/]: Registering C2S receiver with id ftbquests:toggle_chapter_pinned
[14Aug2026 19:52:54.756] [modloading-worker-0/INFO] [dev.architectury.networking.forge.NetworkManagerImpl/]: Registering C2S receiver with id ftbquests:toggle_editing_mode
[14Aug2026 19:52:54.759] [modloading-worker-0/INFO] [dev.architectury.networking.forge.NetworkManagerImpl/]: Registering C2S receiver with id ftbquests:force_save
[14Aug2026 19:52:54.760] [modloading-worker-0/INFO] [dev.architectury.networking.forge.NetworkManagerImpl/]: Registering C2S receiver with id ftbquests:set_custom_image
[14Aug2026 19:52:54.768] [modloading-worker-0/INFO] [dev.architectury.networking.forge.NetworkManagerImpl/]: Registering C2S receiver with id ftbquests:task_screen_config_resp
[14Aug2026 19:52:54.773] [modloading-worker-0/INFO] [dev.architectury.networking.forge.NetworkManagerImpl/]: Registering C2S receiver with id ftbquests:give_item_to_player
[14Aug2026 19:52:54.774] [modloading-worker-0/INFO] [dev.architectury.networking.forge.NetworkManagerImpl/]: Registering C2S receiver with id ftbquests:reorder_item
[14Aug2026 19:52:54.774] [modloading-worker-0/INFO] [dev.architectury.networking.forge.NetworkManagerImpl/]: Registering C2S receiver with id ftbquests:change_progress
[14Aug2026 19:52:54.775] [modloading-worker-0/INFO] [dev.architectury.networking.forge.NetworkManagerImpl/]: Registering C2S receiver with id ftbquests:create_object
[14Aug2026 19:52:54.780] [modloading-worker-0/INFO] [dev.architectury.networking.forge.NetworkManagerImpl/]: Registering C2S receiver with id ftbquests:create_task_at
[14Aug2026 19:52:54.780] [modloading-worker-0/INFO] [dev.architectury.networking.forge.NetworkManagerImpl/]: Registering C2S receiver with id ftbquests:delete_object
[14Aug2026 19:52:54.781] [modloading-worker-0/INFO] [dev.architectury.networking.forge.NetworkManagerImpl/]: Registering C2S receiver with id ftbquests:edit_object
[14Aug2026 19:52:54.783] [modloading-worker-0/INFO] [dev.architectury.networking.forge.NetworkManagerImpl/]: Registering C2S receiver with id ftbquests:move_chapter
[14Aug2026 19:52:54.788] [modloading-worker-0/INFO] [dev.architectury.networking.forge.NetworkManagerImpl/]: Registering C2S receiver with id ftbquests:move_quest
[14Aug2026 19:52:54.791] [modloading-worker-0/INFO] [dev.architectury.networking.forge.NetworkManagerImpl/]: Registering C2S receiver with id ftbquests:change_chapter_group
[14Aug2026 19:52:54.795] [modloading-worker-0/INFO] [dev.architectury.networking.forge.NetworkManagerImpl/]: Registering C2S receiver with id ftbquests:move_chapter_group
[14Aug2026 19:52:54.803] [modloading-worker-0/INFO] [dev.architectury.networking.forge.NetworkManagerImpl/]: Registering C2S receiver with id ftbquests:copy_quest
[14Aug2026 19:52:54.812] [modloading-worker-0/INFO] [dev.architectury.networking.forge.NetworkManagerImpl/]: Registering C2S receiver with id ftbquests:copy_chapter_image
[14Aug2026 19:52:54.813] [modloading-worker-0/INFO] [dev.architectury.networking.forge.NetworkManagerImpl/]: Registering C2S receiver with id ftbquests:sync_structures_request
[14Aug2026 19:52:54.817] [modloading-worker-0/INFO] [dev.architectury.networking.forge.NetworkManagerImpl/]: Registering C2S receiver with id ftbquests:request_team_data
[14Aug2026 19:52:54.823] [modloading-worker-0/INFO] [net.blay09.mods.balm.forge.config.ForgeBalmConfig/]: Registering config for waystones:common (COMMON) with 46 properties.
[14Aug2026 19:52:54.867] [modloading-worker-0/INFO] [Rhino Script Remapper/]: Done in 0.185 s
[14Aug2026 19:52:55.094] [modloading-worker-0/INFO] [coroutil/]: forge loader environment detected
[14Aug2026 19:52:55.232] [modloading-worker-0/INFO] [net.blay09.mods.balm.forge.config.ForgeBalmConfig/]: Registering config for craftingtweaks:common (COMMON) with 7 properties.
[14Aug2026 19:52:55.348] [modloading-worker-0/INFO] [net.blay09.mods.balm.forge.config.ForgeBalmConfig/]: Registering config for cookingforblockheads:common (COMMON) with 11 properties.
[14Aug2026 19:52:55.540] [modloading-worker-0/INFO] [KubeJS Startup/]: CustomStat.js#1: Loaded Java class 'net.minecraft.world.entity.ai.attributes.RangedAttribute'
[14Aug2026 19:52:55.549] [modloading-worker-0/INFO] [KubeJS Startup/]: Loaded script startup_scripts:CustomStat.js in 0.152 s
[14Aug2026 19:52:55.552] [modloading-worker-0/INFO] [KubeJS Startup/]: Loaded script startup_scripts:CustomItem.js in 0.003 s
[14Aug2026 19:52:55.558] [modloading-worker-0/INFO] [KubeJS Startup/]: Loaded 2/2 KubeJS startup scripts in 0.687 s with 0 errors and 0 warnings
[14Aug2026 19:52:55.663] [modloading-worker-0/INFO] [com.refinedmods.refinedstorage.apiimpl.API/]: Found 1 RS API injection point
[14Aug2026 19:52:55.666] [modloading-worker-0/INFO] [com.refinedmods.refinedstorage.apiimpl.API/]: Injected RS API in dev.smolinacadena.refinedcooking.RefinedCooking RSAPI
[14Aug2026 19:52:55.666] [modloading-worker-0/INFO] [dev.architectury.networking.forge.NetworkManagerImpl/]: Registering C2S receiver with id kubejs:send_data_from_client
[14Aug2026 19:52:55.674] [modloading-worker-0/INFO] [dev.architectury.networking.forge.NetworkManagerImpl/]: Registering C2S receiver with id kubejs:first_click
[14Aug2026 19:52:55.854] [modloading-worker-0/INFO] [com.nightbeam.remnants.RemnantBossesMod/]: Remnant Bosses mod registered
[14Aug2026 19:52:55.869] [modloading-worker-0/INFO] [Puzzles Lib/]: Constructing common components for universalenchants:main
[14Aug2026 19:52:55.879] [modloading-worker-0/INFO] [Puzzles Lib/]: Constructing common components for bettertridents:main
[14Aug2026 19:52:55.948] [modloading-worker-0/INFO] [net.potionstudios.biomeswevegone.BiomesWeveGone/]: Registering Oh The Biomes We've Gone items
[14Aug2026 19:52:55.950] [modloading-worker-0/INFO] [net.potionstudios.biomeswevegone.BiomesWeveGone/]: Registering Oh The Biomes We've Gone Blocks
[14Aug2026 19:52:55.950] [modloading-worker-0/INFO] [net.potionstudios.biomeswevegone.BiomesWeveGone/]: Registering Oh The Biomes We've Gone Wood
[14Aug2026 19:52:55.955] [modloading-worker-0/INFO] [net.potionstudios.biomeswevegone.BiomesWeveGone/]: Registering Oh The Biomes We've Gone Block Entities
[14Aug2026 19:52:55.955] [modloading-worker-0/INFO] [net.potionstudios.biomeswevegone.BiomesWeveGone/]: Registering Oh The Biomes We've Gone Entities
[14Aug2026 19:52:55.956] [modloading-worker-0/INFO] [net.potionstudios.biomeswevegone.BiomesWeveGone/]: Registering Oh The Biomes We've Gone Creative Tabs
[14Aug2026 19:52:55.958] [modloading-worker-0/INFO] [net.potionstudios.biomeswevegone.BiomesWeveGone/]: Registering Oh The Biomes We've Gone Sounds
[14Aug2026 19:52:55.959] [modloading-worker-0/INFO] [net.potionstudios.biomeswevegone.BiomesWeveGone/]: Registering Oh The Biomes We've Gone Block Predicate
[14Aug2026 19:52:55.968] [modloading-worker-0/INFO] [net.potionstudios.biomeswevegone.BiomesWeveGone/]: Registering Oh The Biomes We've Gone State Providers
[14Aug2026 19:52:55.970] [modloading-worker-0/INFO] [net.potionstudios.biomeswevegone.BiomesWeveGone/]: Registering Oh The Biomes We've Gone Tree Decorators
[14Aug2026 19:52:55.990] [modloading-worker-0/INFO] [net.potionstudios.biomeswevegone.BiomesWeveGone/]: Registering Oh The Biomes We've Gone Custom Features
[14Aug2026 19:52:55.991] [modloading-worker-0/INFO] [net.potionstudios.biomeswevegone.BiomesWeveGone/]: Registering Oh The Biomes We've Gone Structure Pieces
[14Aug2026 19:52:55.993] [modloading-worker-0/INFO] [net.potionstudios.biomeswevegone.BiomesWeveGone/]: Registering Oh The Biomes We've Gone Custom Structure Types
[14Aug2026 19:52:55.998] [modloading-worker-0/INFO] [net.potionstudios.biomeswevegone.BiomesWeveGone/]: Registering Oh The Biomes We've Gone Configured Features
[14Aug2026 19:52:56.019] [modloading-worker-0/INFO] [net.potionstudios.biomeswevegone.BiomesWeveGone/]: Creating and Registering Overworld Vegetation Configured Features
[14Aug2026 19:52:56.079] [modloading-worker-0/INFO] [fzzy_config/]: Loaded config whats_your_build:wyb_server_config in 10ms
[14Aug2026 19:52:56.095] [modloading-worker-0/INFO] [Whats-Your-Build/]: enable CuriosCompatModule!
[14Aug2026 19:52:56.098] [modloading-worker-0/INFO] [Whats-Your-Build/]: enable AdvancedTeamCompatModule
[14Aug2026 19:52:56.099] [modloading-worker-0/INFO] [Whats-Your-Build/]: enable MASCompatModule!
[14Aug2026 19:52:56.103] [modloading-worker-0/INFO] [net.potionstudios.biomeswevegone.BiomesWeveGone/]: Registering Oh The Biomes We've Gone Tree Configured Features
[14Aug2026 19:52:56.107] [modloading-worker-0/INFO] [net.potionstudios.biomeswevegone.BiomesWeveGone/]: Creating and Registering Vanilla Configured Features
[14Aug2026 19:52:56.117] [modloading-worker-0/INFO] [net.potionstudios.biomeswevegone.BiomesWeveGone/]: Registering Oh The Biomes You'll Go Overworld Configured Features
[14Aug2026 19:52:56.126] [modloading-worker-0/INFO] [net.potionstudios.biomeswevegone.BiomesWeveGone/]: Registering Oh The Biomes We've Gone Placed Features
[14Aug2026 19:52:56.145] [modloading-worker-0/INFO] [net.potionstudios.biomeswevegone.BiomesWeveGone/]: Creating and Registering Overworld Tree Placed Features
[14Aug2026 19:52:56.163] [modloading-worker-0/INFO] [net.potionstudios.biomeswevegone.BiomesWeveGone/]: Creating and Registering Overworld Vegetation Placed Features
[14Aug2026 19:52:56.166] [modloading-worker-0/INFO] [net.potionstudios.biomeswevegone.BiomesWeveGone/]: Creating and Registering Vanilla Placed Features
[14Aug2026 19:52:56.167] [modloading-worker-0/INFO] [net.potionstudios.biomeswevegone.BiomesWeveGone/]: Registering Oh The Biomes We've Gone Custom Surface Rules
[14Aug2026 19:52:56.183] [modloading-worker-0/INFO] [net.potionstudios.biomeswevegone.BiomesWeveGone/]: Registering Oh The Biomes We've Gone Template Pools
[14Aug2026 19:52:56.203] [modloading-worker-0/INFO] [net.potionstudios.biomeswevegone.BiomesWeveGone/]: Registering Oh The Biome's We've Gone Village Template Pools
[14Aug2026 19:52:56.204] [modloading-worker-0/INFO] [net.potionstudios.biomeswevegone.BiomesWeveGone/]: Registering Oh The Biomes We've Gone Poi Types
[14Aug2026 19:52:56.205] [modloading-worker-0/INFO] [net.potionstudios.biomeswevegone.BiomesWeveGone/]: Registering Oh The Biomes We've Gone Villager Professions
[14Aug2026 19:52:56.207] [modloading-worker-0/INFO] [net.potionstudios.biomeswevegone.BiomesWeveGone/]: Registering Oh The Biomes We've Gone Custom Structure Processors
[14Aug2026 19:52:56.208] [modloading-worker-0/INFO] [net.potionstudios.biomeswevegone.BiomesWeveGone/]: Registering Oh The Biomes We've Gone villager types
[14Aug2026 19:52:56.209] [modloading-worker-0/INFO] [net.potionstudios.biomeswevegone.BiomesWeveGone/]: Registering Oh The Biomes We've Gone Schedules
[14Aug2026 19:52:56.209] [modloading-worker-0/INFO] [net.potionstudios.biomeswevegone.BiomesWeveGone/]: Registering Oh The Biomes We've Gone Memory Module Types
[14Aug2026 19:52:56.211] [modloading-worker-0/INFO] [net.potionstudios.biomeswevegone.BiomesWeveGone/]: Registering Oh The Biomes We've Gone Sensor Types
[14Aug2026 19:52:56.216] [modloading-worker-0/INFO] [Whats-Your-Build/]: starting WYB registration!
[14Aug2026 19:52:57.357] [main/INFO] [snownee.kiwi.Kiwi/INIT]: Module [kiwi:data] initialized
[14Aug2026 19:52:57.359] [main/INFO] [snownee.kiwi.Kiwi/INIT]: 		recipe_serializer: 3
[14Aug2026 19:53:00.324] [main/ERROR] [net.minecraftforge.eventbus.EventSubclassTransformer/EVENTBUS]: Could not find parent net/minecraft/client/particle/TextureSheetParticle for class com/cerbon/cerbons_api/api/general/particle/SimpleParticle in classloader cpw.mods.modlauncher.TransformingClassLoader@6aae82cc on thread Thread[main,5,main]
[14Aug2026 19:53:00.324] [main/ERROR] [net.minecraftforge.eventbus.EventSubclassTransformer/EVENTBUS]: An error occurred building event handler
java.lang.ClassNotFoundException: net.minecraft.client.particle.TextureSheetParticle
	at cpw.mods.cl.ModuleClassLoader.loadClass(ModuleClassLoader.java:141) ~[securejarhandler-2.1.10.jar:?]
	at java.lang.ClassLoader.loadClass(ClassLoader.java:525) ~[?:?]
	at net.minecraftforge.eventbus.EventSubclassTransformer.buildEvents(EventSubclassTransformer.java:75) ~[eventbus-6.2.33.jar%2352!/:?]
	at net.minecraftforge.eventbus.EventSubclassTransformer.transform(EventSubclassTransformer.java:31) ~[eventbus-6.2.33.jar%2352!/:?]
	at net.minecraftforge.eventbus.EventBusEngine.processClass(EventBusEngine.java:30) ~[eventbus-6.2.33.jar%2352!/:?]
	at net.minecraftforge.eventbus.service.ModLauncherService.processClassWithFlags(ModLauncherService.java:36) ~[eventbus-6.2.33.jar%2352!/:6.2.33]
	at cpw.mods.modlauncher.LaunchPluginHandler.offerClassNodeToPlugins(LaunchPluginHandler.java:88) ~[modlauncher-10.0.9.jar%2355!/:?]
	at cpw.mods.modlauncher.ClassTransformer.transform(ClassTransformer.java:120) ~[modlauncher-10.0.9.jar%2355!/:?]
	at cpw.mods.modlauncher.TransformingClassLoader.maybeTransformClassBytes(TransformingClassLoader.java:50) ~[modlauncher-10.0.9.jar%2355!/:?]
	at cpw.mods.cl.ModuleClassLoader.readerToClass(ModuleClassLoader.java:113) ~[securejarhandler-2.1.10.jar:?]
	at cpw.mods.cl.ModuleClassLoader.lambda$findClass$15(ModuleClassLoader.java:219) ~[securejarhandler-2.1.10.jar:?]
	at cpw.mods.cl.ModuleClassLoader.loadFromModule(ModuleClassLoader.java:229) ~[securejarhandler-2.1.10.jar:?]
	at cpw.mods.cl.ModuleClassLoader.findClass(ModuleClassLoader.java:219) ~[securejarhandler-2.1.10.jar:?]
	at cpw.mods.cl.ModuleClassLoader.loadClass(ModuleClassLoader.java:135) ~[securejarhandler-2.1.10.jar:?]
	at java.lang.ClassLoader.loadClass(ClassLoader.java:525) ~[?:?]
	at java.lang.Class.getDeclaredMethods0(Native Method) ~[?:?]
	at java.lang.Class.privateGetDeclaredMethods(Class.java:3404) ~[?:?]
	at java.lang.Class.getDeclaredMethod(Class.java:2675) ~[?:?]
	at me.jellysquid.mods.lithium.common.reflection.ReflectionUtil.hasMethodOverride(ReflectionUtil.java:13) ~[radium-mc1.20.1-0.12.4+git.26c9d8e.jar%23667!/:?]
	at me.jellysquid.mods.lithium.common.ai.pathing.BlockClassChecker.lambda$hasNonstandardImplementation$0(BlockClassChecker.java:30) ~[radium-mc1.20.1-0.12.4+git.26c9d8e.jar%23667!/:?]
	at java.util.concurrent.ConcurrentHashMap.computeIfAbsent(ConcurrentHashMap.java:1708) ~[?:?]
	at me.jellysquid.mods.lithium.common.ai.pathing.BlockClassChecker.shouldUseDynamicTypeCheck(BlockClassChecker.java:22) ~[radium-mc1.20.1-0.12.4+git.26c9d8e.jar%23667!/:?]
	at net.minecraft.world.level.block.Block.handler$bhm000$postConstruct(Block.java:1139) ~[server-1.20.1-20230612.114412-srg.jar%23763!/:?]
	at net.minecraft.world.level.block.Block.<init>(Block.java:181) ~[server-1.20.1-20230612.114412-srg.jar%23763!/:?]
	at com.cerbon.bosses_of_mass_destruction.block.custom.VoidBlossomBlock.<init>(VoidBlossomBlock.java:49) ~[BOMD-Forge-1.20.1-1.1.1.jar%23469!/:1.1.1]
	at com.cerbon.bosses_of_mass_destruction.block.BMDBlocks.lambda$static$2(BMDBlocks.java:24) ~[BOMD-Forge-1.20.1-1.1.1.jar%23469!/:1.1.1]
	at net.minecraftforge.registries.DeferredRegister.lambda$addEntries$1(DeferredRegister.java:386) ~[forge-1.20.1-47.4.22-universal.jar%23768!/:?]
	at net.minecraftforge.registries.RegisterEvent.register(RegisterEvent.java:59) ~[forge-1.20.1-47.4.22-universal.jar%23768!/:?]
	at net.minecraftforge.registries.DeferredRegister.addEntries(DeferredRegister.java:386) ~[forge-1.20.1-47.4.22-universal.jar%23768!/:?]
	at net.minecraftforge.registries.DeferredRegister$EventDispatcher.handleEvent(DeferredRegister.java:328) ~[forge-1.20.1-47.4.22-universal.jar%23768!/:?]
	at net.minecraftforge.registries.__EventDispatcher_handleEvent_RegisterEvent.invoke(.dynamic) ~[forge-1.20.1-47.4.22-universal.jar%23768!/:?]
	at net.minecraftforge.eventbus.ASMEventHandler.invoke(ASMEventHandler.java:55) ~[eventbus-6.2.33.jar%2352!/:?]
	at net.minecraftforge.eventbus.EventBus.post(EventBus.java:312) ~[eventbus-6.2.33.jar%2352!/:?]
	at net.minecraftforge.eventbus.EventBus.post(EventBus.java:298) ~[eventbus-6.2.33.jar%2352!/:?]
	at net.minecraftforge.fml.javafmlmod.FMLModContainer.acceptEvent(FMLModContainer.java:121) ~[javafmllanguage-1.20.1-47.4.22.jar%23765!/:?]
	at net.minecraftforge.fml.ModLoader.lambda$postEventWithWrapInModOrder$33(ModLoader.java:346) ~[fmlcore-1.20.1-47.4.22.jar%23764!/:?]
	at java.lang.Iterable.forEach(Iterable.java:75) ~[?:?]
	at net.minecraftforge.fml.ModList.forEachModInOrder(ModList.java:227) ~[fmlcore-1.20.1-47.4.22.jar%23764!/:?]
	at net.minecraftforge.fml.ModLoader.postEventWithWrapInModOrder(ModLoader.java:344) ~[fmlcore-1.20.1-47.4.22.jar%23764!/:?]
	at net.minecraftforge.fml.ModLoader.postEventWrapContainerInModOrder(ModLoader.java:337) ~[fmlcore-1.20.1-47.4.22.jar%23764!/:?]
	at net.minecraftforge.registries.GameData.postRegisterEvents(GameData.java:329) ~[forge-1.20.1-47.4.22-universal.jar%23768!/:?]
	at net.minecraftforge.common.ForgeStatesProvider.lambda$new$4(ForgeStatesProvider.java:25) ~[forge-1.20.1-47.4.22-universal.jar%23768!/:?]
	at net.minecraftforge.fml.ModLoader.handleInlineTransition(ModLoader.java:217) ~[fmlcore-1.20.1-47.4.22.jar%23764!/:?]
	at net.minecraftforge.fml.ModLoader.lambda$dispatchAndHandleError$19(ModLoader.java:209) ~[fmlcore-1.20.1-47.4.22.jar%23764!/:?]
	at java.util.Optional.ifPresent(Optional.java:178) ~[?:?]
	at net.minecraftforge.fml.ModLoader.dispatchAndHandleError(ModLoader.java:209) ~[fmlcore-1.20.1-47.4.22.jar%23764!/:?]
	at net.minecraftforge.fml.ModLoader.lambda$gatherAndInitializeMods$13(ModLoader.java:183) ~[fmlcore-1.20.1-47.4.22.jar%23764!/:?]
	at java.lang.Iterable.forEach(Iterable.java:75) ~[?:?]
	at net.minecraftforge.fml.ModLoader.gatherAndInitializeMods(ModLoader.java:183) ~[fmlcore-1.20.1-47.4.22.jar%23764!/:?]
	at net.minecraftforge.server.loading.ServerModLoader.load(ServerModLoader.java:30) ~[forge-1.20.1-47.4.22-universal.jar%23768!/:?]
	at net.minecraft.server.Main.main(Main.java:125) ~[server-1.20.1-20230612.114412-srg.jar%23763!/:?]
	at jdk.internal.reflect.NativeMethodAccessorImpl.invoke0(Native Method) ~[?:?]
	at jdk.internal.reflect.NativeMethodAccessorImpl.invoke(NativeMethodAccessorImpl.java:77) ~[?:?]
	at jdk.internal.reflect.DelegatingMethodAccessorImpl.invoke(DelegatingMethodAccessorImpl.java:43) ~[?:?]
	at java.lang.reflect.Method.invoke(Method.java:569) ~[?:?]
	at net.minecraftforge.fml.loading.targets.CommonLaunchHandler.runTarget(CommonLaunchHandler.java:111) ~[fmlloader-1.20.1-47.4.22.jar%2369!/:?]
	at net.minecraftforge.fml.loading.targets.CommonLaunchHandler.serverService(CommonLaunchHandler.java:103) ~[fmlloader-1.20.1-47.4.22.jar%2369!/:?]
	at net.minecraftforge.fml.loading.targets.CommonServerLaunchHandler.lambda$makeService$0(CommonServerLaunchHandler.java:27) ~[fmlloader-1.20.1-47.4.22.jar%2369!/:?]
	at cpw.mods.modlauncher.LaunchServiceHandlerDecorator.launch(LaunchServiceHandlerDecorator.java:30) ~[modlauncher-10.0.9.jar%2355!/:?]
	at cpw.mods.modlauncher.LaunchServiceHandler.launch(LaunchServiceHandler.java:53) ~[modlauncher-10.0.9.jar%2355!/:?]
	at cpw.mods.modlauncher.LaunchServiceHandler.launch(LaunchServiceHandler.java:71) ~[modlauncher-10.0.9.jar%2355!/:?]
	at cpw.mods.modlauncher.Launcher.run(Launcher.java:108) ~[modlauncher-10.0.9.jar%2355!/:?]
	at cpw.mods.modlauncher.Launcher.main(Launcher.java:78) ~[modlauncher-10.0.9.jar%2355!/:?]
	at cpw.mods.modlauncher.BootstrapLaunchConsumer.accept(BootstrapLaunchConsumer.java:26) ~[modlauncher-10.0.9.jar%2355!/:?]
	at cpw.mods.modlauncher.BootstrapLaunchConsumer.accept(BootstrapLaunchConsumer.java:23) ~[modlauncher-10.0.9.jar%2355!/:?]
	at cpw.mods.bootstraplauncher.BootstrapLauncher.main(BootstrapLauncher.java:141) ~[bootstraplauncher-1.1.2.jar:?]
[14Aug2026 19:53:00.328] [main/WARN] [Radium Class Analysis/]: Radium Class Analysis Error: Class com.cerbon.bosses_of_mass_destruction.block.custom.VoidBlossomBlock cannot be analysed, because getting declared methods crashes with NoClassDefFoundError: net/minecraft/client/particle/TextureSheetParticle. This is usually caused by modded entities declaring methods that have a return type or parameter type that is annotated with @OnlyIn(Dist.CLIENT). Loading the type is not possible, because it only exists in the CLIENT environment. The recommended fix is to annotate the method with this argument or return type with the same annotation. Lithium handles this error by assuming the class cannot be included in some optimizations.
[14Aug2026 19:53:00.329] [main/ERROR] [net.minecraftforge.eventbus.EventSubclassTransformer/EVENTBUS]: Could not find parent net/minecraft/client/particle/TextureSheetParticle for class com/cerbon/cerbons_api/api/general/particle/SimpleParticle in classloader cpw.mods.modlauncher.TransformingClassLoader@6aae82cc on thread Thread[main,5,main]
[14Aug2026 19:53:00.329] [main/ERROR] [net.minecraftforge.eventbus.EventSubclassTransformer/EVENTBUS]: An error occurred building event handler
java.lang.ClassNotFoundException: net.minecraft.client.particle.TextureSheetParticle
	at cpw.mods.cl.ModuleClassLoader.loadClass(ModuleClassLoader.java:141) ~[securejarhandler-2.1.10.jar:?]
	at java.lang.ClassLoader.loadClass(ClassLoader.java:525) ~[?:?]
	at net.minecraftforge.eventbus.EventSubclassTransformer.buildEvents(EventSubclassTransformer.java:75) ~[eventbus-6.2.33.jar%2352!/:?]
	at net.minecraftforge.eventbus.EventSubclassTransformer.transform(EventSubclassTransformer.java:31) ~[eventbus-6.2.33.jar%2352!/:?]
	at net.minecraftforge.eventbus.EventBusEngine.processClass(EventBusEngine.java:30) ~[eventbus-6.2.33.jar%2352!/:?]
	at net.minecraftforge.eventbus.service.ModLauncherService.processClassWithFlags(ModLauncherService.java:36) ~[eventbus-6.2.33.jar%2352!/:6.2.33]
	at cpw.mods.modlauncher.LaunchPluginHandler.offerClassNodeToPlugins(LaunchPluginHandler.java:88) ~[modlauncher-10.0.9.jar%2355!/:?]
	at cpw.mods.modlauncher.ClassTransformer.transform(ClassTransformer.java:120) ~[modlauncher-10.0.9.jar%2355!/:?]
	at cpw.mods.modlauncher.TransformingClassLoader.maybeTransformClassBytes(TransformingClassLoader.java:50) ~[modlauncher-10.0.9.jar%2355!/:?]
	at cpw.mods.cl.ModuleClassLoader.readerToClass(ModuleClassLoader.java:113) ~[securejarhandler-2.1.10.jar:?]
	at cpw.mods.cl.ModuleClassLoader.lambda$findClass$15(ModuleClassLoader.java:219) ~[securejarhandler-2.1.10.jar:?]
	at cpw.mods.cl.ModuleClassLoader.loadFromModule(ModuleClassLoader.java:229) ~[securejarhandler-2.1.10.jar:?]
	at cpw.mods.cl.ModuleClassLoader.findClass(ModuleClassLoader.java:219) ~[securejarhandler-2.1.10.jar:?]
	at cpw.mods.cl.ModuleClassLoader.loadClass(ModuleClassLoader.java:135) ~[securejarhandler-2.1.10.jar:?]
	at java.lang.ClassLoader.loadClass(ClassLoader.java:525) ~[?:?]
	at java.lang.Class.getDeclaredMethods0(Native Method) ~[?:?]
	at java.lang.Class.privateGetDeclaredMethods(Class.java:3404) ~[?:?]
	at java.lang.Class.getDeclaredMethod(Class.java:2675) ~[?:?]
	at me.jellysquid.mods.lithium.common.reflection.ReflectionUtil.hasMethodOverride(ReflectionUtil.java:13) ~[radium-mc1.20.1-0.12.4+git.26c9d8e.jar%23667!/:?]
	at me.jellysquid.mods.lithium.common.ai.pathing.BlockClassChecker.lambda$hasNonstandardImplementation$0(BlockClassChecker.java:30) ~[radium-mc1.20.1-0.12.4+git.26c9d8e.jar%23667!/:?]
	at java.util.concurrent.ConcurrentHashMap.computeIfAbsent(ConcurrentHashMap.java:1708) ~[?:?]
	at me.jellysquid.mods.lithium.common.ai.pathing.BlockClassChecker.shouldUseDynamicBurningCheck(BlockClassChecker.java:26) ~[radium-mc1.20.1-0.12.4+git.26c9d8e.jar%23667!/:?]
	at net.minecraft.world.level.block.Block.handler$bhm000$postConstruct(Block.java:1140) ~[server-1.20.1-20230612.114412-srg.jar%23763!/:?]
	at net.minecraft.world.level.block.Block.<init>(Block.java:181) ~[server-1.20.1-20230612.114412-srg.jar%23763!/:?]
	at com.cerbon.bosses_of_mass_destruction.block.custom.VoidBlossomBlock.<init>(VoidBlossomBlock.java:49) ~[BOMD-Forge-1.20.1-1.1.1.jar%23469!/:1.1.1]
	at com.cerbon.bosses_of_mass_destruction.block.BMDBlocks.lambda$static$2(BMDBlocks.java:24) ~[BOMD-Forge-1.20.1-1.1.1.jar%23469!/:1.1.1]
	at net.minecraftforge.registries.DeferredRegister.lambda$addEntries$1(DeferredRegister.java:386) ~[forge-1.20.1-47.4.22-universal.jar%23768!/:?]
	at net.minecraftforge.registries.RegisterEvent.register(RegisterEvent.java:59) ~[forge-1.20.1-47.4.22-universal.jar%23768!/:?]
	at net.minecraftforge.registries.DeferredRegister.addEntries(DeferredRegister.java:386) ~[forge-1.20.1-47.4.22-universal.jar%23768!/:?]
	at net.minecraftforge.registries.DeferredRegister$EventDispatcher.handleEvent(DeferredRegister.java:328) ~[forge-1.20.1-47.4.22-universal.jar%23768!/:?]
	at net.minecraftforge.registries.__EventDispatcher_handleEvent_RegisterEvent.invoke(.dynamic) ~[forge-1.20.1-47.4.22-universal.jar%23768!/:?]
	at net.minecraftforge.eventbus.ASMEventHandler.invoke(ASMEventHandler.java:55) ~[eventbus-6.2.33.jar%2352!/:?]
	at net.minecraftforge.eventbus.EventBus.post(EventBus.java:312) ~[eventbus-6.2.33.jar%2352!/:?]
	at net.minecraftforge.eventbus.EventBus.post(EventBus.java:298) ~[eventbus-6.2.33.jar%2352!/:?]
	at net.minecraftforge.fml.javafmlmod.FMLModContainer.acceptEvent(FMLModContainer.java:121) ~[javafmllanguage-1.20.1-47.4.22.jar%23765!/:?]
	at net.minecraftforge.fml.ModLoader.lambda$postEventWithWrapInModOrder$33(ModLoader.java:346) ~[fmlcore-1.20.1-47.4.22.jar%23764!/:?]
	at java.lang.Iterable.forEach(Iterable.java:75) ~[?:?]
	at net.minecraftforge.fml.ModList.forEachModInOrder(ModList.java:227) ~[fmlcore-1.20.1-47.4.22.jar%23764!/:?]
	at net.minecraftforge.fml.ModLoader.postEventWithWrapInModOrder(ModLoader.java:344) ~[fmlcore-1.20.1-47.4.22.jar%23764!/:?]
	at net.minecraftforge.fml.ModLoader.postEventWrapContainerInModOrder(ModLoader.java:337) ~[fmlcore-1.20.1-47.4.22.jar%23764!/:?]
	at net.minecraftforge.registries.GameData.postRegisterEvents(GameData.java:329) ~[forge-1.20.1-47.4.22-universal.jar%23768!/:?]
	at net.minecraftforge.common.ForgeStatesProvider.lambda$new$4(ForgeStatesProvider.java:25) ~[forge-1.20.1-47.4.22-universal.jar%23768!/:?]
	at net.minecraftforge.fml.ModLoader.handleInlineTransition(ModLoader.java:217) ~[fmlcore-1.20.1-47.4.22.jar%23764!/:?]
	at net.minecraftforge.fml.ModLoader.lambda$dispatchAndHandleError$19(ModLoader.java:209) ~[fmlcore-1.20.1-47.4.22.jar%23764!/:?]
	at java.util.Optional.ifPresent(Optional.java:178) ~[?:?]
	at net.minecraftforge.fml.ModLoader.dispatchAndHandleError(ModLoader.java:209) ~[fmlcore-1.20.1-47.4.22.jar%23764!/:?]
	at net.minecraftforge.fml.ModLoader.lambda$gatherAndInitializeMods$13(ModLoader.java:183) ~[fmlcore-1.20.1-47.4.22.jar%23764!/:?]
	at java.lang.Iterable.forEach(Iterable.java:75) ~[?:?]
	at net.minecraftforge.fml.ModLoader.gatherAndInitializeMods(ModLoader.java:183) ~[fmlcore-1.20.1-47.4.22.jar%23764!/:?]
	at net.minecraftforge.server.loading.ServerModLoader.load(ServerModLoader.java:30) ~[forge-1.20.1-47.4.22-universal.jar%23768!/:?]
	at net.minecraft.server.Main.main(Main.java:125) ~[server-1.20.1-20230612.114412-srg.jar%23763!/:?]
	at jdk.internal.reflect.NativeMethodAccessorImpl.invoke0(Native Method) ~[?:?]
	at jdk.internal.reflect.NativeMethodAccessorImpl.invoke(NativeMethodAccessorImpl.java:77) ~[?:?]
	at jdk.internal.reflect.DelegatingMethodAccessorImpl.invoke(DelegatingMethodAccessorImpl.java:43) ~[?:?]
	at java.lang.reflect.Method.invoke(Method.java:569) ~[?:?]
	at net.minecraftforge.fml.loading.targets.CommonLaunchHandler.runTarget(CommonLaunchHandler.java:111) ~[fmlloader-1.20.1-47.4.22.jar%2369!/:?]
	at net.minecraftforge.fml.loading.targets.CommonLaunchHandler.serverService(CommonLaunchHandler.java:103) ~[fmlloader-1.20.1-47.4.22.jar%2369!/:?]
	at net.minecraftforge.fml.loading.targets.CommonServerLaunchHandler.lambda$makeService$0(CommonServerLaunchHandler.java:27) ~[fmlloader-1.20.1-47.4.22.jar%2369!/:?]
	at cpw.mods.modlauncher.LaunchServiceHandlerDecorator.launch(LaunchServiceHandlerDecorator.java:30) ~[modlauncher-10.0.9.jar%2355!/:?]
	at cpw.mods.modlauncher.LaunchServiceHandler.launch(LaunchServiceHandler.java:53) ~[modlauncher-10.0.9.jar%2355!/:?]
	at cpw.mods.modlauncher.LaunchServiceHandler.launch(LaunchServiceHandler.java:71) ~[modlauncher-10.0.9.jar%2355!/:?]
	at cpw.mods.modlauncher.Launcher.run(Launcher.java:108) ~[modlauncher-10.0.9.jar%2355!/:?]
	at cpw.mods.modlauncher.Launcher.main(Launcher.java:78) ~[modlauncher-10.0.9.jar%2355!/:?]
	at cpw.mods.modlauncher.BootstrapLaunchConsumer.accept(BootstrapLaunchConsumer.java:26) ~[modlauncher-10.0.9.jar%2355!/:?]
	at cpw.mods.modlauncher.BootstrapLaunchConsumer.accept(BootstrapLaunchConsumer.java:23) ~[modlauncher-10.0.9.jar%2355!/:?]
	at cpw.mods.bootstraplauncher.BootstrapLauncher.main(BootstrapLauncher.java:141) ~[bootstraplauncher-1.1.2.jar:?]
[14Aug2026 19:53:00.331] [main/WARN] [Radium Class Analysis/]: Radium Class Analysis Error: Class com.cerbon.bosses_of_mass_destruction.block.custom.VoidBlossomBlock cannot be analysed, because getting declared methods crashes with NoClassDefFoundError: net/minecraft/client/particle/TextureSheetParticle. This is usually caused by modded entities declaring methods that have a return type or parameter type that is annotated with @OnlyIn(Dist.CLIENT). Loading the type is not possible, because it only exists in the CLIENT environment. The recommended fix is to annotate the method with this argument or return type with the same annotation. Lithium handles this error by assuming the class cannot be included in some optimizations.
[14Aug2026 19:53:00.338] [main/ERROR] [net.minecraftforge.eventbus.EventSubclassTransformer/EVENTBUS]: Could not find parent net/minecraft/client/particle/TextureSheetParticle for class com/cerbon/cerbons_api/api/general/particle/SimpleParticle in classloader cpw.mods.modlauncher.TransformingClassLoader@6aae82cc on thread Thread[main,5,main]
[14Aug2026 19:53:00.338] [main/ERROR] [net.minecraftforge.eventbus.EventSubclassTransformer/EVENTBUS]: An error occurred building event handler
java.lang.ClassNotFoundException: net.minecraft.client.particle.TextureSheetParticle
	at cpw.mods.cl.ModuleClassLoader.loadClass(ModuleClassLoader.java:141) ~[securejarhandler-2.1.10.jar:?]
	at java.lang.ClassLoader.loadClass(ClassLoader.java:525) ~[?:?]
	at net.minecraftforge.eventbus.EventSubclassTransformer.buildEvents(EventSubclassTransformer.java:75) ~[eventbus-6.2.33.jar%2352!/:?]
	at net.minecraftforge.eventbus.EventSubclassTransformer.transform(EventSubclassTransformer.java:31) ~[eventbus-6.2.33.jar%2352!/:?]
	at net.minecraftforge.eventbus.EventBusEngine.processClass(EventBusEngine.java:30) ~[eventbus-6.2.33.jar%2352!/:?]
	at net.minecraftforge.eventbus.service.ModLauncherService.processClassWithFlags(ModLauncherService.java:36) ~[eventbus-6.2.33.jar%2352!/:6.2.33]
	at cpw.mods.modlauncher.LaunchPluginHandler.offerClassNodeToPlugins(LaunchPluginHandler.java:88) ~[modlauncher-10.0.9.jar%2355!/:?]
	at cpw.mods.modlauncher.ClassTransformer.transform(ClassTransformer.java:120) ~[modlauncher-10.0.9.jar%2355!/:?]
	at cpw.mods.modlauncher.TransformingClassLoader.maybeTransformClassBytes(TransformingClassLoader.java:50) ~[modlauncher-10.0.9.jar%2355!/:?]
	at cpw.mods.cl.ModuleClassLoader.readerToClass(ModuleClassLoader.java:113) ~[securejarhandler-2.1.10.jar:?]
	at cpw.mods.cl.ModuleClassLoader.lambda$findClass$15(ModuleClassLoader.java:219) ~[securejarhandler-2.1.10.jar:?]
	at cpw.mods.cl.ModuleClassLoader.loadFromModule(ModuleClassLoader.java:229) ~[securejarhandler-2.1.10.jar:?]
	at cpw.mods.cl.ModuleClassLoader.findClass(ModuleClassLoader.java:219) ~[securejarhandler-2.1.10.jar:?]
	at cpw.mods.cl.ModuleClassLoader.loadClass(ModuleClassLoader.java:135) ~[securejarhandler-2.1.10.jar:?]
	at java.lang.ClassLoader.loadClass(ClassLoader.java:525) ~[?:?]
	at java.lang.Class.getDeclaredMethods0(Native Method) ~[?:?]
	at java.lang.Class.privateGetDeclaredMethods(Class.java:3404) ~[?:?]
	at java.lang.Class.getDeclaredMethod(Class.java:2675) ~[?:?]
	at me.jellysquid.mods.lithium.common.reflection.ReflectionUtil.hasMethodOverride(ReflectionUtil.java:13) ~[radium-mc1.20.1-0.12.4+git.26c9d8e.jar%23667!/:?]
	at me.jellysquid.mods.lithium.common.ai.pathing.BlockClassChecker.lambda$hasNonstandardImplementation$0(BlockClassChecker.java:30) ~[radium-mc1.20.1-0.12.4+git.26c9d8e.jar%23667!/:?]
	at java.util.concurrent.ConcurrentHashMap.computeIfAbsent(ConcurrentHashMap.java:1708) ~[?:?]
	at me.jellysquid.mods.lithium.common.ai.pathing.BlockClassChecker.shouldUseDynamicTypeCheck(BlockClassChecker.java:22) ~[radium-mc1.20.1-0.12.4+git.26c9d8e.jar%23667!/:?]
	at net.minecraft.world.level.block.Block.handler$bhm000$postConstruct(Block.java:1139) ~[server-1.20.1-20230612.114412-srg.jar%23763!/:?]
	at net.minecraft.world.level.block.Block.<init>(Block.java:181) ~[server-1.20.1-20230612.114412-srg.jar%23763!/:?]
	at net.minecraft.world.level.block.BaseEntityBlock.<init>(BaseEntityBlock.java:15) ~[server-1.20.1-20230612.114412-srg.jar%23763!/:?]
	at com.cerbon.bosses_of_mass_destruction.block.custom.MobWardBlock.<init>(MobWardBlock.java:45) ~[BOMD-Forge-1.20.1-1.1.1.jar%23469!/:1.1.1]
	at com.cerbon.bosses_of_mass_destruction.block.BMDBlocks.lambda$static$10(BMDBlocks.java:42) ~[BOMD-Forge-1.20.1-1.1.1.jar%23469!/:1.1.1]
	at net.minecraftforge.registries.DeferredRegister.lambda$addEntries$1(DeferredRegister.java:386) ~[forge-1.20.1-47.4.22-universal.jar%23768!/:?]
	at net.minecraftforge.registries.RegisterEvent.register(RegisterEvent.java:59) ~[forge-1.20.1-47.4.22-universal.jar%23768!/:?]
	at net.minecraftforge.registries.DeferredRegister.addEntries(DeferredRegister.java:386) ~[forge-1.20.1-47.4.22-universal.jar%23768!/:?]
	at net.minecraftforge.registries.DeferredRegister$EventDispatcher.handleEvent(DeferredRegister.java:328) ~[forge-1.20.1-47.4.22-universal.jar%23768!/:?]
	at net.minecraftforge.registries.__EventDispatcher_handleEvent_RegisterEvent.invoke(.dynamic) ~[forge-1.20.1-47.4.22-universal.jar%23768!/:?]
	at net.minecraftforge.eventbus.ASMEventHandler.invoke(ASMEventHandler.java:55) ~[eventbus-6.2.33.jar%2352!/:?]
	at net.minecraftforge.eventbus.EventBus.post(EventBus.java:312) ~[eventbus-6.2.33.jar%2352!/:?]
	at net.minecraftforge.eventbus.EventBus.post(EventBus.java:298) ~[eventbus-6.2.33.jar%2352!/:?]
	at net.minecraftforge.fml.javafmlmod.FMLModContainer.acceptEvent(FMLModContainer.java:121) ~[javafmllanguage-1.20.1-47.4.22.jar%23765!/:?]
	at net.minecraftforge.fml.ModLoader.lambda$postEventWithWrapInModOrder$33(ModLoader.java:346) ~[fmlcore-1.20.1-47.4.22.jar%23764!/:?]
	at java.lang.Iterable.forEach(Iterable.java:75) ~[?:?]
	at net.minecraftforge.fml.ModList.forEachModInOrder(ModList.java:227) ~[fmlcore-1.20.1-47.4.22.jar%23764!/:?]
	at net.minecraftforge.fml.ModLoader.postEventWithWrapInModOrder(ModLoader.java:344) ~[fmlcore-1.20.1-47.4.22.jar%23764!/:?]
	at net.minecraftforge.fml.ModLoader.postEventWrapContainerInModOrder(ModLoader.java:337) ~[fmlcore-1.20.1-47.4.22.jar%23764!/:?]
	at net.minecraftforge.registries.GameData.postRegisterEvents(GameData.java:329) ~[forge-1.20.1-47.4.22-universal.jar%23768!/:?]
	at net.minecraftforge.common.ForgeStatesProvider.lambda$new$4(ForgeStatesProvider.java:25) ~[forge-1.20.1-47.4.22-universal.jar%23768!/:?]
	at net.minecraftforge.fml.ModLoader.handleInlineTransition(ModLoader.java:217) ~[fmlcore-1.20.1-47.4.22.jar%23764!/:?]
	at net.minecraftforge.fml.ModLoader.lambda$dispatchAndHandleError$19(ModLoader.java:209) ~[fmlcore-1.20.1-47.4.22.jar%23764!/:?]
	at java.util.Optional.ifPresent(Optional.java:178) ~[?:?]
	at net.minecraftforge.fml.ModLoader.dispatchAndHandleError(ModLoader.java:209) ~[fmlcore-1.20.1-47.4.22.jar%23764!/:?]
	at net.minecraftforge.fml.ModLoader.lambda$gatherAndInitializeMods$13(ModLoader.java:183) ~[fmlcore-1.20.1-47.4.22.jar%23764!/:?]
	at java.lang.Iterable.forEach(Iterable.java:75) ~[?:?]
	at net.minecraftforge.fml.ModLoader.gatherAndInitializeMods(ModLoader.java:183) ~[fmlcore-1.20.1-47.4.22.jar%23764!/:?]
	at net.minecraftforge.server.loading.ServerModLoader.load(ServerModLoader.java:30) ~[forge-1.20.1-47.4.22-universal.jar%23768!/:?]
	at net.minecraft.server.Main.main(Main.java:125) ~[server-1.20.1-20230612.114412-srg.jar%23763!/:?]
	at jdk.internal.reflect.NativeMethodAccessorImpl.invoke0(Native Method) ~[?:?]
	at jdk.internal.reflect.NativeMethodAccessorImpl.invoke(NativeMethodAccessorImpl.java:77) ~[?:?]
	at jdk.internal.reflect.DelegatingMethodAccessorImpl.invoke(DelegatingMethodAccessorImpl.java:43) ~[?:?]
	at java.lang.reflect.Method.invoke(Method.java:569) ~[?:?]
	at net.minecraftforge.fml.loading.targets.CommonLaunchHandler.runTarget(CommonLaunchHandler.java:111) ~[fmlloader-1.20.1-47.4.22.jar%2369!/:?]
	at net.minecraftforge.fml.loading.targets.CommonLaunchHandler.serverService(CommonLaunchHandler.java:103) ~[fmlloader-1.20.1-47.4.22.jar%2369!/:?]
	at net.minecraftforge.fml.loading.targets.CommonServerLaunchHandler.lambda$makeService$0(CommonServerLaunchHandler.java:27) ~[fmlloader-1.20.1-47.4.22.jar%2369!/:?]
	at cpw.mods.modlauncher.LaunchServiceHandlerDecorator.launch(LaunchServiceHandlerDecorator.java:30) ~[modlauncher-10.0.9.jar%2355!/:?]
	at cpw.mods.modlauncher.LaunchServiceHandler.launch(LaunchServiceHandler.java:53) ~[modlauncher-10.0.9.jar%2355!/:?]
	at cpw.mods.modlauncher.LaunchServiceHandler.launch(LaunchServiceHandler.java:71) ~[modlauncher-10.0.9.jar%2355!/:?]
	at cpw.mods.modlauncher.Launcher.run(Launcher.java:108) ~[modlauncher-10.0.9.jar%2355!/:?]
	at cpw.mods.modlauncher.Launcher.main(Launcher.java:78) ~[modlauncher-10.0.9.jar%2355!/:?]
	at cpw.mods.modlauncher.BootstrapLaunchConsumer.accept(BootstrapLaunchConsumer.java:26) ~[modlauncher-10.0.9.jar%2355!/:?]
	at cpw.mods.modlauncher.BootstrapLaunchConsumer.accept(BootstrapLaunchConsumer.java:23) ~[modlauncher-10.0.9.jar%2355!/:?]
	at cpw.mods.bootstraplauncher.BootstrapLauncher.main(BootstrapLauncher.java:141) ~[bootstraplauncher-1.1.2.jar:?]
[14Aug2026 19:53:00.342] [main/WARN] [Radium Class Analysis/]: Radium Class Analysis Error: Class com.cerbon.bosses_of_mass_destruction.block.custom.MobWardBlock cannot be analysed, because getting declared methods crashes with NoClassDefFoundError: net/minecraft/client/particle/TextureSheetParticle. This is usually caused by modded entities declaring methods that have a return type or parameter type that is annotated with @OnlyIn(Dist.CLIENT). Loading the type is not possible, because it only exists in the CLIENT environment. The recommended fix is to annotate the method with this argument or return type with the same annotation. Lithium handles this error by assuming the class cannot be included in some optimizations.
[14Aug2026 19:53:00.342] [main/ERROR] [net.minecraftforge.eventbus.EventSubclassTransformer/EVENTBUS]: Could not find parent net/minecraft/client/particle/TextureSheetParticle for class com/cerbon/cerbons_api/api/general/particle/SimpleParticle in classloader cpw.mods.modlauncher.TransformingClassLoader@6aae82cc on thread Thread[main,5,main]
[14Aug2026 19:53:00.342] [main/ERROR] [net.minecraftforge.eventbus.EventSubclassTransformer/EVENTBUS]: An error occurred building event handler
java.lang.ClassNotFoundException: net.minecraft.client.particle.TextureSheetParticle
	at cpw.mods.cl.ModuleClassLoader.loadClass(ModuleClassLoader.java:141) ~[securejarhandler-2.1.10.jar:?]
	at java.lang.ClassLoader.loadClass(ClassLoader.java:525) ~[?:?]
	at net.minecraftforge.eventbus.EventSubclassTransformer.buildEvents(EventSubclassTransformer.java:75) ~[eventbus-6.2.33.jar%2352!/:?]
	at net.minecraftforge.eventbus.EventSubclassTransformer.transform(EventSubclassTransformer.java:31) ~[eventbus-6.2.33.jar%2352!/:?]
	at net.minecraftforge.eventbus.EventBusEngine.processClass(EventBusEngine.java:30) ~[eventbus-6.2.33.jar%2352!/:?]
	at net.minecraftforge.eventbus.service.ModLauncherService.processClassWithFlags(ModLauncherService.java:36) ~[eventbus-6.2.33.jar%2352!/:6.2.33]
	at cpw.mods.modlauncher.LaunchPluginHandler.offerClassNodeToPlugins(LaunchPluginHandler.java:88) ~[modlauncher-10.0.9.jar%2355!/:?]
	at cpw.mods.modlauncher.ClassTransformer.transform(ClassTransformer.java:120) ~[modlauncher-10.0.9.jar%2355!/:?]
	at cpw.mods.modlauncher.TransformingClassLoader.maybeTransformClassBytes(TransformingClassLoader.java:50) ~[modlauncher-10.0.9.jar%2355!/:?]
	at cpw.mods.cl.ModuleClassLoader.readerToClass(ModuleClassLoader.java:113) ~[securejarhandler-2.1.10.jar:?]
	at cpw.mods.cl.ModuleClassLoader.lambda$findClass$15(ModuleClassLoader.java:219) ~[securejarhandler-2.1.10.jar:?]
	at cpw.mods.cl.ModuleClassLoader.loadFromModule(ModuleClassLoader.java:229) ~[securejarhandler-2.1.10.jar:?]
	at cpw.mods.cl.ModuleClassLoader.findClass(ModuleClassLoader.java:219) ~[securejarhandler-2.1.10.jar:?]
	at cpw.mods.cl.ModuleClassLoader.loadClass(ModuleClassLoader.java:135) ~[securejarhandler-2.1.10.jar:?]
	at java.lang.ClassLoader.loadClass(ClassLoader.java:525) ~[?:?]
	at java.lang.Class.getDeclaredMethods0(Native Method) ~[?:?]
	at java.lang.Class.privateGetDeclaredMethods(Class.java:3404) ~[?:?]
	at java.lang.Class.getDeclaredMethod(Class.java:2675) ~[?:?]
	at me.jellysquid.mods.lithium.common.reflection.ReflectionUtil.hasMethodOverride(ReflectionUtil.java:13) ~[radium-mc1.20.1-0.12.4+git.26c9d8e.jar%23667!/:?]
	at me.jellysquid.mods.lithium.common.ai.pathing.BlockClassChecker.lambda$hasNonstandardImplementation$0(BlockClassChecker.java:30) ~[radium-mc1.20.1-0.12.4+git.26c9d8e.jar%23667!/:?]
	at java.util.concurrent.ConcurrentHashMap.computeIfAbsent(ConcurrentHashMap.java:1708) ~[?:?]
	at me.jellysquid.mods.lithium.common.ai.pathing.BlockClassChecker.shouldUseDynamicBurningCheck(BlockClassChecker.java:26) ~[radium-mc1.20.1-0.12.4+git.26c9d8e.jar%23667!/:?]
	at net.minecraft.world.level.block.Block.handler$bhm000$postConstruct(Block.java:1140) ~[server-1.20.1-20230612.114412-srg.jar%23763!/:?]
	at net.minecraft.world.level.block.Block.<init>(Block.java:181) ~[server-1.20.1-20230612.114412-srg.jar%23763!/:?]
	at net.minecraft.world.level.block.BaseEntityBlock.<init>(BaseEntityBlock.java:15) ~[server-1.20.1-20230612.114412-srg.jar%23763!/:?]
	at com.cerbon.bosses_of_mass_destruction.block.custom.MobWardBlock.<init>(MobWardBlock.java:45) ~[BOMD-Forge-1.20.1-1.1.1.jar%23469!/:1.1.1]
	at com.cerbon.bosses_of_mass_destruction.block.BMDBlocks.lambda$static$10(BMDBlocks.java:42) ~[BOMD-Forge-1.20.1-1.1.1.jar%23469!/:1.1.1]
	at net.minecraftforge.registries.DeferredRegister.lambda$addEntries$1(DeferredRegister.java:386) ~[forge-1.20.1-47.4.22-universal.jar%23768!/:?]
	at net.minecraftforge.registries.RegisterEvent.register(RegisterEvent.java:59) ~[forge-1.20.1-47.4.22-universal.jar%23768!/:?]
	at net.minecraftforge.registries.DeferredRegister.addEntries(DeferredRegister.java:386) ~[forge-1.20.1-47.4.22-universal.jar%23768!/:?]
	at net.minecraftforge.registries.DeferredRegister$EventDispatcher.handleEvent(DeferredRegister.java:328) ~[forge-1.20.1-47.4.22-universal.jar%23768!/:?]
	at net.minecraftforge.registries.__EventDispatcher_handleEvent_RegisterEvent.invoke(.dynamic) ~[forge-1.20.1-47.4.22-universal.jar%23768!/:?]
	at net.minecraftforge.eventbus.ASMEventHandler.invoke(ASMEventHandler.java:55) ~[eventbus-6.2.33.jar%2352!/:?]
	at net.minecraftforge.eventbus.EventBus.post(EventBus.java:312) ~[eventbus-6.2.33.jar%2352!/:?]
	at net.minecraftforge.eventbus.EventBus.post(EventBus.java:298) ~[eventbus-6.2.33.jar%2352!/:?]
	at net.minecraftforge.fml.javafmlmod.FMLModContainer.acceptEvent(FMLModContainer.java:121) ~[javafmllanguage-1.20.1-47.4.22.jar%23765!/:?]
	at net.minecraftforge.fml.ModLoader.lambda$postEventWithWrapInModOrder$33(ModLoader.java:346) ~[fmlcore-1.20.1-47.4.22.jar%23764!/:?]
	at java.lang.Iterable.forEach(Iterable.java:75) ~[?:?]
	at net.minecraftforge.fml.ModList.forEachModInOrder(ModList.java:227) ~[fmlcore-1.20.1-47.4.22.jar%23764!/:?]
	at net.minecraftforge.fml.ModLoader.postEventWithWrapInModOrder(ModLoader.java:344) ~[fmlcore-1.20.1-47.4.22.jar%23764!/:?]
	at net.minecraftforge.fml.ModLoader.postEventWrapContainerInModOrder(ModLoader.java:337) ~[fmlcore-1.20.1-47.4.22.jar%23764!/:?]
	at net.minecraftforge.registries.GameData.postRegisterEvents(GameData.java:329) ~[forge-1.20.1-47.4.22-universal.jar%23768!/:?]
	at net.minecraftforge.common.ForgeStatesProvider.lambda$new$4(ForgeStatesProvider.java:25) ~[forge-1.20.1-47.4.22-universal.jar%23768!/:?]
	at net.minecraftforge.fml.ModLoader.handleInlineTransition(ModLoader.java:217) ~[fmlcore-1.20.1-47.4.22.jar%23764!/:?]
	at net.minecraftforge.fml.ModLoader.lambda$dispatchAndHandleError$19(ModLoader.java:209) ~[fmlcore-1.20.1-47.4.22.jar%23764!/:?]
	at java.util.Optional.ifPresent(Optional.java:178) ~[?:?]
	at net.minecraftforge.fml.ModLoader.dispatchAndHandleError(ModLoader.java:209) ~[fmlcore-1.20.1-47.4.22.jar%23764!/:?]
	at net.minecraftforge.fml.ModLoader.lambda$gatherAndInitializeMods$13(ModLoader.java:183) ~[fmlcore-1.20.1-47.4.22.jar%23764!/:?]
	at java.lang.Iterable.forEach(Iterable.java:75) ~[?:?]
	at net.minecraftforge.fml.ModLoader.gatherAndInitializeMods(ModLoader.java:183) ~[fmlcore-1.20.1-47.4.22.jar%23764!/:?]
	at net.minecraftforge.server.loading.ServerModLoader.load(ServerModLoader.java:30) ~[forge-1.20.1-47.4.22-universal.jar%23768!/:?]
	at net.minecraft.server.Main.main(Main.java:125) ~[server-1.20.1-20230612.114412-srg.jar%23763!/:?]
	at jdk.internal.reflect.NativeMethodAccessorImpl.invoke0(Native Method) ~[?:?]
	at jdk.internal.reflect.NativeMethodAccessorImpl.invoke(NativeMethodAccessorImpl.java:77) ~[?:?]
	at jdk.internal.reflect.DelegatingMethodAccessorImpl.invoke(DelegatingMethodAccessorImpl.java:43) ~[?:?]
	at java.lang.reflect.Method.invoke(Method.java:569) ~[?:?]
	at net.minecraftforge.fml.loading.targets.CommonLaunchHandler.runTarget(CommonLaunchHandler.java:111) ~[fmlloader-1.20.1-47.4.22.jar%2369!/:?]
	at net.minecraftforge.fml.loading.targets.CommonLaunchHandler.serverService(CommonLaunchHandler.java:103) ~[fmlloader-1.20.1-47.4.22.jar%2369!/:?]
	at net.minecraftforge.fml.loading.targets.CommonServerLaunchHandler.lambda$makeService$0(CommonServerLaunchHandler.java:27) ~[fmlloader-1.20.1-47.4.22.jar%2369!/:?]
	at cpw.mods.modlauncher.LaunchServiceHandlerDecorator.launch(LaunchServiceHandlerDecorator.java:30) ~[modlauncher-10.0.9.jar%2355!/:?]
	at cpw.mods.modlauncher.LaunchServiceHandler.launch(LaunchServiceHandler.java:53) ~[modlauncher-10.0.9.jar%2355!/:?]
	at cpw.mods.modlauncher.LaunchServiceHandler.launch(LaunchServiceHandler.java:71) ~[modlauncher-10.0.9.jar%2355!/:?]
	at cpw.mods.modlauncher.Launcher.run(Launcher.java:108) ~[modlauncher-10.0.9.jar%2355!/:?]
	at cpw.mods.modlauncher.Launcher.main(Launcher.java:78) ~[modlauncher-10.0.9.jar%2355!/:?]
	at cpw.mods.modlauncher.BootstrapLaunchConsumer.accept(BootstrapLaunchConsumer.java:26) ~[modlauncher-10.0.9.jar%2355!/:?]
	at cpw.mods.modlauncher.BootstrapLaunchConsumer.accept(BootstrapLaunchConsumer.java:23) ~[modlauncher-10.0.9.jar%2355!/:?]
	at cpw.mods.bootstraplauncher.BootstrapLauncher.main(BootstrapLauncher.java:141) ~[bootstraplauncher-1.1.2.jar:?]
[14Aug2026 19:53:00.345] [main/WARN] [Radium Class Analysis/]: Radium Class Analysis Error: Class com.cerbon.bosses_of_mass_destruction.block.custom.MobWardBlock cannot be analysed, because getting declared methods crashes with NoClassDefFoundError: net/minecraft/client/particle/TextureSheetParticle. This is usually caused by modded entities declaring methods that have a return type or parameter type that is annotated with @OnlyIn(Dist.CLIENT). Loading the type is not possible, because it only exists in the CLIENT environment. The recommended fix is to annotate the method with this argument or return type with the same annotation. Lithium handles this error by assuming the class cannot be included in some optimizations.
[14Aug2026 19:53:01.420] [main/INFO] [fonnymunkey.simplehats.SimpleHats/]: Generated 238 hat items from hat entries.
[14Aug2026 19:53:01.818] [main/INFO] [Moonlight/]: Initialized block sets in 105ms
[14Aug2026 19:53:02.710] [main/WARN] [dev.architectury.registry.registries.forge.RegistrarManagerImpl/]: Registry entry listened Registry Entry [minecraft:entity_type / mca:grim_reaper] was not realized!
[14Aug2026 19:53:02.710] [main/WARN] [dev.architectury.registry.registries.forge.RegistrarManagerImpl/]: Registry entry listened Registry Entry [minecraft:entity_type / mca:female_villager] was not realized!
[14Aug2026 19:53:02.710] [main/WARN] [dev.architectury.registry.registries.forge.RegistrarManagerImpl/]: Registry entry listened Registry Entry [minecraft:entity_type / mca:male_zombie_villager] was not realized!
[14Aug2026 19:53:02.710] [main/WARN] [dev.architectury.registry.registries.forge.RegistrarManagerImpl/]: Registry entry listened Registry Entry [minecraft:entity_type / mca:female_zombie_villager] was not realized!
[14Aug2026 19:53:02.710] [main/WARN] [dev.architectury.registry.registries.forge.RegistrarManagerImpl/]: Registry entry listened Registry Entry [minecraft:entity_type / mca:male_villager] was not realized!
[14Aug2026 19:53:02.786] [main/WARN] [dev.architectury.registry.registries.forge.RegistrarManagerImpl/]: Registry entry listened Registry Entry [minecraft:entity_type / mca:grim_reaper] was not realized!
[14Aug2026 19:53:02.786] [main/WARN] [dev.architectury.registry.registries.forge.RegistrarManagerImpl/]: Registry entry listened Registry Entry [minecraft:entity_type / mca:female_villager] was not realized!
[14Aug2026 19:53:02.786] [main/WARN] [dev.architectury.registry.registries.forge.RegistrarManagerImpl/]: Registry entry listened Registry Entry [minecraft:entity_type / mca:male_zombie_villager] was not realized!
[14Aug2026 19:53:02.786] [main/WARN] [dev.architectury.registry.registries.forge.RegistrarManagerImpl/]: Registry entry listened Registry Entry [minecraft:entity_type / mca:female_zombie_villager] was not realized!
[14Aug2026 19:53:02.786] [main/WARN] [dev.architectury.registry.registries.forge.RegistrarManagerImpl/]: Registry entry listened Registry Entry [minecraft:entity_type / mca:male_villager] was not realized!
[14Aug2026 19:53:04.113] [main/INFO] [ModdingLegacy/StructureGel/]: [structure_gel] Registering data for structure_gel:loot_table_alias
[14Aug2026 19:53:04.127] [main/INFO] [ModdingLegacy/StructureGel/]: [structure_gel] Registering data for structure_gel:data_handler_type
[14Aug2026 19:53:04.127] [main/INFO] [ModdingLegacy/StructureGel/]: [structure_gel] Registering data for structure_gel:dynamic_spawner
[14Aug2026 19:53:04.129] [main/INFO] [ModdingLegacy/StructureGel/]: [structure_gel] Registering data for structure_gel:jigsaw_type
[14Aug2026 19:53:04.194] [main/INFO] [io.github.lightman314.lightmanscurrency.LightmansCurrency/]: CoinsInChestModifier was deserialized!
[14Aug2026 19:53:04.206] [main/WARN] [net.minecraftforge.registries.ForgeRegistry/REGISTRIES]: Registry forge:global_loot_modifier_serializers: The object RecordCodec[UnitDecoder[vectorwing.farmersdelight.common.loot.modifier.AddItemModifier$$Lambda$30663/0x000076b95bcace90@2cbc6479] * Field[conditions: passthrough[flatXmapped]] * Field[item: net.minecraftforge.registries.ForgeRegistry$RegistryCodec@6f9c55f8] * OptionalFieldCodec[count: Int][xmapped]] has been registered twice for the same name farmersdelight:add_item.
[14Aug2026 19:53:04.206] [main/WARN] [net.minecraftforge.registries.ForgeRegistry/REGISTRIES]: Registry forge:global_loot_modifier_serializers: The object RecordCodec[UnitDecoder[vectorwing.farmersdelight.common.loot.modifier.ReplaceItemModifier$$Lambda$30668/0x000076b95bcad9d0@6bd83e02] * Field[conditions: passthrough[flatXmapped]] * Field[removed_item: net.minecraftforge.registries.ForgeRegistry$RegistryCodec@6f9c55f8] * Field[added_item: net.minecraftforge.registries.ForgeRegistry$RegistryCodec@6f9c55f8] * OptionalFieldCodec[count: Int][xmapped]] has been registered twice for the same name farmersdelight:replace_item.
[14Aug2026 19:53:04.207] [main/WARN] [net.minecraftforge.registries.ForgeRegistry/REGISTRIES]: Registry forge:global_loot_modifier_serializers: The object RecordCodec[UnitDecoder[vectorwing.farmersdelight.common.loot.modifier.AddLootTableModifier$$Lambda$30671/0x000076b95bcae0a0@b2da80b] * Field[conditions: passthrough[flatXmapped]] * Field[lootTable: String[comapFlatMapped]]] has been registered twice for the same name farmersdelight:add_loot_table.
[14Aug2026 19:53:04.207] [main/WARN] [net.minecraftforge.registries.ForgeRegistry/REGISTRIES]: Registry forge:global_loot_modifier_serializers: The object RecordCodec[UnitDecoder[vectorwing.farmersdelight.common.loot.modifier.PastrySlicingModifier$$Lambda$30674/0x000076b95bcae750@12ae9406] * Field[conditions: passthrough[flatXmapped]] * Field[slice: net.minecraftforge.registries.ForgeRegistry$RegistryCodec@6f9c55f8]] has been registered twice for the same name farmersdelight:pastry_slicing.
[14Aug2026 19:53:04.583] [main/WARN] [net.minecraft.network.syncher.SynchedEntityData/]: defineId called for: class forge.net.mca.entity.VillagerEntityMCA from class forge.net.mca.util.network.datasync.CDataParameter
[14Aug2026 19:53:04.584] [main/WARN] [net.minecraft.network.syncher.SynchedEntityData/]: defineId called for: class forge.net.mca.entity.VillagerEntityMCA from class forge.net.mca.util.network.datasync.CDataParameter
[14Aug2026 19:53:04.584] [main/WARN] [net.minecraft.network.syncher.SynchedEntityData/]: defineId called for: class forge.net.mca.entity.VillagerEntityMCA from class forge.net.mca.util.network.datasync.CDataParameter
[14Aug2026 19:53:04.584] [main/WARN] [net.minecraft.network.syncher.SynchedEntityData/]: defineId called for: class forge.net.mca.entity.VillagerEntityMCA from class forge.net.mca.util.network.datasync.CDataParameter
[14Aug2026 19:53:04.584] [main/WARN] [net.minecraft.network.syncher.SynchedEntityData/]: defineId called for: class forge.net.mca.entity.VillagerEntityMCA from class forge.net.mca.util.network.datasync.CDataParameter
[14Aug2026 19:53:04.584] [main/WARN] [net.minecraft.network.syncher.SynchedEntityData/]: defineId called for: class forge.net.mca.entity.VillagerEntityMCA from class forge.net.mca.util.network.datasync.CDataParameter
[14Aug2026 19:53:04.585] [main/WARN] [net.minecraft.network.syncher.SynchedEntityData/]: defineId called for: class forge.net.mca.entity.VillagerEntityMCA from class forge.net.mca.util.network.datasync.CDataParameter
[14Aug2026 19:53:04.585] [main/WARN] [net.minecraft.network.syncher.SynchedEntityData/]: defineId called for: class forge.net.mca.entity.VillagerEntityMCA from class forge.net.mca.util.network.datasync.CEnumParameter
[14Aug2026 19:53:04.587] [main/WARN] [net.minecraft.network.syncher.SynchedEntityData/]: defineId called for: class forge.net.mca.entity.VillagerEntityMCA from class forge.net.mca.util.network.datasync.CDataParameter
[14Aug2026 19:53:04.587] [main/WARN] [net.minecraft.network.syncher.SynchedEntityData/]: defineId called for: class forge.net.mca.entity.VillagerEntityMCA from class forge.net.mca.util.network.datasync.CDataParameter
[14Aug2026 19:53:04.587] [main/WARN] [net.minecraft.network.syncher.SynchedEntityData/]: defineId called for: class forge.net.mca.entity.VillagerEntityMCA from class forge.net.mca.util.network.datasync.CDataParameter
[14Aug2026 19:53:04.587] [main/WARN] [net.minecraft.network.syncher.SynchedEntityData/]: defineId called for: class forge.net.mca.entity.VillagerEntityMCA from class forge.net.mca.util.network.datasync.CDataParameter
[14Aug2026 19:53:04.587] [main/WARN] [net.minecraft.network.syncher.SynchedEntityData/]: defineId called for: class forge.net.mca.entity.VillagerEntityMCA from class forge.net.mca.util.network.datasync.CDataParameter
[14Aug2026 19:53:04.588] [main/WARN] [net.minecraft.network.syncher.SynchedEntityData/]: defineId called for: class forge.net.mca.entity.VillagerEntityMCA from class forge.net.mca.util.network.datasync.CDataParameter
[14Aug2026 19:53:04.588] [main/WARN] [net.minecraft.network.syncher.SynchedEntityData/]: defineId called for: class forge.net.mca.entity.VillagerEntityMCA from class forge.net.mca.util.network.datasync.CDataParameter
[14Aug2026 19:53:04.588] [main/WARN] [net.minecraft.network.syncher.SynchedEntityData/]: defineId called for: class forge.net.mca.entity.VillagerEntityMCA from class forge.net.mca.util.network.datasync.CDataParameter
[14Aug2026 19:53:04.588] [main/WARN] [net.minecraft.network.syncher.SynchedEntityData/]: defineId called for: class forge.net.mca.entity.VillagerEntityMCA from class forge.net.mca.util.network.datasync.CDataParameter
[14Aug2026 19:53:04.588] [main/WARN] [net.minecraft.network.syncher.SynchedEntityData/]: defineId called for: class forge.net.mca.entity.VillagerEntityMCA from class forge.net.mca.util.network.datasync.CDataParameter
[14Aug2026 19:53:04.588] [main/WARN] [net.minecraft.network.syncher.SynchedEntityData/]: defineId called for: class forge.net.mca.entity.VillagerEntityMCA from class forge.net.mca.util.network.datasync.CDataParameter
[14Aug2026 19:53:04.589] [main/WARN] [net.minecraft.network.syncher.SynchedEntityData/]: defineId called for: class forge.net.mca.entity.VillagerEntityMCA from class forge.net.mca.util.network.datasync.CEnumParameter
[14Aug2026 19:53:04.589] [main/WARN] [net.minecraft.network.syncher.SynchedEntityData/]: defineId called for: class forge.net.mca.entity.VillagerEntityMCA from class forge.net.mca.util.network.datasync.CDataParameter
[14Aug2026 19:53:04.593] [main/WARN] [net.minecraft.network.syncher.SynchedEntityData/]: defineId called for: class forge.net.mca.entity.VillagerEntityMCA from class forge.net.mca.util.network.datasync.CDataParameter
[14Aug2026 19:53:04.594] [main/WARN] [net.minecraft.network.syncher.SynchedEntityData/]: defineId called for: class forge.net.mca.entity.VillagerEntityMCA from class forge.net.mca.util.network.datasync.CEnumParameter
[14Aug2026 19:53:04.594] [main/WARN] [net.minecraft.network.syncher.SynchedEntityData/]: defineId called for: class forge.net.mca.entity.VillagerEntityMCA from class forge.net.mca.util.network.datasync.CDataParameter
[14Aug2026 19:53:04.594] [main/WARN] [net.minecraft.network.syncher.SynchedEntityData/]: defineId called for: class forge.net.mca.entity.VillagerEntityMCA from class forge.net.mca.util.network.datasync.CEnumParameter
[14Aug2026 19:53:04.594] [main/WARN] [net.minecraft.network.syncher.SynchedEntityData/]: defineId called for: class forge.net.mca.entity.VillagerEntityMCA from class forge.net.mca.util.network.datasync.CEnumParameter
[14Aug2026 19:53:04.594] [main/WARN] [net.minecraft.network.syncher.SynchedEntityData/]: defineId called for: class forge.net.mca.entity.VillagerEntityMCA from class forge.net.mca.util.network.datasync.CDataParameter
[14Aug2026 19:53:04.594] [main/WARN] [net.minecraft.network.syncher.SynchedEntityData/]: defineId called for: class forge.net.mca.entity.VillagerEntityMCA from class forge.net.mca.util.network.datasync.CDataParameter
[14Aug2026 19:53:04.594] [main/WARN] [net.minecraft.network.syncher.SynchedEntityData/]: defineId called for: class forge.net.mca.entity.VillagerEntityMCA from class forge.net.mca.util.network.datasync.CDataParameter
[14Aug2026 19:53:04.595] [main/WARN] [net.minecraft.network.syncher.SynchedEntityData/]: defineId called for: class forge.net.mca.entity.VillagerEntityMCA from class forge.net.mca.util.network.datasync.CDataParameter
[14Aug2026 19:53:04.595] [main/WARN] [net.minecraft.network.syncher.SynchedEntityData/]: defineId called for: class forge.net.mca.entity.VillagerEntityMCA from class forge.net.mca.util.network.datasync.CDataParameter
[14Aug2026 19:53:04.597] [main/WARN] [net.minecraft.network.syncher.SynchedEntityData/]: defineId called for: class forge.net.mca.entity.VillagerEntityMCA from class forge.net.mca.util.network.datasync.CDataParameter
[14Aug2026 19:53:04.603] [main/WARN] [net.minecraft.network.syncher.SynchedEntityData/]: defineId called for: class forge.net.mca.entity.VillagerEntityMCA from class forge.net.mca.util.network.datasync.CDataParameter
[14Aug2026 19:53:04.603] [main/WARN] [net.minecraft.network.syncher.SynchedEntityData/]: defineId called for: class forge.net.mca.entity.VillagerEntityMCA from class forge.net.mca.util.network.datasync.CDataParameter
[14Aug2026 19:53:04.605] [main/WARN] [net.minecraft.network.syncher.SynchedEntityData/]: defineId called for: class forge.net.mca.entity.VillagerEntityMCA from class forge.net.mca.util.network.datasync.CDataParameter
[14Aug2026 19:53:04.605] [main/WARN] [net.minecraft.network.syncher.SynchedEntityData/]: defineId called for: class forge.net.mca.entity.VillagerEntityMCA from class forge.net.mca.util.network.datasync.CDataParameter
[14Aug2026 19:53:04.605] [main/WARN] [net.minecraft.network.syncher.SynchedEntityData/]: defineId called for: class forge.net.mca.entity.VillagerEntityMCA from class forge.net.mca.util.network.datasync.CDataParameter
[14Aug2026 19:53:04.606] [main/WARN] [net.minecraft.network.syncher.SynchedEntityData/]: defineId called for: class forge.net.mca.entity.GrimReaperEntity from class forge.net.mca.util.network.datasync.CEnumParameter
[14Aug2026 19:53:04.607] [main/WARN] [net.minecraft.network.syncher.SynchedEntityData/]: defineId called for: class net.minecraft.world.entity.GlowSquid from class com.nitespring.monsterplus.common.entity.GlowSkeleton
[14Aug2026 19:53:04.623] [main/WARN] [net.minecraft.network.syncher.SynchedEntityData/]: defineId called for: class net.mcreator.borninchaosv.entity.BabySpiderEntity from class net.mcreator.borninchaosv.entity.MotherSpiderEntity
[14Aug2026 19:53:05.007] [main/INFO] [com.cupboard.Cupboard/]: Loaded config for: connectivity.json
[14Aug2026 19:53:05.021] [main/INFO] [Puzzles Lib/]: Loading common config for mutantmonsters
[14Aug2026 19:53:05.041] [main/INFO] [roe.weapons.RoeWeaponsMod/]: RoeWeapons config loaded
[14Aug2026 19:53:05.219] [main/INFO] [Puzzles Lib/]: Loading common config for universalenchants
[14Aug2026 19:53:05.220] [main/INFO] [Puzzles Lib/]: Loading common config for bettertridents
[14Aug2026 19:53:05.410] [modloading-worker-0/INFO] [tn.naizo.jauml.JaumlCore/]: HELLO FROM COMMON SETUP
[14Aug2026 19:53:05.412] [modloading-worker-0/INFO] [JaumlInit/]: Initializing JAUML JSON library and verifying configuration...
[14Aug2026 19:53:05.412] [modloading-worker-0/INFO] [JaumlInit/]: Compatibility check passed. Library version: 2.1.1, Required: 2.1.0
[14Aug2026 19:53:05.418] [modloading-worker-0/INFO] [JaumlInit/]: JAUML config loaded successfully. Version: 2.0
[14Aug2026 19:53:05.418] [modloading-worker-0/INFO] [JaumlInit/]: Active configuration state - enabled: true, maxPlayers: 20
[14Aug2026 19:53:05.419] [modloading-worker-0/INFO] [JaumlInit/]: JAUML configuration startup initialization completed successfully.
[14Aug2026 19:53:05.419] [modloading-worker-0/INFO] [Better Compatibility Checker/]: Better Compatibility Checker setup
[14Aug2026 19:53:05.422] [modloading-worker-0/INFO] [net.poe.entitylootdrops.EntityLootDrops/]: Entity Loot Drops setup complete
[14Aug2026 19:53:05.466] [modloading-worker-0/ERROR] [mixin/]: Injection error: LVT in vazkii/botania/common/block/ManastormChargeBlock$ManaTriggerImpl::onBurstCollision(Lvazkii/botania/api/internal/ManaBurst;)V has incompatible changes at opcode 80 in callback flan_fixes_botania.mixins.json:ManastormChargeBlockManaTriggerImplMixin->@Inject::flan_fixes$ManastormChargeBlock_ManaTriggerImpl_addFreshEntity(Lvazkii/botania/api/internal/ManaBurst;Lorg/spongepowered/asm/mixin/injection/callback/CallbackInfo;Lvazkii/botania/common/entity/ManaStormEntity;)V.
 Expected: [Lvazkii/botania/common/entity/ManaStormEntity;]
    Found: [Lnet/minecraft/world/entity/projectile/Projectile;]
Available: [Lnet/minecraft/world/entity/projectile/Projectile;, Lnet/minecraft/server/level/ServerPlayer;, Lvazkii/botania/common/entity/ManaStormEntity;]
[14Aug2026 19:53:05.480] [modloading-worker-0/INFO] [thetadev.constructionwand.ConstructionWand/]: ConstructionWand says hello - may the odds be ever in your favor.
[14Aug2026 19:53:05.494] [modloading-worker-0/INFO] [thetadev.constructionwand.ConstructionWand/]: Botania integration added
[14Aug2026 19:53:05.518] [modloading-worker-0/INFO] [me.steinborn.krypton.mod.shared.Krypton/]: Compression will use libdeflate (Linux x86_64), encryption will use OpenSSL 3.0.x (Linux x86_64)
[14Aug2026 19:53:05.586] [modloading-worker-0/INFO] [net.poe.acu.Acu/]: Arrow Cleanup Mod common setup complete!
[14Aug2026 19:53:05.676] [Thread-0/INFO] [ModernFix/]: Please use /mfsrc to reload any changed mod config files
[14Aug2026 19:53:05.698] [Forge Version Check/INFO] [net.minecraftforge.fml.VersionChecker/]: [saturn] Starting version check at https://github.com/AbdElAziz333/Saturn/raw/mc1.20.1/dev/updates.json
[14Aug2026 19:53:05.716] [modloading-worker-0/INFO] [com.logprot.Logprot/]: Shields up!
[14Aug2026 19:53:06.073] [modloading-worker-0/INFO] [com.darkere.serverconfigupdater.ServerConfigUpdater/]: Attempting to delete 1 files/folders defined in config
[14Aug2026 19:53:06.164] [Forge Version Check/WARN] [net.minecraftforge.fml.VersionChecker/]: Failed to process update information
com.google.gson.JsonSyntaxException: java.lang.IllegalStateException: Expected BEGIN_OBJECT but was STRING at line 9 column 1 path $
	at com.google.gson.Gson.fromJson(Gson.java:1226) ~[gson-2.10.jar%2372!/:?]
	at com.google.gson.Gson.fromJson(Gson.java:1124) ~[gson-2.10.jar%2372!/:?]
	at com.google.gson.Gson.fromJson(Gson.java:1034) ~[gson-2.10.jar%2372!/:?]
	at com.google.gson.Gson.fromJson(Gson.java:969) ~[gson-2.10.jar%2372!/:?]
	at net.minecraftforge.fml.VersionChecker$1.process(VersionChecker.java:186) ~[fmlcore-1.20.1-47.4.22.jar%23764!/:?]
	at java.lang.Iterable.forEach(Iterable.java:75) ~[?:?]
	at net.minecraftforge.fml.VersionChecker$1.run(VersionChecker.java:117) ~[fmlcore-1.20.1-47.4.22.jar%23764!/:?]
Caused by: java.lang.IllegalStateException: Expected BEGIN_OBJECT but was STRING at line 9 column 1 path $
	at com.google.gson.stream.JsonReader.beginObject(JsonReader.java:393) ~[gson-2.10.jar%2372!/:?]
	at com.google.gson.internal.bind.MapTypeAdapterFactory$Adapter.read(MapTypeAdapterFactory.java:182) ~[gson-2.10.jar%2372!/:?]
	at com.google.gson.internal.bind.MapTypeAdapterFactory$Adapter.read(MapTypeAdapterFactory.java:144) ~[gson-2.10.jar%2372!/:?]
	at com.google.gson.Gson.fromJson(Gson.java:1214) ~[gson-2.10.jar%2372!/:?]
	... 6 more
[14Aug2026 19:53:06.167] [Forge Version Check/INFO] [net.minecraftforge.fml.VersionChecker/]: [maxhealthfix] Starting version check at https://updates.blamejared.com/get?n=maxhealthfix&gv=1.20.1
[14Aug2026 19:53:06.262] [modloading-worker-0/WARN] [Exile Log: com.robertx22.library_of_exile.registry.ExileRegistryContainer/]: Entry of type: mmorpg_stat_condition already exists as seriazable: random_roll
[14Aug2026 19:53:06.623] [modloading-worker-0/INFO] [com.sk89q.worldedit.extension.platform.PlatformManager/]: Got request to register class com.sk89q.worldedit.forge.ForgePlatform with WorldEdit [com.sk89q.worldedit.extension.platform.PlatformManager@4bf2ee40]
[14Aug2026 19:53:06.640] [modloading-worker-0/INFO] [com.sk89q.worldedit.forge.ForgeWorldEdit/]: WorldEdit for Forge (version 7.2.15+6463-5ca4dff) is loaded
[14Aug2026 19:53:06.655] [modloading-worker-0/INFO] [com.github.nyuppo.MoreMobVariants/]: Giving mobs a fresh coat of paint...
[14Aug2026 19:53:06.671] [modloading-worker-0/INFO] [com.chunksending.ChunkSending/]: chunksending mod initialized
[14Aug2026 19:53:06.706] [Forge Version Check/INFO] [net.minecraftforge.fml.VersionChecker/]: [maxhealthfix] Found status: BETA Current: 12.0.4 Target: 12.0.4
[14Aug2026 19:53:06.706] [Forge Version Check/INFO] [net.minecraftforge.fml.VersionChecker/]: [pickupnotifier] Starting version check at https://raw.githubusercontent.com/Fuzss/modresources/main/update/pickupnotifier.json
[14Aug2026 19:53:06.790] [modloading-worker-0/INFO] [com.connectivity.Connectivity/]: Connectivity initialized
[14Aug2026 19:53:06.806] [Forge Version Check/INFO] [net.minecraftforge.fml.VersionChecker/]: [pickupnotifier] Found status: UP_TO_DATE Current: 8.0.0 Target: null
[14Aug2026 19:53:06.806] [Forge Version Check/INFO] [net.minecraftforge.fml.VersionChecker/]: [ctov] Starting version check at https://api.modrinth.com/updates/fgmhI8kH/forge_updates.json
[14Aug2026 19:53:06.859] [modloading-worker-0/INFO] [com.structureessentials.StructureEssentials/]: structureessentials mod initialized
[14Aug2026 19:53:06.921] [modloading-worker-0/INFO] [Achievements Optimizer/]: Enabling Achievement Optimizer
[14Aug2026 19:53:06.929] [modloading-worker-0/INFO] [ch.capez.dsbg.Dsbg/]: Loading DSBG...
[14Aug2026 19:53:06.943] [modloading-worker-0/INFO] [com.respawningstructures.RespawningStructures/]: respawningstructures mod initialized
[14Aug2026 19:53:06.951] [modloading-worker-0/INFO] [net.poe.entityfishingdrops.Entityfishingdrops/]: Setting up EntityFishingDrops mod...
[14Aug2026 19:53:06.975] [modloading-worker-0/INFO] [net.poe.entityfishingdrops.Entityfishingdrops/]: Loaded 12 total drop entries
[14Aug2026 19:53:06.976] [modloading-worker-0/INFO] [net.poe.entityfishingdrops.Entityfishingdrops/]: Loaded 0 active fishing events
[14Aug2026 19:53:06.980] [modloading-worker-0/INFO] [net.poe.entityfishingdrops.Entityfishingdrops/]: Loaded event messages configuration
[14Aug2026 19:53:06.982] [modloading-worker-0/INFO] [net.poe.entityfishingdrops.Entityfishingdrops/]: Generated README.txt file
[14Aug2026 19:53:06.982] [modloading-worker-0/INFO] [net.poe.entityfishingdrops.Entityfishingdrops/]: EntityFishingDrops mod setup complete!
[14Aug2026 19:53:06.991] [Forge Version Check/INFO] [net.minecraftforge.fml.VersionChecker/]: [ctov] Found status: UP_TO_DATE Current: 3.4.14 Target: null
[14Aug2026 19:53:06.991] [Forge Version Check/INFO] [net.minecraftforge.fml.VersionChecker/]: [supplementaries] Starting version check at https://api.modrinth.com/updates/supplementaries/forge_updates.json
[14Aug2026 19:53:07.039] [modloading-worker-0/INFO] [xaero.lib.XaeroLib/]: Loading XaeroLib common 1/2!
[14Aug2026 19:53:07.090] [modloading-worker-0/INFO] [cn.mcmod_mmf.mmlib.Main/]: Presented by Zaia
[14Aug2026 19:53:07.092] [modloading-worker-0/INFO] [com.samgj15.nightlights.NightLightsMain/]: Hey, it's Night Lights!
[14Aug2026 19:53:07.132] [modloading-worker-0/INFO] [com.nightbeam.remnants.RemnantBossesMod/]: Remnant Bosses mod loaded successfully
[14Aug2026 19:53:07.139] [modloading-worker-0/INFO] [CorgiLib/]: Initializing network...
[14Aug2026 19:53:07.144] [modloading-worker-0/INFO] [CorgiLib/]: Initialized network!
[14Aug2026 19:53:07.147] [modloading-worker-0/INFO] [FTB Library/]: Setting game stages provider implementation to: KubeJS Stages
[14Aug2026 19:53:07.150] [modloading-worker-0/INFO] [FTB XMod Compat/]: Chose [KubeJS Stages] as the active game stages implementation
[14Aug2026 19:53:07.153] [modloading-worker-0/INFO] [FTB XMod Compat/]: Chose [FALLBACK] as the active permissions implementation
[14Aug2026 19:53:07.159] [modloading-worker-0/INFO] [FTB XMod Compat/]: [FTB Quests] recipe helper provider is [JEI]
[14Aug2026 19:53:07.164] [modloading-worker-0/INFO] [FTB XMod Compat/]: [FTB Quests] Enabled Item Filters integration
[14Aug2026 19:53:07.231] [Forge Version Check/INFO] [net.minecraftforge.fml.VersionChecker/]: [supplementaries] Found status: OUTDATED Current: 1.20-3.1.43 Target: 1.20-3.1.43-forge
[14Aug2026 19:53:07.231] [Forge Version Check/INFO] [net.minecraftforge.fml.VersionChecker/]: [structure_gel] Starting version check at http://changelogs.moddinglegacy.com/structure-gel.json
[14Aug2026 19:53:07.275] [main/INFO] [Supplementaries/]: Finished mod setup in: [0, 5, 0, 3, 0, 1, 18, 1] ms
[14Aug2026 19:53:07.412] [Forge Version Check/INFO] [net.minecraftforge.fml.VersionChecker/]: [structure_gel] Found status: BETA Current: 2.16.2 Target: null
[14Aug2026 19:53:07.412] [Forge Version Check/INFO] [net.minecraftforge.fml.VersionChecker/]: [advancementplaques] Starting version check at https://mc-update-check.anthonyhilyard.com/499826
[14Aug2026 19:53:07.447] [main/INFO] [io.github.lightman314.lightmanscurrency.LightmansCurrency/]: Reloading config/lightmanscurrency-common.txt
[14Aug2026 19:53:07.480] [main/INFO] [io.github.lightman314.lightmanscurrency.LightmansCurrency/]: ATM Icon Type 'lightmanscurrency:item' has been registered successfully.
[14Aug2026 19:53:07.482] [main/INFO] [io.github.lightman314.lightmanscurrency.LightmansCurrency/]: ATM Icon Type 'lightmanscurrency:small_arrow' has been registered successfully.
[14Aug2026 19:53:07.483] [main/INFO] [io.github.lightman314.lightmanscurrency.LightmansCurrency/]: ATM Icon Type 'lightmanscurrency:texture' has been registered successfully.
[14Aug2026 19:53:07.540] [main/INFO] [io.github.lightman314.lightmanscurrency.LightmansCurrency/]: Registered TraderType lightmanscurrency:item_trader
[14Aug2026 19:53:07.543] [main/INFO] [io.github.lightman314.lightmanscurrency.LightmansCurrency/]: Registered TraderType lightmanscurrency:item_trader_armor
[14Aug2026 19:53:07.544] [main/INFO] [io.github.lightman314.lightmanscurrency.LightmansCurrency/]: Registered TraderType lightmanscurrency:item_trader_ticket
[14Aug2026 19:53:07.545] [main/INFO] [io.github.lightman314.lightmanscurrency.LightmansCurrency/]: Registered TraderType lightmanscurrency:item_trader_book
[14Aug2026 19:53:07.548] [main/INFO] [io.github.lightman314.lightmanscurrency.LightmansCurrency/]: Registered TraderType lightmanscurrency:slot_machine_trader
[14Aug2026 19:53:07.549] [main/INFO] [io.github.lightman314.lightmanscurrency.LightmansCurrency/]: Registered TraderType lightmanscurrency:paygate
[14Aug2026 19:53:07.558] [main/INFO] [io.github.lightman314.lightmanscurrency.LightmansCurrency/]: Registered TraderType lightmanscurrency:auction_house
[14Aug2026 19:53:07.560] [main/INFO] [io.github.lightman314.lightmanscurrency.LightmansCurrency/]: Registered TraderType lightmanscurrency:commands
[14Aug2026 19:53:07.562] [main/INFO] [io.github.lightman314.lightmanscurrency.LightmansCurrency/]: Registered TraderType lightmanscurrency:gacha
[14Aug2026 19:53:07.565] [main/INFO] [io.github.lightman314.lightmanscurrency.LightmansCurrency/]: Registered TradeRuleType lightmanscurrency:player_list
[14Aug2026 19:53:07.565] [main/INFO] [io.github.lightman314.lightmanscurrency.LightmansCurrency/]: Registered TradeRuleType lightmanscurrency:player_trade_limit
[14Aug2026 19:53:07.565] [main/INFO] [io.github.lightman314.lightmanscurrency.LightmansCurrency/]: Registered TradeRuleType lightmanscurrency:discount_list
[14Aug2026 19:53:07.565] [main/INFO] [io.github.lightman314.lightmanscurrency.LightmansCurrency/]: Registered TradeRuleType lightmanscurrency:timed_sale
[14Aug2026 19:53:07.565] [main/INFO] [io.github.lightman314.lightmanscurrency.LightmansCurrency/]: Registered TradeRuleType lightmanscurrency:trade_limit
[14Aug2026 19:53:07.565] [main/INFO] [io.github.lightman314.lightmanscurrency.LightmansCurrency/]: Registered TradeRuleType lightmanscurrency:free_sample
[14Aug2026 19:53:07.566] [main/INFO] [io.github.lightman314.lightmanscurrency.LightmansCurrency/]: Registered TradeRuleType lightmanscurrency:price_fluctuation
[14Aug2026 19:53:07.566] [main/INFO] [io.github.lightman314.lightmanscurrency.LightmansCurrency/]: Registered TradeRuleType lightmanscurrency:demand_pricing
[14Aug2026 19:53:07.566] [main/INFO] [io.github.lightman314.lightmanscurrency.LightmansCurrency/]: Registered TradeRuleType lightmanscurrency:daily_trades
[14Aug2026 19:53:07.566] [main/INFO] [io.github.lightman314.lightmanscurrency.LightmansCurrency/]: Registered TradeRuleType lightmanscurrency:discount_code
[14Aug2026 19:53:07.567] [main/INFO] [io.github.lightman314.lightmanscurrency.LightmansCurrency/]: Registered NotificationType lightmanscurrency:item_trade
[14Aug2026 19:53:07.567] [main/INFO] [io.github.lightman314.lightmanscurrency.LightmansCurrency/]: Registered NotificationType lightmanscurrency:paygate_trade
[14Aug2026 19:53:07.567] [main/INFO] [io.github.lightman314.lightmanscurrency.LightmansCurrency/]: Registered NotificationType lightmanscurrency:slot_machine_trade
[14Aug2026 19:53:07.567] [main/INFO] [io.github.lightman314.lightmanscurrency.LightmansCurrency/]: Registered NotificationType lightmanscurrency:out_of_stock
[14Aug2026 19:53:07.568] [main/INFO] [io.github.lightman314.lightmanscurrency.LightmansCurrency/]: Registered NotificationType lightmanscurrency:bank_low_balance
[14Aug2026 19:53:07.568] [main/INFO] [io.github.lightman314.lightmanscurrency.LightmansCurrency/]: Registered NotificationType lightmanscurrency:auction_house_seller
[14Aug2026 19:53:07.568] [main/INFO] [io.github.lightman314.lightmanscurrency.LightmansCurrency/]: Registered NotificationType lightmanscurrency:auction_house_buyer
[14Aug2026 19:53:07.568] [main/INFO] [io.github.lightman314.lightmanscurrency.LightmansCurrency/]: Registered NotificationType lightmanscurrency:auction_house_seller_nobid
[14Aug2026 19:53:07.568] [main/INFO] [io.github.lightman314.lightmanscurrency.LightmansCurrency/]: Registered NotificationType lightmanscurrency:auction_house_outbid
[14Aug2026 19:53:07.568] [main/INFO] [io.github.lightman314.lightmanscurrency.LightmansCurrency/]: Registered NotificationType lightmanscurrency:auction_house_canceled
[14Aug2026 19:53:07.569] [main/INFO] [io.github.lightman314.lightmanscurrency.LightmansCurrency/]: Registered NotificationType lightmanscurrency:text
[14Aug2026 19:53:07.569] [main/INFO] [io.github.lightman314.lightmanscurrency.LightmansCurrency/]: Registered NotificationType lightmanscurrency:add_remove_ally
[14Aug2026 19:53:07.570] [main/INFO] [io.github.lightman314.lightmanscurrency.LightmansCurrency/]: Registered NotificationType lightmanscurrency:add_remove_trade
[14Aug2026 19:53:07.570] [main/INFO] [io.github.lightman314.lightmanscurrency.LightmansCurrency/]: Registered NotificationType lightmanscurrency:change_ally_permissions
[14Aug2026 19:53:07.570] [main/INFO] [io.github.lightman314.lightmanscurrency.LightmansCurrency/]: Registered NotificationType lightmanscurrency:change_creative
[14Aug2026 19:53:07.570] [main/INFO] [io.github.lightman314.lightmanscurrency.LightmansCurrency/]: Registered NotificationType lightmanscurrency:changed_name
[14Aug2026 19:53:07.570] [main/INFO] [io.github.lightman314.lightmanscurrency.LightmansCurrency/]: Registered NotificationType lightmanscurrency:change_ownership
[14Aug2026 19:53:07.570] [main/INFO] [io.github.lightman314.lightmanscurrency.LightmansCurrency/]: Registered NotificationType lightmanscurrency:change_settings_simple
[14Aug2026 19:53:07.571] [main/INFO] [io.github.lightman314.lightmanscurrency.LightmansCurrency/]: Registered NotificationType lightmanscurrency:change_settings_advanced
[14Aug2026 19:53:07.571] [main/INFO] [io.github.lightman314.lightmanscurrency.LightmansCurrency/]: Registered NotificationType lightmanscurrency:change_settings_dumb
[14Aug2026 19:53:07.573] [main/INFO] [io.github.lightman314.lightmanscurrency.LightmansCurrency/]: Registered NotificationType lightmanscurrency:bank_deposit_player
[14Aug2026 19:53:07.573] [main/INFO] [io.github.lightman314.lightmanscurrency.LightmansCurrency/]: Registered NotificationType lightmanscurrency:bank_deposit_trader
[14Aug2026 19:53:07.574] [main/INFO] [io.github.lightman314.lightmanscurrency.LightmansCurrency/]: Registered NotificationType lightmanscurrency:bank_deposit_server
[14Aug2026 19:53:07.574] [main/INFO] [io.github.lightman314.lightmanscurrency.LightmansCurrency/]: Registered NotificationType lightmanscurrency:bank_transfer
[14Aug2026 19:53:07.574] [main/INFO] [io.github.lightman314.lightmanscurrency.LightmansCurrency/]: Registered NotificationType lightmanscurrency:bank_interest
[14Aug2026 19:53:07.574] [main/INFO] [io.github.lightman314.lightmanscurrency.LightmansCurrency/]: Registered NotificationType lightmanscurrency:taxes_collected
[14Aug2026 19:53:07.574] [main/INFO] [io.github.lightman314.lightmanscurrency.LightmansCurrency/]: Registered NotificationType lightmanscurrency:taxes_paid
[14Aug2026 19:53:07.574] [main/INFO] [io.github.lightman314.lightmanscurrency.LightmansCurrency/]: Registered NotificationType lightmanscurrency:block_ejected
[14Aug2026 19:53:07.575] [main/INFO] [io.github.lightman314.lightmanscurrency.LightmansCurrency/]: Registered NotificationType lightmanscurrency:command_trade
[14Aug2026 19:53:07.575] [main/INFO] [io.github.lightman314.lightmanscurrency.LightmansCurrency/]: Registered NotificationType lightmanscurrency:gacha_trade
[14Aug2026 19:53:07.575] [main/INFO] [io.github.lightman314.lightmanscurrency.LightmansCurrency/]: Registered NotificationType lightmanscurrency:bank_salary_payment
[14Aug2026 19:53:07.576] [main/INFO] [io.github.lightman314.lightmanscurrency.LightmansCurrency/]: Registered NotificationCategoryType lightmanscurrency:general
[14Aug2026 19:53:07.576] [main/INFO] [io.github.lightman314.lightmanscurrency.LightmansCurrency/]: Registered NotificationCategoryType lightmanscurrency:null
[14Aug2026 19:53:07.577] [main/INFO] [io.github.lightman314.lightmanscurrency.LightmansCurrency/]: Registered NotificationCategoryType lightmanscurrency:seasonal_event
[14Aug2026 19:53:07.578] [main/INFO] [io.github.lightman314.lightmanscurrency.LightmansCurrency/]: Registered NotificationCategoryType lightmanscurrency:trader
[14Aug2026 19:53:07.578] [main/INFO] [io.github.lightman314.lightmanscurrency.LightmansCurrency/]: Registered NotificationCategoryType lightmanscurrency:bank
[14Aug2026 19:53:07.579] [main/INFO] [io.github.lightman314.lightmanscurrency.LightmansCurrency/]: Registered NotificationCategoryType lightmanscurrency:auction_house
[14Aug2026 19:53:07.579] [main/INFO] [io.github.lightman314.lightmanscurrency.LightmansCurrency/]: Registered NotificationCategoryType lightmanscurrency:tax_entry
[14Aug2026 19:53:07.604] [main/INFO] [io.github.lightman314.lightmanscurrency.LightmansCurrency/]: Registered Item Listing serializer 'lightmanscurrency:simple'
[14Aug2026 19:53:07.605] [main/INFO] [io.github.lightman314.lightmanscurrency.LightmansCurrency/]: Registered Item Listing serializer 'lightmanscurrency:random_selection'
[14Aug2026 19:53:07.606] [main/INFO] [io.github.lightman314.lightmanscurrency.LightmansCurrency/]: Registered Item Listing serializer 'lightmanscurrency:enchanted_item_for_coins'
[14Aug2026 19:53:07.608] [main/INFO] [io.github.lightman314.lightmanscurrency.LightmansCurrency/]: Registered Item Listing serializer 'lightmanscurrency:enchanted_book_for_coins'
[14Aug2026 19:53:07.609] [main/INFO] [io.github.lightman314.lightmanscurrency.LightmansCurrency/]: Registered Item Listing serializer 'lightmanscurrency:items_for_map'
[14Aug2026 19:53:07.675] [main/WARN] [mixin/]: Method overwrite conflict for m_140184_ in lithium.mixins.json:world.player_chunk_tick.ThreadedAnvilChunkStorageMixin, previously written by me.steinborn.krypton.mixin.shared.network.flushconsolidation.ThreadedAnvilChunkStorageMixin. Skipping method.
[14Aug2026 19:53:07.727] [main/WARN] [AllTheLeaks/]: Failed to get VarHandle for class class com.github.alexthe666.citadel.server.world.CitadelServerData with field dataMap and type interface java.util.Map
[14Aug2026 19:53:07.728] [main/ERROR] [AllTheLeaks/]: Failed to instantiate constructor.
java.lang.ExceptionInInitializerError: null
	at java.lang.Class.forName0(Native Method) ~[?:?]
	at java.lang.Class.forName(Class.java:377) ~[?:?]
	at dev.uncandango.alltheleaks.leaks.IssueManager.lambda$initiateIssues$3(IssueManager.java:166) ~[alltheleaks-1.1.1+1.20.1-forge.jar%23438!/:1.1.1+1.20.1-forge]
	at java.util.ArrayList.forEach(ArrayList.java:1511) ~[?:?]
	at dev.uncandango.alltheleaks.leaks.IssueManager.initiateIssues(IssueManager.java:164) ~[alltheleaks-1.1.1+1.20.1-forge.jar%23438!/:1.1.1+1.20.1-forge]
	at java.util.concurrent.CompletableFuture$AsyncRun.run(CompletableFuture.java:1804) ~[?:?]
	at net.minecraftforge.fml.DeferredWorkQueue.lambda$makeRunnable$2(DeferredWorkQueue.java:81) ~[fmlcore-1.20.1-47.4.22.jar%23764!/:?]
	at net.minecraftforge.fml.DeferredWorkQueue.makeRunnable(DeferredWorkQueue.java:76) ~[fmlcore-1.20.1-47.4.22.jar%23764!/:?]
	at net.minecraftforge.fml.DeferredWorkQueue.lambda$runTasks$0(DeferredWorkQueue.java:60) ~[fmlcore-1.20.1-47.4.22.jar%23764!/:?]
	at java.util.concurrent.ConcurrentLinkedDeque.forEach(ConcurrentLinkedDeque.java:1650) ~[?:?]
	at net.minecraftforge.fml.DeferredWorkQueue.runTasks(DeferredWorkQueue.java:60) ~[fmlcore-1.20.1-47.4.22.jar%23764!/:?]
	at net.minecraftforge.fml.core.ParallelTransition.lambda$finalActivityGenerator$2(ParallelTransition.java:35) ~[forge-1.20.1-47.4.22-universal.jar%23768!/:?]
	at java.util.concurrent.CompletableFuture$UniApply.tryFire(CompletableFuture.java:646) ~[?:?]
	at java.util.concurrent.CompletableFuture$Completion.run(CompletableFuture.java:482) ~[?:?]
	at net.minecraftforge.fml.ModWorkManager$SyncExecutor.driveOne(ModWorkManager.java:43) ~[fmlcore-1.20.1-47.4.22.jar%23764!/:?]
	at net.minecraftforge.fml.ModWorkManager$DrivenExecutor.drive(ModWorkManager.java:28) ~[fmlcore-1.20.1-47.4.22.jar%23764!/:?]
	at net.minecraftforge.fml.ModLoader.waitForTransition(ModLoader.java:224) ~[fmlcore-1.20.1-47.4.22.jar%23764!/:?]
	at net.minecraftforge.fml.ModLoader.lambda$dispatchAndHandleError$20(ModLoader.java:210) ~[fmlcore-1.20.1-47.4.22.jar%23764!/:?]
	at java.util.Optional.ifPresent(Optional.java:178) ~[?:?]
	at net.minecraftforge.fml.ModLoader.dispatchAndHandleError(ModLoader.java:210) ~[fmlcore-1.20.1-47.4.22.jar%23764!/:?]
	at net.minecraftforge.fml.ModLoader.lambda$loadMods$15(ModLoader.java:190) ~[fmlcore-1.20.1-47.4.22.jar%23764!/:?]
	at java.lang.Iterable.forEach(Iterable.java:75) ~[?:?]
	at net.minecraftforge.fml.ModLoader.loadMods(ModLoader.java:190) ~[fmlcore-1.20.1-47.4.22.jar%23764!/:?]
	at net.minecraftforge.server.loading.ServerModLoader.load(ServerModLoader.java:31) ~[forge-1.20.1-47.4.22-universal.jar%23768!/:?]
	at net.minecraft.server.Main.main(Main.java:125) ~[server-1.20.1-20230612.114412-srg.jar%23763!/:?]
	at jdk.internal.reflect.NativeMethodAccessorImpl.invoke0(Native Method) ~[?:?]
	at jdk.internal.reflect.NativeMethodAccessorImpl.invoke(NativeMethodAccessorImpl.java:77) ~[?:?]
	at jdk.internal.reflect.DelegatingMethodAccessorImpl.invoke(DelegatingMethodAccessorImpl.java:43) ~[?:?]
	at java.lang.reflect.Method.invoke(Method.java:569) ~[?:?]
	at net.minecraftforge.fml.loading.targets.CommonLaunchHandler.runTarget(CommonLaunchHandler.java:111) ~[fmlloader-1.20.1-47.4.22.jar%2369!/:?]
	at net.minecraftforge.fml.loading.targets.CommonLaunchHandler.serverService(CommonLaunchHandler.java:103) ~[fmlloader-1.20.1-47.4.22.jar%2369!/:?]
	at net.minecraftforge.fml.loading.targets.CommonServerLaunchHandler.lambda$makeService$0(CommonServerLaunchHandler.java:27) ~[fmlloader-1.20.1-47.4.22.jar%2369!/:?]
	at cpw.mods.modlauncher.LaunchServiceHandlerDecorator.launch(LaunchServiceHandlerDecorator.java:30) ~[modlauncher-10.0.9.jar%2355!/:?]
	at cpw.mods.modlauncher.LaunchServiceHandler.launch(LaunchServiceHandler.java:53) ~[modlauncher-10.0.9.jar%2355!/:?]
	at cpw.mods.modlauncher.LaunchServiceHandler.launch(LaunchServiceHandler.java:71) ~[modlauncher-10.0.9.jar%2355!/:?]
	at cpw.mods.modlauncher.Launcher.run(Launcher.java:108) ~[modlauncher-10.0.9.jar%2355!/:?]
	at cpw.mods.modlauncher.Launcher.main(Launcher.java:78) ~[modlauncher-10.0.9.jar%2355!/:?]
	at cpw.mods.modlauncher.BootstrapLaunchConsumer.accept(BootstrapLaunchConsumer.java:26) ~[modlauncher-10.0.9.jar%2355!/:?]
	at cpw.mods.modlauncher.BootstrapLaunchConsumer.accept(BootstrapLaunchConsumer.java:23) ~[modlauncher-10.0.9.jar%2355!/:?]
	at cpw.mods.bootstraplauncher.BootstrapLauncher.main(BootstrapLauncher.java:141) ~[bootstraplauncher-1.1.2.jar:?]
Caused by: java.lang.RuntimeException: VarHandler is null
	at dev.uncandango.alltheleaks.utils.ReflectionHelper.getFieldFromClass(ReflectionHelper.java:132) ~[alltheleaks-1.1.1+1.20.1-forge.jar%23438!/:1.1.1+1.20.1-forge]
	at dev.uncandango.alltheleaks.leaks.common.mods.citadel.UntrackedIssue001.<clinit>(UntrackedIssue001.java:17) ~[alltheleaks-1.1.1+1.20.1-forge.jar%23438!/:1.1.1+1.20.1-forge]
	... 40 more
[14Aug2026 19:53:08.117] [main/INFO] [Moonlight/]: Initialized color sets in 175ms
[14Aug2026 19:53:08.283] [main/INFO] [net.potionstudios.biomeswevegone.BiomesWeveGone/]: Creating and Registering BWG Biome Modifiers for Vanilla Biomes
[14Aug2026 19:53:08.284] [main/INFO] [net.potionstudios.biomeswevegone.BiomesWeveGone/]: Will add Palm Trees to 
[14Aug2026 19:53:08.284] [main/INFO] [net.potionstudios.biomeswevegone.BiomesWeveGone/]: Will add Flower Patch, Clover Patch, White Anemone, Pink Anemone, Orange Daisy, Horseweed and rose to 
[14Aug2026 19:53:08.284] [main/INFO] [net.potionstudios.biomeswevegone.BiomesWeveGone/]: Will add Green/Cyan/Magenta/Purple/Yellow Tulips, Rose, Orange Daisy, Flower and Clover Patches to 
[14Aug2026 19:53:08.284] [main/INFO] [net.potionstudios.biomeswevegone.BiomesWeveGone/]: Will add Flower Patch, Clover Patch, White Anemone, Pink Anemone, Orange Daisy, Horseweed and rose to 
[14Aug2026 19:53:08.284] [main/INFO] [net.potionstudios.biomeswevegone.BiomesWeveGone/]: Will add Flower Patch, Clover Patch, Blue Rose Bush and Blue Berry Bushes to 
[14Aug2026 19:53:08.286] [main/INFO] [net.potionstudios.biomeswevegone.BiomesWeveGone/]: Creating and Registering BWG Biome Modifiers for Vanilla Biomes
[14Aug2026 19:53:08.286] [main/INFO] [net.potionstudios.biomeswevegone.BiomesWeveGone/]: Will add Palm Trees to 
[14Aug2026 19:53:08.286] [main/INFO] [net.potionstudios.biomeswevegone.BiomesWeveGone/]: Will add Green/Cyan/Magenta/Purple/Yellow Tulips, Rose, Orange Daisy, Flower and Clover Patches to 
[14Aug2026 19:53:08.286] [main/INFO] [net.potionstudios.biomeswevegone.BiomesWeveGone/]: Will add Flower Patch, Clover Patch, White Anemone, Pink Anemone, Orange Daisy, Horseweed and rose to 
[14Aug2026 19:53:08.286] [main/INFO] [net.potionstudios.biomeswevegone.BiomesWeveGone/]: Will add Flower Patch, Clover Patch, White Anemone, Pink Anemone, Orange Daisy, Horseweed and rose to 
[14Aug2026 19:53:08.287] [main/INFO] [net.potionstudios.biomeswevegone.BiomesWeveGone/]: Will add Palm Trees to 
[14Aug2026 19:53:08.287] [main/INFO] [net.potionstudios.biomeswevegone.BiomesWeveGone/]: Will add Flower Patch, Clover Patch, White Anemone, Pink Anemone, Orange Daisy, Horseweed and rose to 
[14Aug2026 19:53:08.287] [main/INFO] [net.potionstudios.biomeswevegone.BiomesWeveGone/]: Will add Green/Cyan/Magenta/Purple/Yellow Tulips, Rose, Orange Daisy, Flower and Clover Patches to 
[14Aug2026 19:53:08.287] [main/INFO] [net.potionstudios.biomeswevegone.BiomesWeveGone/]: Will add Flower Patch, Clover Patch, White Anemone, Pink Anemone, Orange Daisy, Horseweed and rose to 
[14Aug2026 19:53:08.287] [main/INFO] [net.potionstudios.biomeswevegone.BiomesWeveGone/]: Will add Flower Patch, Clover Patch, Blue Rose Bush and Blue Berry Bushes to 
[14Aug2026 19:53:08.287] [main/INFO] [net.potionstudios.biomeswevegone.BiomesWeveGone/]: Will add Flower Patch, Clover Patch, Blue Rose Bush and Blue Berry Bushes to 
[14Aug2026 19:53:08.310] [main/INFO] [terrablender/]: Registered region minecraft:overworld to index 0 for type OVERWORLD
[14Aug2026 19:53:08.310] [main/INFO] [terrablender/]: Registered region minecraft:nether to index 0 for type NETHER
[14Aug2026 19:53:08.311] [main/INFO] [terrablender/]: Registered region biomeswevegone:region_0 to index 1 for type OVERWORLD
[14Aug2026 19:53:08.311] [main/INFO] [terrablender/]: Registered region biomeswevegone:region_1 to index 2 for type OVERWORLD
[14Aug2026 19:53:08.311] [main/INFO] [terrablender/]: Registered region biomeswevegone:region_2 to index 3 for type OVERWORLD
[14Aug2026 19:53:08.398] [modloading-worker-0/INFO] [xaero.minimap.XaeroMinimap/]: Loading Xaero's Minimap - Stage 1/2 (Server)
[14Aug2026 19:53:08.399] [modloading-worker-0/INFO] [xaero.lib.XaeroLib/]: Loading XaeroLib server 1/2!
[14Aug2026 19:53:08.399] [modloading-worker-0/INFO] [xaero.map.server.WorldMapServer/]: Loading Xaero's World Map - Stage 1/2 (Server)
[14Aug2026 19:53:08.425] [main/INFO] [xaero.lib.XaeroLib/]: Loading XaeroLib common 2/2!
[14Aug2026 19:53:08.426] [main/INFO] [xaero.lib.XaeroLib/]: Loading XaeroLib server 2/2!
[14Aug2026 19:53:08.426] [main/INFO] [xaero.minimap.XaeroMinimap/]: Loading Xaero's Minimap - Stage 2/2 (Server)
[14Aug2026 19:53:08.426] [main/INFO] [xaero.map.server.WorldMapServer/]: Loading Xaero's World Map - Stage 2/2 (Server)
[14Aug2026 19:53:08.613] [modloading-worker-0/WARN] [cpw.mods.inventorysorter.InventorySorter/]: Rejected containerblacklist due to bad messageSupplier type. Please supply a [ResourceLocation]
[14Aug2026 19:53:08.613] [modloading-worker-0/WARN] [cpw.mods.inventorysorter.InventorySorter/]: Rejected containerblacklist due to bad messageSupplier type. Please supply a [ResourceLocation]
[14Aug2026 19:53:08.615] [modloading-worker-0/INFO] [net.blay09.mods.craftingtweaks.IMCHandler/]: refinedstorage has registered com.refinedmods.refinedstorage.container.GridContainerMenu for CraftingTweaks via IMC
[14Aug2026 19:53:08.724] [modloading-worker-0/INFO] [net.xalcon.torchmaster.Torchmaster/]: Applying mega torch entity block list overrides...
[14Aug2026 19:53:08.729] [modloading-worker-0/INFO] [net.xalcon.torchmaster.Torchmaster/]:   Added 'alexsmobs:endergrade' to the block list
[14Aug2026 19:53:08.730] [modloading-worker-0/INFO] [net.xalcon.torchmaster.Torchmaster/]: Applying dread lamp entity block list overrides...
[14Aug2026 19:53:08.726] [modloading-worker-0/INFO] [AttributeFix/]: Loaded values for 110 compatible attributes.
[14Aug2026 19:53:08.732] [modloading-worker-0/INFO] [net.xalcon.torchmaster.Torchmaster/]:   Added 'minecraft:enderman' to the block list
[14Aug2026 19:53:08.735] [modloading-worker-0/WARN] [AttributeFix/]: Attribute ID 'enhancedai:generic.xray_follow_range' does not belong to a known attribute. This entry will be ignored.
[14Aug2026 19:53:08.735] [modloading-worker-0/INFO] [AttributeFix/]: Loaded 111 values from config.
[14Aug2026 19:53:08.733] [modloading-worker-0/INFO] [net.xalcon.torchmaster.Torchmaster/]:   Added 'mutantmonsters:mutant_enderman' to the block list
[14Aug2026 19:53:08.736] [modloading-worker-0/INFO] [net.xalcon.torchmaster.Torchmaster/]:   Added 'realmrpg_wyrms:ender_wyrm' to the block list
[14Aug2026 19:53:08.750] [modloading-worker-0/INFO] [spacecatasb/]: ASB MESSAGE: Loading armor sets and bonuses
[14Aug2026 19:53:08.760] [modloading-worker-0/INFO] [AttributeFix/]: Saving config file. 111 entries.
[14Aug2026 19:53:08.764] [modloading-worker-0/INFO] [AttributeFix/]: Applying changes for 111 attributes.
[14Aug2026 19:53:08.785] [modloading-worker-0/INFO] [spacecatasb/]: ASB MESSAGE: Loading armor set: Genji's Vigilance
[14Aug2026 19:53:08.805] [modloading-worker-0/INFO] [spacecatasb/]: ASB MESSAGE: Loading armor set: Granat's Ruination
[14Aug2026 19:53:08.806] [modloading-worker-0/INFO] [spacecatasb/]: ASB MESSAGE: Loading armor set: Nebula's Dominance
[14Aug2026 19:53:08.806] [modloading-worker-0/INFO] [spacecatasb/]: ASB MESSAGE: Loading armor set: Jubban's Legacy
[14Aug2026 19:53:08.808] [modloading-worker-0/INFO] [spacecatasb/]: ASB MESSAGE: Loading armor set: Last Tracker
[14Aug2026 19:53:08.809] [modloading-worker-0/INFO] [spacecatasb/]: ASB MESSAGE: Loading armor set: Oath of Mahj
[14Aug2026 19:53:08.810] [modloading-worker-0/INFO] [spacecatasb/]: ASB MESSAGE: Finished loading a total of 6 armor sets and bonuses with 0 errors.
[14Aug2026 19:53:08.816] [modloading-worker-0/INFO] [dev.architectury.networking.forge.NetworkManagerImpl/]: Registering C2S receiver with id spacecatasb:networking_channel/695c919422d23ac1913883a5d4c7eaa6
[14Aug2026 19:53:08.821] [modloading-worker-0/INFO] [dev.architectury.networking.forge.NetworkManagerImpl/]: Registering C2S receiver with id spacecatasb:networking_channel/e12f8dbf5c503667968bd7f26c6d6251
[14Aug2026 19:53:08.846] [modloading-worker-0/INFO] [Jade/]: Start loading plugin at dev.shadowsoffire.gateways.compat.GatewayJadePlugin
[14Aug2026 19:53:08.857] [modloading-worker-0/INFO] [Jade/]: Start loading plugin at net.blay09.mods.balm.forge.compat.hudinfo.ForgeJadeModCompat
[14Aug2026 19:53:08.858] [modloading-worker-0/INFO] [Jade/]: Start loading plugin at net.mehvahdjukaar.supplementaries.integration.JadeCompat
[14Aug2026 19:53:08.860] [modloading-worker-0/INFO] [Jade/]: Start loading plugin at xfacthd.framedblocks.common.compat.jade.FramedJadePlugin
[14Aug2026 19:53:08.860] [modloading-worker-0/INFO] [Jade/]: Start loading plugin at bl4ckscor3.mod.globalxp.compat.WailaDataProvider
[14Aug2026 19:53:08.861] [modloading-worker-0/INFO] [Jade/]: Start loading plugin at snownee.jade.addon.JadeAddonsBase
[14Aug2026 19:53:08.868] [modloading-worker-0/INFO] [Jade/]: Start loading plugin at snownee.kiwi.customization.compat.jade.JadeCompat
[14Aug2026 19:53:08.868] [modloading-worker-0/INFO] [Jade/]: Start loading plugin at com.mtcleo05.botania_editor.client.wthit.WTHITBotaniaTooltip
[14Aug2026 19:53:08.869] [modloading-worker-0/ERROR] [Jade/]: Error loading plugin at com.mtcleo05.botania_editor.client.wthit.WTHITBotaniaTooltip
java.lang.NoClassDefFoundError: mcp/mobius/waila/api/IWailaPlugin
	at java.lang.ClassLoader.defineClass1(Native Method) ~[?:?]
	at java.lang.ClassLoader.defineClass(ClassLoader.java:1017) ~[?:?]
	at cpw.mods.cl.ModuleClassLoader.readerToClass(ModuleClassLoader.java:119) ~[securejarhandler-2.1.10.jar:?]
	at cpw.mods.cl.ModuleClassLoader.lambda$findClass$15(ModuleClassLoader.java:219) ~[securejarhandler-2.1.10.jar:?]
	at cpw.mods.cl.ModuleClassLoader.loadFromModule(ModuleClassLoader.java:229) ~[securejarhandler-2.1.10.jar:?]
	at cpw.mods.cl.ModuleClassLoader.findClass(ModuleClassLoader.java:219) ~[securejarhandler-2.1.10.jar:?]
	at cpw.mods.cl.ModuleClassLoader.loadClass(ModuleClassLoader.java:135) ~[securejarhandler-2.1.10.jar:?]
	at java.lang.ClassLoader.loadClass(ClassLoader.java:525) ~[?:?]
	at java.lang.Class.forName0(Native Method) ~[?:?]
	at java.lang.Class.forName(Class.java:377) ~[?:?]
	at snownee.jade.util.CommonProxy.loadComplete(CommonProxy.java:227) ~[Jade-1.20.1-Forge-11.13.3.jar%23592!/:11.13.3+forge]
	at net.minecraftforge.eventbus.EventBus.doCastFilter(EventBus.java:267) ~[eventbus-6.2.33.jar%2352!/:?]
	at net.minecraftforge.eventbus.EventBus.lambda$addListener$4(EventBus.java:258) ~[eventbus-6.2.33.jar%2352!/:?]
	at net.minecraftforge.eventbus.EventBus.post(EventBus.java:312) ~[eventbus-6.2.33.jar%2352!/:?]
	at net.minecraftforge.eventbus.EventBus.post(EventBus.java:298) ~[eventbus-6.2.33.jar%2352!/:?]
	at net.minecraftforge.fml.javafmlmod.FMLModContainer.acceptEvent(FMLModContainer.java:121) ~[javafmllanguage-1.20.1-47.4.22.jar%23765!/:?]
	at net.minecraftforge.fml.ModContainer.lambda$buildTransitionHandler$5(ModContainer.java:127) ~[fmlcore-1.20.1-47.4.22.jar%23764!/:?]
	at java.util.concurrent.CompletableFuture$AsyncRun.run(CompletableFuture.java:1804) ~[?:?]
	at java.util.concurrent.CompletableFuture$AsyncRun.exec(CompletableFuture.java:1796) ~[?:?]
	at java.util.concurrent.ForkJoinTask.doExec(ForkJoinTask.java:373) ~[?:?]
	at java.util.concurrent.ForkJoinPool$WorkQueue.topLevelExec(ForkJoinPool.java:1182) ~[?:?]
	at java.util.concurrent.ForkJoinPool.scan(ForkJoinPool.java:1655) ~[?:?]
	at java.util.concurrent.ForkJoinPool.runWorker(ForkJoinPool.java:1622) ~[?:?]
	at java.util.concurrent.ForkJoinWorkerThread.run(ForkJoinWorkerThread.java:165) ~[?:?]
Caused by: java.lang.ClassNotFoundException: mcp.mobius.waila.api.IWailaPlugin
	at jdk.internal.loader.BuiltinClassLoader.loadClass(BuiltinClassLoader.java:641) ~[?:?]
	at java.lang.ClassLoader.loadClass(ClassLoader.java:525) ~[?:?]
	at cpw.mods.cl.ModuleClassLoader.loadClass(ModuleClassLoader.java:137) ~[securejarhandler-2.1.10.jar:?]
	at java.lang.ClassLoader.loadClass(ClassLoader.java:525) ~[?:?]
	at cpw.mods.cl.ModuleClassLoader.loadClass(ModuleClassLoader.java:137) ~[securejarhandler-2.1.10.jar:?]
	at java.lang.ClassLoader.loadClass(ClassLoader.java:525) ~[?:?]
	... 24 more
[14Aug2026 19:53:08.873] [modloading-worker-0/INFO] [Jade/]: Start loading plugin at com.mtcleo05.botania_editor.client.jade.JadeBotaniaTooltip
[14Aug2026 19:53:08.873] [modloading-worker-0/INFO] [Jade/]: Start loading plugin at io.github.lightman314.lightmanscurrency.integration.jade.LCJadePlugin
[14Aug2026 19:53:08.876] [modloading-worker-0/INFO] [Jade/]: Start loading plugin at twilightforest.compat.jade.JadeCompat
[14Aug2026 19:53:08.877] [modloading-worker-0/INFO] [Jade/]: Start loading plugin at net.p3pp3rf1y.sophisticatedstorage.compat.jade.StorageJadePlugin
[14Aug2026 19:53:08.877] [modloading-worker-0/INFO] [Jade/]: Start loading plugin at net.blay09.mods.waystones.compat.JadeIntegration
[14Aug2026 19:53:08.878] [modloading-worker-0/INFO] [Jade/]: Start loading plugin at dev.smolinacadena.refinedcooking.compat.jade.JadePlugin
[14Aug2026 19:53:08.879] [modloading-worker-0/INFO] [Jade/]: Start loading plugin at net.blay09.mods.cookingforblockheads.compat.ForgeJadeCookingForBlockheadsPlugin
[14Aug2026 19:53:08.880] [modloading-worker-0/INFO] [Jade/]: Start loading plugin at snownee.jade.addon.vanilla.VanillaPlugin
[14Aug2026 19:53:08.895] [modloading-worker-0/INFO] [Jade/]: Start loading plugin at snownee.jade.addon.universal.UniversalPlugin
[14Aug2026 19:53:08.899] [modloading-worker-0/INFO] [Jade/]: Start loading plugin at snownee.jade.addon.core.CorePlugin
[14Aug2026 19:53:09.011] [main/INFO] [citadel/]: adding citadel surface rules via terrablender...
[14Aug2026 19:53:09.013] [main/INFO] [citadel/]: Added 0 vanilla biome surface rule types via terrablender
[14Aug2026 19:53:09.013] [main/INFO] [citadel/]: Added 0 modded biome surface rule types via terrablender
[14Aug2026 19:53:09.934] [main/INFO] [com.mojang.authlib.yggdrasil.YggdrasilAuthenticationService/]: Environment: authHost='https://authserver.mojang.com', accountsHost='https://api.mojang.com', sessionHost='https://sessionserver.mojang.com', servicesHost='https://api.minecraftservices.com', name='PROD'
[14Aug2026 19:53:10.852] [main/INFO] [com.mojang.datafixers.DataFixerBuilder/]: 0 Datafixer optimizations took 0 milliseconds
[14Aug2026 19:53:10.882] [main/WARN] [net.minecraft.server.packs.VanillaPackResourcesBuilder/]: Assets URL 'union:/workspaces/servidor1/servidor_minecraft/libraries/net/minecraft/server/1.20.1-20230612.114412/server-1.20.1-20230612.114412-srg.jar%23763!/assets/.mcassetsroot' uses unexpected schema
[14Aug2026 19:53:10.882] [main/WARN] [net.minecraft.server.packs.VanillaPackResourcesBuilder/]: Assets URL 'union:/workspaces/servidor1/servidor_minecraft/libraries/net/minecraft/server/1.20.1-20230612.114412/server-1.20.1-20230612.114412-srg.jar%23763!/data/.mcassetsroot' uses unexpected schema
[14Aug2026 19:53:11.018] [main/INFO] [Open Loader/]: Preparing Data Pack injection.
[14Aug2026 19:53:11.019] [main/INFO] [Open Loader/]: Loaded folder Data Pack from /workspaces/servidor1/servidor_minecraft/config/openloader/data/cte_mns.
[14Aug2026 19:53:11.021] [main/INFO] [Open Loader/]: Loaded folder Data Pack from /workspaces/servidor1/servidor_minecraft/config/openloader/data/cte_events.
[14Aug2026 19:53:11.022] [main/INFO] [Open Loader/]: Loaded folder Data Pack from /workspaces/servidor1/servidor_minecraft/config/openloader/data/cte_configuration.
[14Aug2026 19:53:11.022] [main/INFO] [Open Loader/]: Successfully injected 3/3 packs from /workspaces/servidor1/servidor_minecraft/config/openloader/data.
[14Aug2026 19:53:12.364] [main/INFO] [KubeJS Server/]: example.js#5: Hello, World! (Loaded server scripts)
[14Aug2026 19:53:12.365] [main/INFO] [KubeJS Server/]: Loaded script server_scripts:example.js in 0.001 s
[14Aug2026 19:53:12.367] [main/INFO] [KubeJS Server/]: Loaded script server_scripts:remove_farmers.js in 0.002 s
[14Aug2026 19:53:12.367] [main/INFO] [KubeJS Server/]: Loaded 2/2 KubeJS server scripts in 0.02 s with 0 errors and 0 warnings
[14Aug2026 19:53:12.367] [main/INFO] [KubeJS Server/]: Scripts loaded
[14Aug2026 19:53:12.383] [main/INFO] [KubeJS Server/]: Initializing recipe event...
[14Aug2026 19:53:12.399] [main/INFO] [com.teamabnormals.blueprint.core.Blueprint/]: Successfully loaded 0 data remolders!
[14Aug2026 19:53:12.405] [main/INFO] [Moonlight/]: Starting runtime resource generation for pack type SERVER_DATA with generators from mods [supplementaries, suppsquared]: [net.mehvahdjukaar.supplementaries.dynamicpack.ServerDynamicResourcesGenerator@e46fab9, net.mehvahdjukaar.suppsquared.common.ServerPackProvider@5e4b6d84]
[14Aug2026 19:53:12.405] [main/INFO] [Moonlight/]: Generating runtime assets for pack Supplementaries Generated Pack (supplementaries)
[14Aug2026 19:53:12.461] [main/INFO] [Supplementaries/]: Generated runtime SERVER_DATA for pack Supplementaries Generated Pack (supplementaries) in: 55 ms (multithreaded)
[14Aug2026 19:53:12.461] [main/INFO] [Moonlight/]: Generating runtime assets for pack Suppsquared Generated Pack (suppsquared)
[14Aug2026 19:53:12.484] [main/INFO] [suppsquared/]: Generated runtime SERVER_DATA for pack Suppsquared Generated Pack (suppsquared) in: 22 ms (multithreaded)
[14Aug2026 19:53:12.484] [main/INFO] [Moonlight/]: Finished runtime resources generation for 2 packs in a total of 79 ms
[14Aug2026 19:53:12.586] [main/ERROR] [net.minecraft.world.level.biome.MobSpawnSettings/]: Spawn data: minCount needs to be smaller or equal to maxCount
[14Aug2026 19:53:12.657] [main/ERROR] [net.minecraft.world.level.biome.MobSpawnSettings/]: Spawn data: minCount needs to be smaller or equal to maxCount
[14Aug2026 19:53:12.780] [main/ERROR] [net.minecraft.world.level.biome.MobSpawnSettings/]: Spawn data: minCount needs to be smaller or equal to maxCount
[14Aug2026 19:53:15.835] [main/INFO] [com.sk89q.worldedit.extension.platform.PlatformCommandManager/]: Registering commands with com.sk89q.worldedit.forge.ForgePlatform
[14Aug2026 19:53:16.081] [main/INFO] [bountiful/]: Adding serverside commands..
[14Aug2026 19:53:16.194] [main/INFO] [sfiomn.legendarytabs.LegendaryTabs/]: Registering TabDataLoader as server datapack reload listener
[14Aug2026 19:53:16.196] [main/INFO] [sfiomn.legendarytabs.LegendaryTabs/]: TabDataLoader constructor called
[14Aug2026 19:53:16.370] [main/INFO] [com.github.alexthe666.alexsmobs.AlexsMobs/]: Adding datapack listener capsid_recipes
[14Aug2026 19:53:16.742] [Worker-Main-10/ERROR] [net.minecraft.server.packs.resources.SimpleJsonResourceReloadListener/]: Couldn't parse data file undergardendelight:transform/all from undergardendelight:cuisinedelight_config/transform/all.json
com.google.gson.JsonParseException: com.google.gson.stream.MalformedJsonException: Expected name at line 24 column 4 path $.itemTransform.undergardendelight:greater_dweller_hamleg
	at net.minecraft.util.GsonHelper.m_13780_(GsonHelper.java:526) ~[server-1.20.1-20230612.114412-srg.jar%23763!/:?]
	at net.minecraft.util.GsonHelper.m_263475_(GsonHelper.java:531) ~[server-1.20.1-20230612.114412-srg.jar%23763!/:?]
	at net.minecraft.util.GsonHelper.m_13776_(GsonHelper.java:581) ~[server-1.20.1-20230612.114412-srg.jar%23763!/:?]
	at net.minecraft.server.packs.resources.SimpleJsonResourceReloadListener.m_278771_(SimpleJsonResourceReloadListener.java:41) ~[server-1.20.1-20230612.114412-srg.jar%23763!/:?]
	at net.minecraft.server.packs.resources.SimpleJsonResourceReloadListener.m_5944_(SimpleJsonResourceReloadListener.java:29) ~[server-1.20.1-20230612.114412-srg.jar%23763!/:?]
	at net.minecraft.server.packs.resources.SimpleJsonResourceReloadListener.m_5944_(SimpleJsonResourceReloadListener.java:17) ~[server-1.20.1-20230612.114412-srg.jar%23763!/:?]
	at net.minecraft.server.packs.resources.SimplePreparableReloadListener.m_10786_(SimplePreparableReloadListener.java:11) ~[server-1.20.1-20230612.114412-srg.jar%23763!/:?]
	at java.util.concurrent.CompletableFuture$AsyncSupply.run(CompletableFuture.java:1768) ~[?:?]
	at java.util.concurrent.CompletableFuture$AsyncSupply.exec(CompletableFuture.java:1760) ~[?:?]
	at java.util.concurrent.ForkJoinTask.doExec(ForkJoinTask.java:373) ~[?:?]
	at java.util.concurrent.ForkJoinPool$WorkQueue.topLevelExec(ForkJoinPool.java:1182) ~[?:?]
	at java.util.concurrent.ForkJoinPool.scan(ForkJoinPool.java:1655) ~[?:?]
	at java.util.concurrent.ForkJoinPool.runWorker(ForkJoinPool.java:1622) ~[?:?]
	at java.util.concurrent.ForkJoinWorkerThread.run(ForkJoinWorkerThread.java:165) ~[?:?]
Caused by: com.google.gson.stream.MalformedJsonException: Expected name at line 24 column 4 path $.itemTransform.undergardendelight:greater_dweller_hamleg
	at com.google.gson.stream.JsonReader.syntaxError(JsonReader.java:1657) ~[gson-2.10.jar%2372!/:?]
	at com.google.gson.stream.JsonReader.doPeek(JsonReader.java:514) ~[gson-2.10.jar%2372!/:?]
	at com.google.gson.stream.JsonReader.hasNext(JsonReader.java:422) ~[gson-2.10.jar%2372!/:?]
	at com.google.gson.internal.bind.TypeAdapters$28.read(TypeAdapters.java:779) ~[gson-2.10.jar%2372!/:?]
	at com.google.gson.internal.bind.TypeAdapters$28.read(TypeAdapters.java:725) ~[gson-2.10.jar%2372!/:?]
	at com.google.gson.internal.bind.TypeAdapters$34$1.read(TypeAdapters.java:1007) ~[gson-2.10.jar%2372!/:?]
	at net.minecraft.util.GsonHelper.m_13780_(GsonHelper.java:524) ~[server-1.20.1-20230612.114412-srg.jar%23763!/:?]
	... 13 more
[14Aug2026 19:53:16.773] [Worker-Main-9/ERROR] [net.minecraft.tags.TagLoader/]: Couldn't load tag minecraft:undead as it is missing following references: remnant_bosses:skeleton_minions (from remnant_bosses-forge-1.20.1-2.2.0.jar), 
	remnant_bosses:ossukage (from remnant_bosses-forge-1.20.1-2.2.0.jar)
[14Aug2026 19:53:17.864] [Worker-Main-1/ERROR] [net.minecraft.tags.TagLoader/]: Couldn't load tag quark:vertical_slabs as it is missing following references: outer_end:azure_vertical_slab (from TheOuterEnd-1.0.13.jar), 
	outer_end:himmel_vertical_slab (from TheOuterEnd-1.0.13.jar), 
	outer_end:violite_vertical_slab (from TheOuterEnd-1.0.13.jar), 
	outer_end:violite_brick_vertical_slab (from TheOuterEnd-1.0.13.jar), 
	outer_end:mossy_violite_brick_vertical_slab (from TheOuterEnd-1.0.13.jar), 
	outer_end:violite_tile_vertical_slab (from TheOuterEnd-1.0.13.jar), 
	outer_end:mossy_violite_tile_vertical_slab (from TheOuterEnd-1.0.13.jar)
[14Aug2026 19:53:18.105] [Worker-Main-5/ERROR] [net.minecraft.tags.TagLoader/]: Couldn't load tag minecraft:swords as it is missing following references: #blue_skies:tools/swords (from blue_skies-1.20.1-1.3.31.jar)
[14Aug2026 19:53:18.106] [Worker-Main-5/ERROR] [net.minecraft.tags.TagLoader/]: Couldn't load tag blue_skies:tools/axes as it is missing following references: #minecraft:axes (from data/cte_configuration)
[14Aug2026 19:53:18.107] [Worker-Main-5/ERROR] [net.minecraft.tags.TagLoader/]: Couldn't load tag minecraft:axes as it is missing following references: #blue_skies:tools/axes (from blue_skies-1.20.1-1.3.31.jar)
[14Aug2026 19:53:18.107] [Worker-Main-5/ERROR] [net.minecraft.tags.TagLoader/]: Couldn't load tag minecraft:enchantable/weapon as it is missing following references: #minecraft:swords (from RoE_Weapons-0.1.7.jar), 
	#minecraft:axes (from RoE_Weapons-0.1.7.jar)
[14Aug2026 19:53:18.108] [Worker-Main-5/ERROR] [net.minecraft.tags.TagLoader/]: Couldn't load tag blue_skies:tools/shovels as it is missing following references: #minecraft:shovels (from data/cte_configuration)
[14Aug2026 19:53:18.109] [Worker-Main-5/ERROR] [net.minecraft.tags.TagLoader/]: Couldn't load tag minecraft:shovels as it is missing following references: #blue_skies:tools/shovels (from blue_skies-1.20.1-1.3.31.jar)
[14Aug2026 19:53:18.109] [Worker-Main-5/ERROR] [net.minecraft.tags.TagLoader/]: Couldn't load tag minecraft:hoes as it is missing following references: #blue_skies:tools/hoes (from blue_skies-1.20.1-1.3.31.jar)
[14Aug2026 19:53:18.109] [Worker-Main-5/ERROR] [net.minecraft.tags.TagLoader/]: Couldn't load tag blue_skies:tools/pickaxes as it is missing following references: #minecraft:pickaxes (from data/cte_configuration)
[14Aug2026 19:53:18.109] [Worker-Main-5/ERROR] [net.minecraft.tags.TagLoader/]: Couldn't load tag minecraft:pickaxes as it is missing following references: #blue_skies:tools/pickaxes (from blue_skies-1.20.1-1.3.31.jar)
[14Aug2026 19:53:18.110] [Worker-Main-5/ERROR] [net.minecraft.tags.TagLoader/]: Couldn't load tag forge:tools as it is missing following references: #minecraft:swords (from forge-1.20.1-47.4.22-universal.jar), 
	#minecraft:axes (from forge-1.20.1-47.4.22-universal.jar), 
	#minecraft:pickaxes (from forge-1.20.1-47.4.22-universal.jar), 
	#minecraft:shovels (from forge-1.20.1-47.4.22-universal.jar), 
	#minecraft:hoes (from forge-1.20.1-47.4.22-universal.jar)
[14Aug2026 19:53:18.117] [Worker-Main-5/ERROR] [net.minecraft.tags.TagLoader/]: Couldn't load tag blue_skies:tools/hoes as it is missing following references: #minecraft:hoes (from data/cte_configuration)
[14Aug2026 19:53:18.123] [Worker-Main-5/ERROR] [net.minecraft.tags.TagLoader/]: Couldn't load tag vivecraft:swords as it is missing following references: #minecraft:swords (from vivecraft-1.20.1-1.3.15-forge.jar)
[14Aug2026 19:53:18.129] [Worker-Main-5/ERROR] [net.minecraft.tags.TagLoader/]: Couldn't load tag mine_and_meals:sugar2_1 as it is missing following references: amendments:directional_cake (from data/cte_configuration)
[14Aug2026 19:53:18.132] [Worker-Main-5/ERROR] [net.minecraft.tags.TagLoader/]: Couldn't load tag vivecraft:hoes as it is missing following references: #minecraft:hoes (from vivecraft-1.20.1-1.3.15-forge.jar)
[14Aug2026 19:53:18.133] [Worker-Main-5/ERROR] [net.minecraft.tags.TagLoader/]: Couldn't load tag vivecraft:tools as it is missing following references: #vivecraft:hoes (from vivecraft-1.20.1-1.3.15-forge.jar), 
	#minecraft:shovels (from vivecraft-1.20.1-1.3.15-forge.jar), 
	#minecraft:axes (from vivecraft-1.20.1-1.3.15-forge.jar), 
	#minecraft:pickaxes (from vivecraft-1.20.1-1.3.15-forge.jar)
[14Aug2026 19:53:18.134] [Worker-Main-5/ERROR] [net.minecraft.tags.TagLoader/]: Couldn't load tag borninconfiguration:block_breakers as it is missing following references: #minecraft:axes (from borninconfiguration-3.2.1[FORGE].jar)
[14Aug2026 19:53:18.134] [Worker-Main-5/ERROR] [net.minecraft.tags.TagLoader/]: Couldn't load tag quark:vertical_slabs as it is missing following references: outer_end:azure_vertical_slab (from TheOuterEnd-1.0.13.jar), 
	outer_end:himmel_vertical_slab (from TheOuterEnd-1.0.13.jar), 
	outer_end:violite_vertical_slab (from TheOuterEnd-1.0.13.jar), 
	outer_end:violite_brick_vertical_slab (from TheOuterEnd-1.0.13.jar), 
	outer_end:mossy_violite_brick_vertical_slab (from TheOuterEnd-1.0.13.jar), 
	outer_end:violite_tile_vertical_slab (from TheOuterEnd-1.0.13.jar), 
	outer_end:mossy_violite_tile_vertical_slab (from TheOuterEnd-1.0.13.jar)
[14Aug2026 19:53:18.136] [Worker-Main-5/ERROR] [net.minecraft.tags.TagLoader/]: Couldn't load tag blue_skies:tools/swords as it is missing following references: #minecraft:swords (from data/cte_configuration)
[14Aug2026 19:53:18.139] [Worker-Main-5/ERROR] [net.minecraft.tags.TagLoader/]: Couldn't load tag minecraft:tools as it is missing following references: #minecraft:swords (from vanilla), 
	#minecraft:axes (from vanilla), 
	#minecraft:pickaxes (from vanilla), 
	#minecraft:shovels (from vanilla), 
	#minecraft:hoes (from vanilla)
[14Aug2026 19:53:18.139] [Worker-Main-5/ERROR] [net.minecraft.tags.TagLoader/]: Couldn't load tag minecraft:breaks_decorated_pots as it is missing following references: #minecraft:tools (from vanilla)
[14Aug2026 19:53:18.140] [Worker-Main-5/ERROR] [net.minecraft.tags.TagLoader/]: Couldn't load tag ctov:wares/cardboard_box as it is missing following references: wares:cardboard_box (from [forge]ctov-3.4.14.jar)
[14Aug2026 19:53:18.145] [Worker-Main-5/ERROR] [net.minecraft.tags.TagLoader/]: Couldn't load tag projectvibrantjourneys:harvests_mossy_hollow_logs as it is missing following references: #minecraft:shovels (from projectvibrantjourneys-1.20.1-6.3.0.jar)
[14Aug2026 19:53:18.147] [Worker-Main-5/ERROR] [net.minecraft.tags.TagLoader/]: Couldn't load tag minecraft:enchantable/mining as it is missing following references: #minecraft:pickaxes (from RoE_Weapons-0.1.7.jar), 
	#minecraft:shovels (from RoE_Weapons-0.1.7.jar), 
	#minecraft:axes (from RoE_Weapons-0.1.7.jar), 
	#minecraft:hoes (from RoE_Weapons-0.1.7.jar)
[14Aug2026 19:53:18.158] [Worker-Main-5/ERROR] [net.minecraft.tags.TagLoader/]: Couldn't load tag blue_skies:tools as it is missing following references: #blue_skies:tools/pickaxes (from blue_skies-1.20.1-1.3.31.jar), 
	#blue_skies:tools/axes (from blue_skies-1.20.1-1.3.31.jar), 
	#blue_skies:tools/shovels (from blue_skies-1.20.1-1.3.31.jar), 
	#blue_skies:tools/hoes (from blue_skies-1.20.1-1.3.31.jar), 
	#blue_skies:tools/swords (from blue_skies-1.20.1-1.3.31.jar)
[14Aug2026 19:53:18.170] [Worker-Main-5/ERROR] [net.minecraft.tags.TagLoader/]: Couldn't load tag ctov:wares/sealed_delivery_agreement as it is missing following references: wares:sealed_delivery_agreement (from [forge]ctov-3.4.14.jar)
[14Aug2026 19:53:18.680] [Worker-Main-3/ERROR] [net.minecraftforge.common.ForgeHooks/]: Couldn't parse element loot_tables:lightmanscurrency:chest/village/idas_taiga_large_bank
com.google.gson.JsonSyntaxException: Expected name to be an item, was unknown string 'quark:abacus'
	at net.minecraft.util.GsonHelper.m_13866_(GsonHelper.java:145) ~[server-1.20.1-20230612.114412-srg.jar%23763!/:?]
	at java.util.Optional.orElseThrow(Optional.java:403) ~[?:?]
	at net.minecraft.util.GsonHelper.m_13874_(GsonHelper.java:145) ~[server-1.20.1-20230612.114412-srg.jar%23763!/:?]
	at net.minecraft.util.GsonHelper.m_13909_(GsonHelper.java:153) ~[server-1.20.1-20230612.114412-srg.jar%23763!/:?]
	at net.minecraft.world.level.storage.loot.entries.LootItem$Serializer.m_7267_(LootItem.java:55) ~[server-1.20.1-20230612.114412-srg.jar%23763!/:?]
	at net.minecraft.world.level.storage.loot.entries.LootItem$Serializer.m_7267_(LootItem.java:40) ~[server-1.20.1-20230612.114412-srg.jar%23763!/:?]
	at net.minecraft.world.level.storage.loot.entries.LootPoolSingletonContainer$Serializer.m_5921_(LootPoolSingletonContainer.java:151) ~[server-1.20.1-20230612.114412-srg.jar%23763!/:?]
	at net.minecraft.world.level.storage.loot.entries.LootPoolSingletonContainer$Serializer.m_5921_(LootPoolSingletonContainer.java:129) ~[server-1.20.1-20230612.114412-srg.jar%23763!/:?]
	at net.minecraft.world.level.storage.loot.entries.LootPoolEntryContainer$Serializer.m_7561_(LootPoolEntryContainer.java:86) ~[server-1.20.1-20230612.114412-srg.jar%23763!/:?]
	at net.minecraft.world.level.storage.loot.entries.LootPoolEntryContainer$Serializer.m_7561_(LootPoolEntryContainer.java:74) ~[server-1.20.1-20230612.114412-srg.jar%23763!/:?]
	at net.minecraft.world.level.storage.loot.GsonAdapterFactory$JsonAdapter.deserialize(GsonAdapterFactory.java:102) ~[server-1.20.1-20230612.114412-srg.jar%23763!/:?]
	at com.google.gson.internal.bind.TreeTypeAdapter.read(TreeTypeAdapter.java:76) ~[gson-2.10.jar%2372!/:?]
	at com.google.gson.internal.bind.TypeAdapterRuntimeTypeWrapper.read(TypeAdapterRuntimeTypeWrapper.java:40) ~[gson-2.10.jar%2372!/:?]
	at com.google.gson.internal.bind.ArrayTypeAdapter.read(ArrayTypeAdapter.java:72) ~[gson-2.10.jar%2372!/:?]
	at com.google.gson.Gson.fromJson(Gson.java:1214) ~[gson-2.10.jar%2372!/:?]
	at com.google.gson.Gson.fromJson(Gson.java:1319) ~[gson-2.10.jar%2372!/:?]
	at com.google.gson.Gson.fromJson(Gson.java:1290) ~[gson-2.10.jar%2372!/:?]
	at com.google.gson.internal.bind.TreeTypeAdapter$GsonContextImpl.deserialize(TreeTypeAdapter.java:179) ~[gson-2.10.jar%2372!/:?]
	at net.minecraft.util.GsonHelper.m_13808_(GsonHelper.java:463) ~[server-1.20.1-20230612.114412-srg.jar%23763!/:?]
	at net.minecraft.util.GsonHelper.m_13836_(GsonHelper.java:471) ~[server-1.20.1-20230612.114412-srg.jar%23763!/:?]
	at net.minecraft.world.level.storage.loot.LootPool$Serializer.deserialize(LootPool.java:192) ~[server-1.20.1-20230612.114412-srg.jar%23763!/:?]
	at net.minecraft.world.level.storage.loot.LootPool$Serializer.deserialize(LootPool.java:189) ~[server-1.20.1-20230612.114412-srg.jar%23763!/:?]
	at com.google.gson.internal.bind.TreeTypeAdapter.read(TreeTypeAdapter.java:76) ~[gson-2.10.jar%2372!/:?]
	at com.google.gson.internal.bind.TypeAdapterRuntimeTypeWrapper.read(TypeAdapterRuntimeTypeWrapper.java:40) ~[gson-2.10.jar%2372!/:?]
	at com.google.gson.internal.bind.ArrayTypeAdapter.read(ArrayTypeAdapter.java:72) ~[gson-2.10.jar%2372!/:?]
	at com.google.gson.Gson.fromJson(Gson.java:1214) ~[gson-2.10.jar%2372!/:?]
	at com.google.gson.Gson.fromJson(Gson.java:1319) ~[gson-2.10.jar%2372!/:?]
	at com.google.gson.Gson.fromJson(Gson.java:1290) ~[gson-2.10.jar%2372!/:?]
	at com.google.gson.internal.bind.TreeTypeAdapter$GsonContextImpl.deserialize(TreeTypeAdapter.java:179) ~[gson-2.10.jar%2372!/:?]
	at net.minecraft.util.GsonHelper.m_13808_(GsonHelper.java:463) ~[server-1.20.1-20230612.114412-srg.jar%23763!/:?]
	at net.minecraft.util.GsonHelper.m_13845_(GsonHelper.java:481) ~[server-1.20.1-20230612.114412-srg.jar%23763!/:?]
	at net.minecraft.world.level.storage.loot.LootTable$Serializer.deserialize(LootTable.java:294) ~[server-1.20.1-20230612.114412-srg.jar%23763!/:?]
	at net.minecraft.world.level.storage.loot.LootTable$Serializer.deserialize(LootTable.java:291) ~[server-1.20.1-20230612.114412-srg.jar%23763!/:?]
	at com.google.gson.internal.bind.TreeTypeAdapter.read(TreeTypeAdapter.java:76) ~[gson-2.10.jar%2372!/:?]
	at com.google.gson.Gson.fromJson(Gson.java:1214) ~[gson-2.10.jar%2372!/:?]
	at com.google.gson.Gson.fromJson(Gson.java:1319) ~[gson-2.10.jar%2372!/:?]
	at com.google.gson.Gson.fromJson(Gson.java:1261) ~[gson-2.10.jar%2372!/:?]
	at net.minecraftforge.common.ForgeHooks.loadLootTable(ForgeHooks.java:872) ~[forge-1.20.1-47.4.22-universal.jar%23768!/:?]
	at net.minecraftforge.common.ForgeHooks.lambda$getLootTableDeserializer$3(ForgeHooks.java:849) ~[forge-1.20.1-47.4.22-universal.jar%23768!/:?]
	at net.minecraft.world.level.storage.loot.LootDataType.deserialize(LootDataType.java:45) ~[server-1.20.1-20230612.114412-srg.jar%23763!/:?]
	at net.minecraft.world.level.storage.loot.LootDataManager.lambda$scheduleElementParse$4(LootDataManager.java:56) ~[server-1.20.1-20230612.114412-srg.jar%23763!/:?]
	at java.util.HashMap.forEach(HashMap.java:1421) ~[?:?]
	at net.minecraft.world.level.storage.loot.LootDataManager.m_278660_(LootDataManager.java:55) ~[server-1.20.1-20230612.114412-srg.jar%23763!/:?]
	at java.util.concurrent.CompletableFuture$AsyncRun.run(CompletableFuture.java:1804) ~[?:?]
	at java.util.concurrent.CompletableFuture$AsyncRun.exec(CompletableFuture.java:1796) ~[?:?]
	at java.util.concurrent.ForkJoinTask.doExec(ForkJoinTask.java:373) ~[?:?]
	at java.util.concurrent.ForkJoinPool$WorkQueue.topLevelExec(ForkJoinPool.java:1182) ~[?:?]
	at java.util.concurrent.ForkJoinPool.scan(ForkJoinPool.java:1655) ~[?:?]
	at java.util.concurrent.ForkJoinPool.runWorker(ForkJoinPool.java:1622) ~[?:?]
	at java.util.concurrent.ForkJoinWorkerThread.run(ForkJoinWorkerThread.java:165) ~[?:?]
[14Aug2026 19:53:18.762] [Worker-Main-3/ERROR] [net.minecraftforge.common.ForgeHooks/]: Couldn't parse element loot_tables:outer_end:blocks/azure_vertical_slab
java.lang.IllegalArgumentException: Can't find block outer_end:azure_vertical_slab
	at net.minecraft.world.level.storage.loot.predicates.LootItemBlockStatePropertyCondition$Serializer.m_81802_(LootItemBlockStatePropertyCondition.java:79) ~[server-1.20.1-20230612.114412-srg.jar%23763!/:?]
	at java.util.Optional.orElseThrow(Optional.java:403) ~[?:?]
	at net.minecraft.world.level.storage.loot.predicates.LootItemBlockStatePropertyCondition$Serializer.m_7561_(LootItemBlockStatePropertyCondition.java:79) ~[server-1.20.1-20230612.114412-srg.jar%23763!/:?]
	at net.minecraft.world.level.storage.loot.predicates.LootItemBlockStatePropertyCondition$Serializer.m_7561_(LootItemBlockStatePropertyCondition.java:68) ~[server-1.20.1-20230612.114412-srg.jar%23763!/:?]
	at net.minecraft.world.level.storage.loot.GsonAdapterFactory$JsonAdapter.deserialize(GsonAdapterFactory.java:102) ~[server-1.20.1-20230612.114412-srg.jar%23763!/:?]
	at com.google.gson.internal.bind.TreeTypeAdapter.read(TreeTypeAdapter.java:76) ~[gson-2.10.jar%2372!/:?]
	at com.google.gson.internal.bind.TypeAdapterRuntimeTypeWrapper.read(TypeAdapterRuntimeTypeWrapper.java:40) ~[gson-2.10.jar%2372!/:?]
	at com.google.gson.internal.bind.ArrayTypeAdapter.read(ArrayTypeAdapter.java:72) ~[gson-2.10.jar%2372!/:?]
	at com.google.gson.Gson.fromJson(Gson.java:1214) ~[gson-2.10.jar%2372!/:?]
	at com.google.gson.Gson.fromJson(Gson.java:1319) ~[gson-2.10.jar%2372!/:?]
	at com.google.gson.Gson.fromJson(Gson.java:1290) ~[gson-2.10.jar%2372!/:?]
	at com.google.gson.internal.bind.TreeTypeAdapter$GsonContextImpl.deserialize(TreeTypeAdapter.java:179) ~[gson-2.10.jar%2372!/:?]
	at net.minecraft.util.GsonHelper.m_13808_(GsonHelper.java:463) ~[server-1.20.1-20230612.114412-srg.jar%23763!/:?]
	at net.minecraft.util.GsonHelper.m_13845_(GsonHelper.java:481) ~[server-1.20.1-20230612.114412-srg.jar%23763!/:?]
	at net.minecraft.world.level.storage.loot.functions.LootItemConditionalFunction$Serializer.m_7561_(LootItemConditionalFunction.java:98) ~[server-1.20.1-20230612.114412-srg.jar%23763!/:?]
	at net.minecraft.world.level.storage.loot.functions.LootItemConditionalFunction$Serializer.m_7561_(LootItemConditionalFunction.java:88) ~[server-1.20.1-20230612.114412-srg.jar%23763!/:?]
	at net.minecraft.world.level.storage.loot.GsonAdapterFactory$JsonAdapter.deserialize(GsonAdapterFactory.java:102) ~[server-1.20.1-20230612.114412-srg.jar%23763!/:?]
	at com.google.gson.internal.bind.TreeTypeAdapter.read(TreeTypeAdapter.java:76) ~[gson-2.10.jar%2372!/:?]
	at com.google.gson.internal.bind.TypeAdapterRuntimeTypeWrapper.read(TypeAdapterRuntimeTypeWrapper.java:40) ~[gson-2.10.jar%2372!/:?]
	at com.google.gson.internal.bind.ArrayTypeAdapter.read(ArrayTypeAdapter.java:72) ~[gson-2.10.jar%2372!/:?]
	at com.google.gson.Gson.fromJson(Gson.java:1214) ~[gson-2.10.jar%2372!/:?]
	at com.google.gson.Gson.fromJson(Gson.java:1319) ~[gson-2.10.jar%2372!/:?]
	at com.google.gson.Gson.fromJson(Gson.java:1290) ~[gson-2.10.jar%2372!/:?]
	at com.google.gson.internal.bind.TreeTypeAdapter$GsonContextImpl.deserialize(TreeTypeAdapter.java:179) ~[gson-2.10.jar%2372!/:?]
	at net.minecraft.util.GsonHelper.m_13808_(GsonHelper.java:463) ~[server-1.20.1-20230612.114412-srg.jar%23763!/:?]
	at net.minecraft.util.GsonHelper.m_13845_(GsonHelper.java:481) ~[server-1.20.1-20230612.114412-srg.jar%23763!/:?]
	at net.minecraft.world.level.storage.loot.entries.LootPoolSingletonContainer$Serializer.m_5921_(LootPoolSingletonContainer.java:149) ~[server-1.20.1-20230612.114412-srg.jar%23763!/:?]
	at net.minecraft.world.level.storage.loot.entries.LootPoolSingletonContainer$Serializer.m_5921_(LootPoolSingletonContainer.java:129) ~[server-1.20.1-20230612.114412-srg.jar%23763!/:?]
	at net.minecraft.world.level.storage.loot.entries.LootPoolEntryContainer$Serializer.m_7561_(LootPoolEntryContainer.java:86) ~[server-1.20.1-20230612.114412-srg.jar%23763!/:?]
	at net.minecraft.world.level.storage.loot.entries.LootPoolEntryContainer$Serializer.m_7561_(LootPoolEntryContainer.java:74) ~[server-1.20.1-20230612.114412-srg.jar%23763!/:?]
	at net.minecraft.world.level.storage.loot.GsonAdapterFactory$JsonAdapter.deserialize(GsonAdapterFactory.java:102) ~[server-1.20.1-20230612.114412-srg.jar%23763!/:?]
	at com.google.gson.internal.bind.TreeTypeAdapter.read(TreeTypeAdapter.java:76) ~[gson-2.10.jar%2372!/:?]
	at com.google.gson.internal.bind.TypeAdapterRuntimeTypeWrapper.read(TypeAdapterRuntimeTypeWrapper.java:40) ~[gson-2.10.jar%2372!/:?]
	at com.google.gson.internal.bind.ArrayTypeAdapter.read(ArrayTypeAdapter.java:72) ~[gson-2.10.jar%2372!/:?]
	at com.google.gson.Gson.fromJson(Gson.java:1214) ~[gson-2.10.jar%2372!/:?]
	at com.google.gson.Gson.fromJson(Gson.java:1319) ~[gson-2.10.jar%2372!/:?]
	at com.google.gson.Gson.fromJson(Gson.java:1290) ~[gson-2.10.jar%2372!/:?]
	at com.google.gson.internal.bind.TreeTypeAdapter$GsonContextImpl.deserialize(TreeTypeAdapter.java:179) ~[gson-2.10.jar%2372!/:?]
	at net.minecraft.util.GsonHelper.m_13808_(GsonHelper.java:463) ~[server-1.20.1-20230612.114412-srg.jar%23763!/:?]
	at net.minecraft.util.GsonHelper.m_13836_(GsonHelper.java:471) ~[server-1.20.1-20230612.114412-srg.jar%23763!/:?]
	at net.minecraft.world.level.storage.loot.LootPool$Serializer.deserialize(LootPool.java:192) ~[server-1.20.1-20230612.114412-srg.jar%23763!/:?]
	at net.minecraft.world.level.storage.loot.LootPool$Serializer.deserialize(LootPool.java:189) ~[server-1.20.1-20230612.114412-srg.jar%23763!/:?]
	at com.google.gson.internal.bind.TreeTypeAdapter.read(TreeTypeAdapter.java:76) ~[gson-2.10.jar%2372!/:?]
	at com.google.gson.internal.bind.TypeAdapterRuntimeTypeWrapper.read(TypeAdapterRuntimeTypeWrapper.java:40) ~[gson-2.10.jar%2372!/:?]
	at com.google.gson.internal.bind.ArrayTypeAdapter.read(ArrayTypeAdapter.java:72) ~[gson-2.10.jar%2372!/:?]
	at com.google.gson.Gson.fromJson(Gson.java:1214) ~[gson-2.10.jar%2372!/:?]
	at com.google.gson.Gson.fromJson(Gson.java:1319) ~[gson-2.10.jar%2372!/:?]
	at com.google.gson.Gson.fromJson(Gson.java:1290) ~[gson-2.10.jar%2372!/:?]
	at com.google.gson.internal.bind.TreeTypeAdapter$GsonContextImpl.deserialize(TreeTypeAdapter.java:179) ~[gson-2.10.jar%2372!/:?]
	at net.minecraft.util.GsonHelper.m_13808_(GsonHelper.java:463) ~[server-1.20.1-20230612.114412-srg.jar%23763!/:?]
	at net.minecraft.util.GsonHelper.m_13845_(GsonHelper.java:481) ~[server-1.20.1-20230612.114412-srg.jar%23763!/:?]
	at net.minecraft.world.level.storage.loot.LootTable$Serializer.deserialize(LootTable.java:294) ~[server-1.20.1-20230612.114412-srg.jar%23763!/:?]
	at net.minecraft.world.level.storage.loot.LootTable$Serializer.deserialize(LootTable.java:291) ~[server-1.20.1-20230612.114412-srg.jar%23763!/:?]
	at com.google.gson.internal.bind.TreeTypeAdapter.read(TreeTypeAdapter.java:76) ~[gson-2.10.jar%2372!/:?]
	at com.google.gson.Gson.fromJson(Gson.java:1214) ~[gson-2.10.jar%2372!/:?]
	at com.google.gson.Gson.fromJson(Gson.java:1319) ~[gson-2.10.jar%2372!/:?]
	at com.google.gson.Gson.fromJson(Gson.java:1261) ~[gson-2.10.jar%2372!/:?]
	at net.minecraftforge.common.ForgeHooks.loadLootTable(ForgeHooks.java:872) ~[forge-1.20.1-47.4.22-universal.jar%23768!/:?]
	at net.minecraftforge.common.ForgeHooks.lambda$getLootTableDeserializer$3(ForgeHooks.java:849) ~[forge-1.20.1-47.4.22-universal.jar%23768!/:?]
	at net.minecraft.world.level.storage.loot.LootDataType.deserialize(LootDataType.java:45) ~[server-1.20.1-20230612.114412-srg.jar%23763!/:?]
	at net.minecraft.world.level.storage.loot.LootDataManager.lambda$scheduleElementParse$4(LootDataManager.java:56) ~[server-1.20.1-20230612.114412-srg.jar%23763!/:?]
	at java.util.HashMap.forEach(HashMap.java:1421) ~[?:?]
	at net.minecraft.world.level.storage.loot.LootDataManager.m_278660_(LootDataManager.java:55) ~[server-1.20.1-20230612.114412-srg.jar%23763!/:?]
	at java.util.concurrent.CompletableFuture$AsyncRun.run(CompletableFuture.java:1804) ~[?:?]
	at java.util.concurrent.CompletableFuture$AsyncRun.exec(CompletableFuture.java:1796) ~[?:?]
	at java.util.concurrent.ForkJoinTask.doExec(ForkJoinTask.java:373) ~[?:?]
	at java.util.concurrent.ForkJoinPool$WorkQueue.topLevelExec(ForkJoinPool.java:1182) ~[?:?]
	at java.util.concurrent.ForkJoinPool.scan(ForkJoinPool.java:1655) ~[?:?]
	at java.util.concurrent.ForkJoinPool.runWorker(ForkJoinPool.java:1622) ~[?:?]
	at java.util.concurrent.ForkJoinWorkerThread.run(ForkJoinWorkerThread.java:165) ~[?:?]
[14Aug2026 19:53:18.773] [Worker-Main-3/ERROR] [net.minecraftforge.common.ForgeHooks/]: Couldn't parse element loot_tables:outer_end:blocks/azure_ladder
com.google.gson.JsonSyntaxException: Expected name to be an item, was unknown string 'outer_end:azure_ladder'
	at net.minecraft.util.GsonHelper.m_13866_(GsonHelper.java:145) ~[server-1.20.1-20230612.114412-srg.jar%23763!/:?]
	at java.util.Optional.orElseThrow(Optional.java:403) ~[?:?]
	at net.minecraft.util.GsonHelper.m_13874_(GsonHelper.java:145) ~[server-1.20.1-20230612.114412-srg.jar%23763!/:?]
	at net.minecraft.util.GsonHelper.m_13909_(GsonHelper.java:153) ~[server-1.20.1-20230612.114412-srg.jar%23763!/:?]
	at net.minecraft.world.level.storage.loot.entries.LootItem$Serializer.m_7267_(LootItem.java:55) ~[server-1.20.1-20230612.114412-srg.jar%23763!/:?]
	at net.minecraft.world.level.storage.loot.entries.LootItem$Serializer.m_7267_(LootItem.java:40) ~[server-1.20.1-20230612.114412-srg.jar%23763!/:?]
	at net.minecraft.world.level.storage.loot.entries.LootPoolSingletonContainer$Serializer.m_5921_(LootPoolSingletonContainer.java:151) ~[server-1.20.1-20230612.114412-srg.jar%23763!/:?]
	at net.minecraft.world.level.storage.loot.entries.LootPoolSingletonContainer$Serializer.m_5921_(LootPoolSingletonContainer.java:129) ~[server-1.20.1-20230612.114412-srg.jar%23763!/:?]
	at net.minecraft.world.level.storage.loot.entries.LootPoolEntryContainer$Serializer.m_7561_(LootPoolEntryContainer.java:86) ~[server-1.20.1-20230612.114412-srg.jar%23763!/:?]
	at net.minecraft.world.level.storage.loot.entries.LootPoolEntryContainer$Serializer.m_7561_(LootPoolEntryContainer.java:74) ~[server-1.20.1-20230612.114412-srg.jar%23763!/:?]
	at net.minecraft.world.level.storage.loot.GsonAdapterFactory$JsonAdapter.deserialize(GsonAdapterFactory.java:102) ~[server-1.20.1-20230612.114412-srg.jar%23763!/:?]
	at com.google.gson.internal.bind.TreeTypeAdapter.read(TreeTypeAdapter.java:76) ~[gson-2.10.jar%2372!/:?]
	at com.google.gson.internal.bind.TypeAdapterRuntimeTypeWrapper.read(TypeAdapterRuntimeTypeWrapper.java:40) ~[gson-2.10.jar%2372!/:?]
	at com.google.gson.internal.bind.ArrayTypeAdapter.read(ArrayTypeAdapter.java:72) ~[gson-2.10.jar%2372!/:?]
	at com.google.gson.Gson.fromJson(Gson.java:1214) ~[gson-2.10.jar%2372!/:?]
	at com.google.gson.Gson.fromJson(Gson.java:1319) ~[gson-2.10.jar%2372!/:?]
	at com.google.gson.Gson.fromJson(Gson.java:1290) ~[gson-2.10.jar%2372!/:?]
	at com.google.gson.internal.bind.TreeTypeAdapter$GsonContextImpl.deserialize(TreeTypeAdapter.java:179) ~[gson-2.10.jar%2372!/:?]
	at net.minecraft.util.GsonHelper.m_13808_(GsonHelper.java:463) ~[server-1.20.1-20230612.114412-srg.jar%23763!/:?]
	at net.minecraft.util.GsonHelper.m_13836_(GsonHelper.java:471) ~[server-1.20.1-20230612.114412-srg.jar%23763!/:?]
	at net.minecraft.world.level.storage.loot.LootPool$Serializer.deserialize(LootPool.java:192) ~[server-1.20.1-20230612.114412-srg.jar%23763!/:?]
	at net.minecraft.world.level.storage.loot.LootPool$Serializer.deserialize(LootPool.java:189) ~[server-1.20.1-20230612.114412-srg.jar%23763!/:?]
	at com.google.gson.internal.bind.TreeTypeAdapter.read(TreeTypeAdapter.java:76) ~[gson-2.10.jar%2372!/:?]
	at com.google.gson.internal.bind.TypeAdapterRuntimeTypeWrapper.read(TypeAdapterRuntimeTypeWrapper.java:40) ~[gson-2.10.jar%2372!/:?]
	at com.google.gson.internal.bind.ArrayTypeAdapter.read(ArrayTypeAdapter.java:72) ~[gson-2.10.jar%2372!/:?]
	at com.google.gson.Gson.fromJson(Gson.java:1214) ~[gson-2.10.jar%2372!/:?]
	at com.google.gson.Gson.fromJson(Gson.java:1319) ~[gson-2.10.jar%2372!/:?]
	at com.google.gson.Gson.fromJson(Gson.java:1290) ~[gson-2.10.jar%2372!/:?]
	at com.google.gson.internal.bind.TreeTypeAdapter$GsonContextImpl.deserialize(TreeTypeAdapter.java:179) ~[gson-2.10.jar%2372!/:?]
	at net.minecraft.util.GsonHelper.m_13808_(GsonHelper.java:463) ~[server-1.20.1-20230612.114412-srg.jar%23763!/:?]
	at net.minecraft.util.GsonHelper.m_13845_(GsonHelper.java:481) ~[server-1.20.1-20230612.114412-srg.jar%23763!/:?]
	at net.minecraft.world.level.storage.loot.LootTable$Serializer.deserialize(LootTable.java:294) ~[server-1.20.1-20230612.114412-srg.jar%23763!/:?]
	at net.minecraft.world.level.storage.loot.LootTable$Serializer.deserialize(LootTable.java:291) ~[server-1.20.1-20230612.114412-srg.jar%23763!/:?]
	at com.google.gson.internal.bind.TreeTypeAdapter.read(TreeTypeAdapter.java:76) ~[gson-2.10.jar%2372!/:?]
	at com.google.gson.Gson.fromJson(Gson.java:1214) ~[gson-2.10.jar%2372!/:?]
	at com.google.gson.Gson.fromJson(Gson.java:1319) ~[gson-2.10.jar%2372!/:?]
	at com.google.gson.Gson.fromJson(Gson.java:1261) ~[gson-2.10.jar%2372!/:?]
	at net.minecraftforge.common.ForgeHooks.loadLootTable(ForgeHooks.java:872) ~[forge-1.20.1-47.4.22-universal.jar%23768!/:?]
	at net.minecraftforge.common.ForgeHooks.lambda$getLootTableDeserializer$3(ForgeHooks.java:849) ~[forge-1.20.1-47.4.22-universal.jar%23768!/:?]
	at net.minecraft.world.level.storage.loot.LootDataType.deserialize(LootDataType.java:45) ~[server-1.20.1-20230612.114412-srg.jar%23763!/:?]
	at net.minecraft.world.level.storage.loot.LootDataManager.lambda$scheduleElementParse$4(LootDataManager.java:56) ~[server-1.20.1-20230612.114412-srg.jar%23763!/:?]
	at java.util.HashMap.forEach(HashMap.java:1421) ~[?:?]
	at net.minecraft.world.level.storage.loot.LootDataManager.m_278660_(LootDataManager.java:55) ~[server-1.20.1-20230612.114412-srg.jar%23763!/:?]
	at java.util.concurrent.CompletableFuture$AsyncRun.run(CompletableFuture.java:1804) ~[?:?]
	at java.util.concurrent.CompletableFuture$AsyncRun.exec(CompletableFuture.java:1796) ~[?:?]
	at java.util.concurrent.ForkJoinTask.doExec(ForkJoinTask.java:373) ~[?:?]
	at java.util.concurrent.ForkJoinPool$WorkQueue.topLevelExec(ForkJoinPool.java:1182) ~[?:?]
	at java.util.concurrent.ForkJoinPool.scan(ForkJoinPool.java:1655) ~[?:?]
	at java.util.concurrent.ForkJoinPool.runWorker(ForkJoinPool.java:1622) ~[?:?]
	at java.util.concurrent.ForkJoinWorkerThread.run(ForkJoinWorkerThread.java:165) ~[?:?]
[14Aug2026 19:53:19.037] [Worker-Main-3/ERROR] [net.minecraftforge.common.ForgeHooks/]: Couldn't parse element loot_tables:outer_end:blocks/azure_post
com.google.gson.JsonSyntaxException: Expected name to be an item, was unknown string 'outer_end:azure_post'
	at net.minecraft.util.GsonHelper.m_13866_(GsonHelper.java:145) ~[server-1.20.1-20230612.114412-srg.jar%23763!/:?]
	at java.util.Optional.orElseThrow(Optional.java:403) ~[?:?]
	at net.minecraft.util.GsonHelper.m_13874_(GsonHelper.java:145) ~[server-1.20.1-20230612.114412-srg.jar%23763!/:?]
	at net.minecraft.util.GsonHelper.m_13909_(GsonHelper.java:153) ~[server-1.20.1-20230612.114412-srg.jar%23763!/:?]
	at net.minecraft.world.level.storage.loot.entries.LootItem$Serializer.m_7267_(LootItem.java:55) ~[server-1.20.1-20230612.114412-srg.jar%23763!/:?]
	at net.minecraft.world.level.storage.loot.entries.LootItem$Serializer.m_7267_(LootItem.java:40) ~[server-1.20.1-20230612.114412-srg.jar%23763!/:?]
	at net.minecraft.world.level.storage.loot.entries.LootPoolSingletonContainer$Serializer.m_5921_(LootPoolSingletonContainer.java:151) ~[server-1.20.1-20230612.114412-srg.jar%23763!/:?]
	at net.minecraft.world.level.storage.loot.entries.LootPoolSingletonContainer$Serializer.m_5921_(LootPoolSingletonContainer.java:129) ~[server-1.20.1-20230612.114412-srg.jar%23763!/:?]
	at net.minecraft.world.level.storage.loot.entries.LootPoolEntryContainer$Serializer.m_7561_(LootPoolEntryContainer.java:86) ~[server-1.20.1-20230612.114412-srg.jar%23763!/:?]
	at net.minecraft.world.level.storage.loot.entries.LootPoolEntryContainer$Serializer.m_7561_(LootPoolEntryContainer.java:74) ~[server-1.20.1-20230612.114412-srg.jar%23763!/:?]
	at net.minecraft.world.level.storage.loot.GsonAdapterFactory$JsonAdapter.deserialize(GsonAdapterFactory.java:102) ~[server-1.20.1-20230612.114412-srg.jar%23763!/:?]
	at com.google.gson.internal.bind.TreeTypeAdapter.read(TreeTypeAdapter.java:76) ~[gson-2.10.jar%2372!/:?]
	at com.google.gson.internal.bind.TypeAdapterRuntimeTypeWrapper.read(TypeAdapterRuntimeTypeWrapper.java:40) ~[gson-2.10.jar%2372!/:?]
	at com.google.gson.internal.bind.ArrayTypeAdapter.read(ArrayTypeAdapter.java:72) ~[gson-2.10.jar%2372!/:?]
	at com.google.gson.Gson.fromJson(Gson.java:1214) ~[gson-2.10.jar%2372!/:?]
	at com.google.gson.Gson.fromJson(Gson.java:1319) ~[gson-2.10.jar%2372!/:?]
	at com.google.gson.Gson.fromJson(Gson.java:1290) ~[gson-2.10.jar%2372!/:?]
	at com.google.gson.internal.bind.TreeTypeAdapter$GsonContextImpl.deserialize(TreeTypeAdapter.java:179) ~[gson-2.10.jar%2372!/:?]
	at net.minecraft.util.GsonHelper.m_13808_(GsonHelper.java:463) ~[server-1.20.1-20230612.114412-srg.jar%23763!/:?]
	at net.minecraft.util.GsonHelper.m_13836_(GsonHelper.java:471) ~[server-1.20.1-20230612.114412-srg.jar%23763!/:?]
	at net.minecraft.world.level.storage.loot.LootPool$Serializer.deserialize(LootPool.java:192) ~[server-1.20.1-20230612.114412-srg.jar%23763!/:?]
	at net.minecraft.world.level.storage.loot.LootPool$Serializer.deserialize(LootPool.java:189) ~[server-1.20.1-20230612.114412-srg.jar%23763!/:?]
	at com.google.gson.internal.bind.TreeTypeAdapter.read(TreeTypeAdapter.java:76) ~[gson-2.10.jar%2372!/:?]
	at com.google.gson.internal.bind.TypeAdapterRuntimeTypeWrapper.read(TypeAdapterRuntimeTypeWrapper.java:40) ~[gson-2.10.jar%2372!/:?]
	at com.google.gson.internal.bind.ArrayTypeAdapter.read(ArrayTypeAdapter.java:72) ~[gson-2.10.jar%2372!/:?]
	at com.google.gson.Gson.fromJson(Gson.java:1214) ~[gson-2.10.jar%2372!/:?]
	at com.google.gson.Gson.fromJson(Gson.java:1319) ~[gson-2.10.jar%2372!/:?]
	at com.google.gson.Gson.fromJson(Gson.java:1290) ~[gson-2.10.jar%2372!/:?]
	at com.google.gson.internal.bind.TreeTypeAdapter$GsonContextImpl.deserialize(TreeTypeAdapter.java:179) ~[gson-2.10.jar%2372!/:?]
	at net.minecraft.util.GsonHelper.m_13808_(GsonHelper.java:463) ~[server-1.20.1-20230612.114412-srg.jar%23763!/:?]
	at net.minecraft.util.GsonHelper.m_13845_(GsonHelper.java:481) ~[server-1.20.1-20230612.114412-srg.jar%23763!/:?]
	at net.minecraft.world.level.storage.loot.LootTable$Serializer.deserialize(LootTable.java:294) ~[server-1.20.1-20230612.114412-srg.jar%23763!/:?]
	at net.minecraft.world.level.storage.loot.LootTable$Serializer.deserialize(LootTable.java:291) ~[server-1.20.1-20230612.114412-srg.jar%23763!/:?]
	at com.google.gson.internal.bind.TreeTypeAdapter.read(TreeTypeAdapter.java:76) ~[gson-2.10.jar%2372!/:?]
	at com.google.gson.Gson.fromJson(Gson.java:1214) ~[gson-2.10.jar%2372!/:?]
	at com.google.gson.Gson.fromJson(Gson.java:1319) ~[gson-2.10.jar%2372!/:?]
	at com.google.gson.Gson.fromJson(Gson.java:1261) ~[gson-2.10.jar%2372!/:?]
	at net.minecraftforge.common.ForgeHooks.loadLootTable(ForgeHooks.java:872) ~[forge-1.20.1-47.4.22-universal.jar%23768!/:?]
	at net.minecraftforge.common.ForgeHooks.lambda$getLootTableDeserializer$3(ForgeHooks.java:849) ~[forge-1.20.1-47.4.22-universal.jar%23768!/:?]
	at net.minecraft.world.level.storage.loot.LootDataType.deserialize(LootDataType.java:45) ~[server-1.20.1-20230612.114412-srg.jar%23763!/:?]
	at net.minecraft.world.level.storage.loot.LootDataManager.lambda$scheduleElementParse$4(LootDataManager.java:56) ~[server-1.20.1-20230612.114412-srg.jar%23763!/:?]
	at java.util.HashMap.forEach(HashMap.java:1421) ~[?:?]
	at net.minecraft.world.level.storage.loot.LootDataManager.m_278660_(LootDataManager.java:55) ~[server-1.20.1-20230612.114412-srg.jar%23763!/:?]
	at java.util.concurrent.CompletableFuture$AsyncRun.run(CompletableFuture.java:1804) ~[?:?]
	at java.util.concurrent.CompletableFuture$AsyncRun.exec(CompletableFuture.java:1796) ~[?:?]
	at java.util.concurrent.ForkJoinTask.doExec(ForkJoinTask.java:373) ~[?:?]
	at java.util.concurrent.ForkJoinPool$WorkQueue.topLevelExec(ForkJoinPool.java:1182) ~[?:?]
	at java.util.concurrent.ForkJoinPool.scan(ForkJoinPool.java:1655) ~[?:?]
	at java.util.concurrent.ForkJoinPool.runWorker(ForkJoinPool.java:1622) ~[?:?]
	at java.util.concurrent.ForkJoinWorkerThread.run(ForkJoinWorkerThread.java:165) ~[?:?]
[14Aug2026 19:53:19.324] [Worker-Main-3/ERROR] [net.minecraftforge.common.ForgeHooks/]: Couldn't parse element loot_tables:outer_end:blocks/stripped_azure_post
com.google.gson.JsonSyntaxException: Expected name to be an item, was unknown string 'outer_end:stripped_azure_post'
	at net.minecraft.util.GsonHelper.m_13866_(GsonHelper.java:145) ~[server-1.20.1-20230612.114412-srg.jar%23763!/:?]
	at java.util.Optional.orElseThrow(Optional.java:403) ~[?:?]
	at net.minecraft.util.GsonHelper.m_13874_(GsonHelper.java:145) ~[server-1.20.1-20230612.114412-srg.jar%23763!/:?]
	at net.minecraft.util.GsonHelper.m_13909_(GsonHelper.java:153) ~[server-1.20.1-20230612.114412-srg.jar%23763!/:?]
	at net.minecraft.world.level.storage.loot.entries.LootItem$Serializer.m_7267_(LootItem.java:55) ~[server-1.20.1-20230612.114412-srg.jar%23763!/:?]
	at net.minecraft.world.level.storage.loot.entries.LootItem$Serializer.m_7267_(LootItem.java:40) ~[server-1.20.1-20230612.114412-srg.jar%23763!/:?]
	at net.minecraft.world.level.storage.loot.entries.LootPoolSingletonContainer$Serializer.m_5921_(LootPoolSingletonContainer.java:151) ~[server-1.20.1-20230612.114412-srg.jar%23763!/:?]
	at net.minecraft.world.level.storage.loot.entries.LootPoolSingletonContainer$Serializer.m_5921_(LootPoolSingletonContainer.java:129) ~[server-1.20.1-20230612.114412-srg.jar%23763!/:?]
	at net.minecraft.world.level.storage.loot.entries.LootPoolEntryContainer$Serializer.m_7561_(LootPoolEntryContainer.java:86) ~[server-1.20.1-20230612.114412-srg.jar%23763!/:?]
	at net.minecraft.world.level.storage.loot.entries.LootPoolEntryContainer$Serializer.m_7561_(LootPoolEntryContainer.java:74) ~[server-1.20.1-20230612.114412-srg.jar%23763!/:?]
	at net.minecraft.world.level.storage.loot.GsonAdapterFactory$JsonAdapter.deserialize(GsonAdapterFactory.java:102) ~[server-1.20.1-20230612.114412-srg.jar%23763!/:?]
	at com.google.gson.internal.bind.TreeTypeAdapter.read(TreeTypeAdapter.java:76) ~[gson-2.10.jar%2372!/:?]
	at com.google.gson.internal.bind.TypeAdapterRuntimeTypeWrapper.read(TypeAdapterRuntimeTypeWrapper.java:40) ~[gson-2.10.jar%2372!/:?]
	at com.google.gson.internal.bind.ArrayTypeAdapter.read(ArrayTypeAdapter.java:72) ~[gson-2.10.jar%2372!/:?]
	at com.google.gson.Gson.fromJson(Gson.java:1214) ~[gson-2.10.jar%2372!/:?]
	at com.google.gson.Gson.fromJson(Gson.java:1319) ~[gson-2.10.jar%2372!/:?]
	at com.google.gson.Gson.fromJson(Gson.java:1290) ~[gson-2.10.jar%2372!/:?]
	at com.google.gson.internal.bind.TreeTypeAdapter$GsonContextImpl.deserialize(TreeTypeAdapter.java:179) ~[gson-2.10.jar%2372!/:?]
	at net.minecraft.util.GsonHelper.m_13808_(GsonHelper.java:463) ~[server-1.20.1-20230612.114412-srg.jar%23763!/:?]
	at net.minecraft.util.GsonHelper.m_13836_(GsonHelper.java:471) ~[server-1.20.1-20230612.114412-srg.jar%23763!/:?]
	at net.minecraft.world.level.storage.loot.LootPool$Serializer.deserialize(LootPool.java:192) ~[server-1.20.1-20230612.114412-srg.jar%23763!/:?]
	at net.minecraft.world.level.storage.loot.LootPool$Serializer.deserialize(LootPool.java:189) ~[server-1.20.1-20230612.114412-srg.jar%23763!/:?]
	at com.google.gson.internal.bind.TreeTypeAdapter.read(TreeTypeAdapter.java:76) ~[gson-2.10.jar%2372!/:?]
	at com.google.gson.internal.bind.TypeAdapterRuntimeTypeWrapper.read(TypeAdapterRuntimeTypeWrapper.java:40) ~[gson-2.10.jar%2372!/:?]
	at com.google.gson.internal.bind.ArrayTypeAdapter.read(ArrayTypeAdapter.java:72) ~[gson-2.10.jar%2372!/:?]
	at com.google.gson.Gson.fromJson(Gson.java:1214) ~[gson-2.10.jar%2372!/:?]
	at com.google.gson.Gson.fromJson(Gson.java:1319) ~[gson-2.10.jar%2372!/:?]
	at com.google.gson.Gson.fromJson(Gson.java:1290) ~[gson-2.10.jar%2372!/:?]
	at com.google.gson.internal.bind.TreeTypeAdapter$GsonContextImpl.deserialize(TreeTypeAdapter.java:179) ~[gson-2.10.jar%2372!/:?]
	at net.minecraft.util.GsonHelper.m_13808_(GsonHelper.java:463) ~[server-1.20.1-20230612.114412-srg.jar%23763!/:?]
	at net.minecraft.util.GsonHelper.m_13845_(GsonHelper.java:481) ~[server-1.20.1-20230612.114412-srg.jar%23763!/:?]
	at net.minecraft.world.level.storage.loot.LootTable$Serializer.deserialize(LootTable.java:294) ~[server-1.20.1-20230612.114412-srg.jar%23763!/:?]
	at net.minecraft.world.level.storage.loot.LootTable$Serializer.deserialize(LootTable.java:291) ~[server-1.20.1-20230612.114412-srg.jar%23763!/:?]
	at com.google.gson.internal.bind.TreeTypeAdapter.read(TreeTypeAdapter.java:76) ~[gson-2.10.jar%2372!/:?]
	at com.google.gson.Gson.fromJson(Gson.java:1214) ~[gson-2.10.jar%2372!/:?]
	at com.google.gson.Gson.fromJson(Gson.java:1319) ~[gson-2.10.jar%2372!/:?]
	at com.google.gson.Gson.fromJson(Gson.java:1261) ~[gson-2.10.jar%2372!/:?]
	at net.minecraftforge.common.ForgeHooks.loadLootTable(ForgeHooks.java:872) ~[forge-1.20.1-47.4.22-universal.jar%23768!/:?]
	at net.minecraftforge.common.ForgeHooks.lambda$getLootTableDeserializer$3(ForgeHooks.java:849) ~[forge-1.20.1-47.4.22-universal.jar%23768!/:?]
	at net.minecraft.world.level.storage.loot.LootDataType.deserialize(LootDataType.java:45) ~[server-1.20.1-20230612.114412-srg.jar%23763!/:?]
	at net.minecraft.world.level.storage.loot.LootDataManager.lambda$scheduleElementParse$4(LootDataManager.java:56) ~[server-1.20.1-20230612.114412-srg.jar%23763!/:?]
	at java.util.HashMap.forEach(HashMap.java:1421) ~[?:?]
	at net.minecraft.world.level.storage.loot.LootDataManager.m_278660_(LootDataManager.java:55) ~[server-1.20.1-20230612.114412-srg.jar%23763!/:?]
	at java.util.concurrent.CompletableFuture$AsyncRun.run(CompletableFuture.java:1804) ~[?:?]
	at java.util.concurrent.CompletableFuture$AsyncRun.exec(CompletableFuture.java:1796) ~[?:?]
	at java.util.concurrent.ForkJoinTask.doExec(ForkJoinTask.java:373) ~[?:?]
	at java.util.concurrent.ForkJoinPool$WorkQueue.topLevelExec(ForkJoinPool.java:1182) ~[?:?]
	at java.util.concurrent.ForkJoinPool.scan(ForkJoinPool.java:1655) ~[?:?]
	at java.util.concurrent.ForkJoinPool.runWorker(ForkJoinPool.java:1622) ~[?:?]
	at java.util.concurrent.ForkJoinWorkerThread.run(ForkJoinWorkerThread.java:165) ~[?:?]
[14Aug2026 19:53:19.501] [Worker-Main-3/ERROR] [net.minecraftforge.common.ForgeHooks/]: Couldn't parse element loot_tables:outer_end:blocks/azure_vertical_planks
com.google.gson.JsonSyntaxException: Expected name to be an item, was unknown string 'outer_end:azure_vertical_planks'
	at net.minecraft.util.GsonHelper.m_13866_(GsonHelper.java:145) ~[server-1.20.1-20230612.114412-srg.jar%23763!/:?]
	at java.util.Optional.orElseThrow(Optional.java:403) ~[?:?]
	at net.minecraft.util.GsonHelper.m_13874_(GsonHelper.java:145) ~[server-1.20.1-20230612.114412-srg.jar%23763!/:?]
	at net.minecraft.util.GsonHelper.m_13909_(GsonHelper.java:153) ~[server-1.20.1-20230612.114412-srg.jar%23763!/:?]
	at net.minecraft.world.level.storage.loot.entries.LootItem$Serializer.m_7267_(LootItem.java:55) ~[server-1.20.1-20230612.114412-srg.jar%23763!/:?]
	at net.minecraft.world.level.storage.loot.entries.LootItem$Serializer.m_7267_(LootItem.java:40) ~[server-1.20.1-20230612.114412-srg.jar%23763!/:?]
	at net.minecraft.world.level.storage.loot.entries.LootPoolSingletonContainer$Serializer.m_5921_(LootPoolSingletonContainer.java:151) ~[server-1.20.1-20230612.114412-srg.jar%23763!/:?]
	at net.minecraft.world.level.storage.loot.entries.LootPoolSingletonContainer$Serializer.m_5921_(LootPoolSingletonContainer.java:129) ~[server-1.20.1-20230612.114412-srg.jar%23763!/:?]
	at net.minecraft.world.level.storage.loot.entries.LootPoolEntryContainer$Serializer.m_7561_(LootPoolEntryContainer.java:86) ~[server-1.20.1-20230612.114412-srg.jar%23763!/:?]
	at net.minecraft.world.level.storage.loot.entries.LootPoolEntryContainer$Serializer.m_7561_(LootPoolEntryContainer.java:74) ~[server-1.20.1-20230612.114412-srg.jar%23763!/:?]
	at net.minecraft.world.level.storage.loot.GsonAdapterFactory$JsonAdapter.deserialize(GsonAdapterFactory.java:102) ~[server-1.20.1-20230612.114412-srg.jar%23763!/:?]
	at com.google.gson.internal.bind.TreeTypeAdapter.read(TreeTypeAdapter.java:76) ~[gson-2.10.jar%2372!/:?]
	at com.google.gson.internal.bind.TypeAdapterRuntimeTypeWrapper.read(TypeAdapterRuntimeTypeWrapper.java:40) ~[gson-2.10.jar%2372!/:?]
	at com.google.gson.internal.bind.ArrayTypeAdapter.read(ArrayTypeAdapter.java:72) ~[gson-2.10.jar%2372!/:?]
	at com.google.gson.Gson.fromJson(Gson.java:1214) ~[gson-2.10.jar%2372!/:?]
	at com.google.gson.Gson.fromJson(Gson.java:1319) ~[gson-2.10.jar%2372!/:?]
	at com.google.gson.Gson.fromJson(Gson.java:1290) ~[gson-2.10.jar%2372!/:?]
	at com.google.gson.internal.bind.TreeTypeAdapter$GsonContextImpl.deserialize(TreeTypeAdapter.java:179) ~[gson-2.10.jar%2372!/:?]
	at net.minecraft.util.GsonHelper.m_13808_(GsonHelper.java:463) ~[server-1.20.1-20230612.114412-srg.jar%23763!/:?]
	at net.minecraft.util.GsonHelper.m_13836_(GsonHelper.java:471) ~[server-1.20.1-20230612.114412-srg.jar%23763!/:?]
	at net.minecraft.world.level.storage.loot.LootPool$Serializer.deserialize(LootPool.java:192) ~[server-1.20.1-20230612.114412-srg.jar%23763!/:?]
	at net.minecraft.world.level.storage.loot.LootPool$Serializer.deserialize(LootPool.java:189) ~[server-1.20.1-20230612.114412-srg.jar%23763!/:?]
	at com.google.gson.internal.bind.TreeTypeAdapter.read(TreeTypeAdapter.java:76) ~[gson-2.10.jar%2372!/:?]
	at com.google.gson.internal.bind.TypeAdapterRuntimeTypeWrapper.read(TypeAdapterRuntimeTypeWrapper.java:40) ~[gson-2.10.jar%2372!/:?]
	at com.google.gson.internal.bind.ArrayTypeAdapter.read(ArrayTypeAdapter.java:72) ~[gson-2.10.jar%2372!/:?]
	at com.google.gson.Gson.fromJson(Gson.java:1214) ~[gson-2.10.jar%2372!/:?]
	at com.google.gson.Gson.fromJson(Gson.java:1319) ~[gson-2.10.jar%2372!/:?]
	at com.google.gson.Gson.fromJson(Gson.java:1290) ~[gson-2.10.jar%2372!/:?]
	at com.google.gson.internal.bind.TreeTypeAdapter$GsonContextImpl.deserialize(TreeTypeAdapter.java:179) ~[gson-2.10.jar%2372!/:?]
	at net.minecraft.util.GsonHelper.m_13808_(GsonHelper.java:463) ~[server-1.20.1-20230612.114412-srg.jar%23763!/:?]
	at net.minecraft.util.GsonHelper.m_13845_(GsonHelper.java:481) ~[server-1.20.1-20230612.114412-srg.jar%23763!/:?]
	at net.minecraft.world.level.storage.loot.LootTable$Serializer.deserialize(LootTable.java:294) ~[server-1.20.1-20230612.114412-srg.jar%23763!/:?]
	at net.minecraft.world.level.storage.loot.LootTable$Serializer.deserialize(LootTable.java:291) ~[server-1.20.1-20230612.114412-srg.jar%23763!/:?]
	at com.google.gson.internal.bind.TreeTypeAdapter.read(TreeTypeAdapter.java:76) ~[gson-2.10.jar%2372!/:?]
	at com.google.gson.Gson.fromJson(Gson.java:1214) ~[gson-2.10.jar%2372!/:?]
	at com.google.gson.Gson.fromJson(Gson.java:1319) ~[gson-2.10.jar%2372!/:?]
	at com.google.gson.Gson.fromJson(Gson.java:1261) ~[gson-2.10.jar%2372!/:?]
	at net.minecraftforge.common.ForgeHooks.loadLootTable(ForgeHooks.java:872) ~[forge-1.20.1-47.4.22-universal.jar%23768!/:?]
	at net.minecraftforge.common.ForgeHooks.lambda$getLootTableDeserializer$3(ForgeHooks.java:849) ~[forge-1.20.1-47.4.22-universal.jar%23768!/:?]
	at net.minecraft.world.level.storage.loot.LootDataType.deserialize(LootDataType.java:45) ~[server-1.20.1-20230612.114412-srg.jar%23763!/:?]
	at net.minecraft.world.level.storage.loot.LootDataManager.lambda$scheduleElementParse$4(LootDataManager.java:56) ~[server-1.20.1-20230612.114412-srg.jar%23763!/:?]
	at java.util.HashMap.forEach(HashMap.java:1421) ~[?:?]
	at net.minecraft.world.level.storage.loot.LootDataManager.m_278660_(LootDataManager.java:55) ~[server-1.20.1-20230612.114412-srg.jar%23763!/:?]
	at java.util.concurrent.CompletableFuture$AsyncRun.run(CompletableFuture.java:1804) ~[?:?]
	at java.util.concurrent.CompletableFuture$AsyncRun.exec(CompletableFuture.java:1796) ~[?:?]
	at java.util.concurrent.ForkJoinTask.doExec(ForkJoinTask.java:373) ~[?:?]
	at java.util.concurrent.ForkJoinPool$WorkQueue.topLevelExec(ForkJoinPool.java:1182) ~[?:?]
	at java.util.concurrent.ForkJoinPool.scan(ForkJoinPool.java:1655) ~[?:?]
	at java.util.concurrent.ForkJoinPool.runWorker(ForkJoinPool.java:1622) ~[?:?]
	at java.util.concurrent.ForkJoinWorkerThread.run(ForkJoinWorkerThread.java:165) ~[?:?]
[14Aug2026 19:53:19.534] [Worker-Main-3/ERROR] [net.minecraftforge.common.ForgeHooks/]: Couldn't parse element loot_tables:farmersrespite:blocks/kettle
com.google.gson.JsonSyntaxException: Unknown type 'farmersrespite:copy_meal'
	at net.minecraft.world.level.storage.loot.GsonAdapterFactory$JsonAdapter.deserialize(GsonAdapterFactory.java:99) ~[server-1.20.1-20230612.114412-srg.jar%23763!/:?]
	at com.google.gson.internal.bind.TreeTypeAdapter.read(TreeTypeAdapter.java:76) ~[gson-2.10.jar%2372!/:?]
	at com.google.gson.internal.bind.TypeAdapterRuntimeTypeWrapper.read(TypeAdapterRuntimeTypeWrapper.java:40) ~[gson-2.10.jar%2372!/:?]
	at com.google.gson.internal.bind.ArrayTypeAdapter.read(ArrayTypeAdapter.java:72) ~[gson-2.10.jar%2372!/:?]
	at com.google.gson.Gson.fromJson(Gson.java:1214) ~[gson-2.10.jar%2372!/:?]
	at com.google.gson.Gson.fromJson(Gson.java:1319) ~[gson-2.10.jar%2372!/:?]
	at com.google.gson.Gson.fromJson(Gson.java:1290) ~[gson-2.10.jar%2372!/:?]
	at com.google.gson.internal.bind.TreeTypeAdapter$GsonContextImpl.deserialize(TreeTypeAdapter.java:179) ~[gson-2.10.jar%2372!/:?]
	at net.minecraft.util.GsonHelper.m_13808_(GsonHelper.java:463) ~[server-1.20.1-20230612.114412-srg.jar%23763!/:?]
	at net.minecraft.util.GsonHelper.m_13845_(GsonHelper.java:481) ~[server-1.20.1-20230612.114412-srg.jar%23763!/:?]
	at net.minecraft.world.level.storage.loot.entries.LootPoolSingletonContainer$Serializer.m_5921_(LootPoolSingletonContainer.java:149) ~[server-1.20.1-20230612.114412-srg.jar%23763!/:?]
	at net.minecraft.world.level.storage.loot.entries.LootPoolSingletonContainer$Serializer.m_5921_(LootPoolSingletonContainer.java:129) ~[server-1.20.1-20230612.114412-srg.jar%23763!/:?]
	at net.minecraft.world.level.storage.loot.entries.LootPoolEntryContainer$Serializer.m_7561_(LootPoolEntryContainer.java:86) ~[server-1.20.1-20230612.114412-srg.jar%23763!/:?]
	at net.minecraft.world.level.storage.loot.entries.LootPoolEntryContainer$Serializer.m_7561_(LootPoolEntryContainer.java:74) ~[server-1.20.1-20230612.114412-srg.jar%23763!/:?]
	at net.minecraft.world.level.storage.loot.GsonAdapterFactory$JsonAdapter.deserialize(GsonAdapterFactory.java:102) ~[server-1.20.1-20230612.114412-srg.jar%23763!/:?]
	at com.google.gson.internal.bind.TreeTypeAdapter.read(TreeTypeAdapter.java:76) ~[gson-2.10.jar%2372!/:?]
	at com.google.gson.internal.bind.TypeAdapterRuntimeTypeWrapper.read(TypeAdapterRuntimeTypeWrapper.java:40) ~[gson-2.10.jar%2372!/:?]
	at com.google.gson.internal.bind.ArrayTypeAdapter.read(ArrayTypeAdapter.java:72) ~[gson-2.10.jar%2372!/:?]
	at com.google.gson.Gson.fromJson(Gson.java:1214) ~[gson-2.10.jar%2372!/:?]
	at com.google.gson.Gson.fromJson(Gson.java:1319) ~[gson-2.10.jar%2372!/:?]
	at com.google.gson.Gson.fromJson(Gson.java:1290) ~[gson-2.10.jar%2372!/:?]
	at com.google.gson.internal.bind.TreeTypeAdapter$GsonContextImpl.deserialize(TreeTypeAdapter.java:179) ~[gson-2.10.jar%2372!/:?]
	at net.minecraft.util.GsonHelper.m_13808_(GsonHelper.java:463) ~[server-1.20.1-20230612.114412-srg.jar%23763!/:?]
	at net.minecraft.util.GsonHelper.m_13836_(GsonHelper.java:471) ~[server-1.20.1-20230612.114412-srg.jar%23763!/:?]
	at net.minecraft.world.level.storage.loot.LootPool$Serializer.deserialize(LootPool.java:192) ~[server-1.20.1-20230612.114412-srg.jar%23763!/:?]
	at net.minecraft.world.level.storage.loot.LootPool$Serializer.deserialize(LootPool.java:189) ~[server-1.20.1-20230612.114412-srg.jar%23763!/:?]
	at com.google.gson.internal.bind.TreeTypeAdapter.read(TreeTypeAdapter.java:76) ~[gson-2.10.jar%2372!/:?]
	at com.google.gson.internal.bind.TypeAdapterRuntimeTypeWrapper.read(TypeAdapterRuntimeTypeWrapper.java:40) ~[gson-2.10.jar%2372!/:?]
	at com.google.gson.internal.bind.ArrayTypeAdapter.read(ArrayTypeAdapter.java:72) ~[gson-2.10.jar%2372!/:?]
	at com.google.gson.Gson.fromJson(Gson.java:1214) ~[gson-2.10.jar%2372!/:?]
	at com.google.gson.Gson.fromJson(Gson.java:1319) ~[gson-2.10.jar%2372!/:?]
	at com.google.gson.Gson.fromJson(Gson.java:1290) ~[gson-2.10.jar%2372!/:?]
	at com.google.gson.internal.bind.TreeTypeAdapter$GsonContextImpl.deserialize(TreeTypeAdapter.java:179) ~[gson-2.10.jar%2372!/:?]
	at net.minecraft.util.GsonHelper.m_13808_(GsonHelper.java:463) ~[server-1.20.1-20230612.114412-srg.jar%23763!/:?]
	at net.minecraft.util.GsonHelper.m_13845_(GsonHelper.java:481) ~[server-1.20.1-20230612.114412-srg.jar%23763!/:?]
	at net.minecraft.world.level.storage.loot.LootTable$Serializer.deserialize(LootTable.java:294) ~[server-1.20.1-20230612.114412-srg.jar%23763!/:?]
	at net.minecraft.world.level.storage.loot.LootTable$Serializer.deserialize(LootTable.java:291) ~[server-1.20.1-20230612.114412-srg.jar%23763!/:?]
	at com.google.gson.internal.bind.TreeTypeAdapter.read(TreeTypeAdapter.java:76) ~[gson-2.10.jar%2372!/:?]
	at com.google.gson.Gson.fromJson(Gson.java:1214) ~[gson-2.10.jar%2372!/:?]
	at com.google.gson.Gson.fromJson(Gson.java:1319) ~[gson-2.10.jar%2372!/:?]
	at com.google.gson.Gson.fromJson(Gson.java:1261) ~[gson-2.10.jar%2372!/:?]
	at net.minecraftforge.common.ForgeHooks.loadLootTable(ForgeHooks.java:872) ~[forge-1.20.1-47.4.22-universal.jar%23768!/:?]
	at net.minecraftforge.common.ForgeHooks.lambda$getLootTableDeserializer$3(ForgeHooks.java:849) ~[forge-1.20.1-47.4.22-universal.jar%23768!/:?]
	at net.minecraft.world.level.storage.loot.LootDataType.deserialize(LootDataType.java:45) ~[server-1.20.1-20230612.114412-srg.jar%23763!/:?]
	at net.minecraft.world.level.storage.loot.LootDataManager.lambda$scheduleElementParse$4(LootDataManager.java:56) ~[server-1.20.1-20230612.114412-srg.jar%23763!/:?]
	at java.util.HashMap.forEach(HashMap.java:1421) ~[?:?]
	at net.minecraft.world.level.storage.loot.LootDataManager.m_278660_(LootDataManager.java:55) ~[server-1.20.1-20230612.114412-srg.jar%23763!/:?]
	at java.util.concurrent.CompletableFuture$AsyncRun.run(CompletableFuture.java:1804) ~[?:?]
	at java.util.concurrent.CompletableFuture$AsyncRun.exec(CompletableFuture.java:1796) ~[?:?]
	at java.util.concurrent.ForkJoinTask.doExec(ForkJoinTask.java:373) ~[?:?]
	at java.util.concurrent.ForkJoinPool$WorkQueue.topLevelExec(ForkJoinPool.java:1182) ~[?:?]
	at java.util.concurrent.ForkJoinPool.scan(ForkJoinPool.java:1655) ~[?:?]
	at java.util.concurrent.ForkJoinPool.runWorker(ForkJoinPool.java:1622) ~[?:?]
	at java.util.concurrent.ForkJoinWorkerThread.run(ForkJoinWorkerThread.java:165) ~[?:?]
[14Aug2026 19:53:19.553] [Worker-Main-3/ERROR] [net.minecraftforge.common.ForgeHooks/]: Couldn't parse element loot_tables:outer_end:blocks/himmel_vertical_slab
java.lang.IllegalArgumentException: Can't find block outer_end:himmel_vertical_slab
	at net.minecraft.world.level.storage.loot.predicates.LootItemBlockStatePropertyCondition$Serializer.m_81802_(LootItemBlockStatePropertyCondition.java:79) ~[server-1.20.1-20230612.114412-srg.jar%23763!/:?]
	at java.util.Optional.orElseThrow(Optional.java:403) ~[?:?]
	at net.minecraft.world.level.storage.loot.predicates.LootItemBlockStatePropertyCondition$Serializer.m_7561_(LootItemBlockStatePropertyCondition.java:79) ~[server-1.20.1-20230612.114412-srg.jar%23763!/:?]
	at net.minecraft.world.level.storage.loot.predicates.LootItemBlockStatePropertyCondition$Serializer.m_7561_(LootItemBlockStatePropertyCondition.java:68) ~[server-1.20.1-20230612.114412-srg.jar%23763!/:?]
	at net.minecraft.world.level.storage.loot.GsonAdapterFactory$JsonAdapter.deserialize(GsonAdapterFactory.java:102) ~[server-1.20.1-20230612.114412-srg.jar%23763!/:?]
	at com.google.gson.internal.bind.TreeTypeAdapter.read(TreeTypeAdapter.java:76) ~[gson-2.10.jar%2372!/:?]
	at com.google.gson.internal.bind.TypeAdapterRuntimeTypeWrapper.read(TypeAdapterRuntimeTypeWrapper.java:40) ~[gson-2.10.jar%2372!/:?]
	at com.google.gson.internal.bind.ArrayTypeAdapter.read(ArrayTypeAdapter.java:72) ~[gson-2.10.jar%2372!/:?]
	at com.google.gson.Gson.fromJson(Gson.java:1214) ~[gson-2.10.jar%2372!/:?]
	at com.google.gson.Gson.fromJson(Gson.java:1319) ~[gson-2.10.jar%2372!/:?]
	at com.google.gson.Gson.fromJson(Gson.java:1290) ~[gson-2.10.jar%2372!/:?]
	at com.google.gson.internal.bind.TreeTypeAdapter$GsonContextImpl.deserialize(TreeTypeAdapter.java:179) ~[gson-2.10.jar%2372!/:?]
	at net.minecraft.util.GsonHelper.m_13808_(GsonHelper.java:463) ~[server-1.20.1-20230612.114412-srg.jar%23763!/:?]
	at net.minecraft.util.GsonHelper.m_13845_(GsonHelper.java:481) ~[server-1.20.1-20230612.114412-srg.jar%23763!/:?]
	at net.minecraft.world.level.storage.loot.functions.LootItemConditionalFunction$Serializer.m_7561_(LootItemConditionalFunction.java:98) ~[server-1.20.1-20230612.114412-srg.jar%23763!/:?]
	at net.minecraft.world.level.storage.loot.functions.LootItemConditionalFunction$Serializer.m_7561_(LootItemConditionalFunction.java:88) ~[server-1.20.1-20230612.114412-srg.jar%23763!/:?]
	at net.minecraft.world.level.storage.loot.GsonAdapterFactory$JsonAdapter.deserialize(GsonAdapterFactory.java:102) ~[server-1.20.1-20230612.114412-srg.jar%23763!/:?]
	at com.google.gson.internal.bind.TreeTypeAdapter.read(TreeTypeAdapter.java:76) ~[gson-2.10.jar%2372!/:?]
	at com.google.gson.internal.bind.TypeAdapterRuntimeTypeWrapper.read(TypeAdapterRuntimeTypeWrapper.java:40) ~[gson-2.10.jar%2372!/:?]
	at com.google.gson.internal.bind.ArrayTypeAdapter.read(ArrayTypeAdapter.java:72) ~[gson-2.10.jar%2372!/:?]
	at com.google.gson.Gson.fromJson(Gson.java:1214) ~[gson-2.10.jar%2372!/:?]
	at com.google.gson.Gson.fromJson(Gson.java:1319) ~[gson-2.10.jar%2372!/:?]
	at com.google.gson.Gson.fromJson(Gson.java:1290) ~[gson-2.10.jar%2372!/:?]
	at com.google.gson.internal.bind.TreeTypeAdapter$GsonContextImpl.deserialize(TreeTypeAdapter.java:179) ~[gson-2.10.jar%2372!/:?]
	at net.minecraft.util.GsonHelper.m_13808_(GsonHelper.java:463) ~[server-1.20.1-20230612.114412-srg.jar%23763!/:?]
	at net.minecraft.util.GsonHelper.m_13845_(GsonHelper.java:481) ~[server-1.20.1-20230612.114412-srg.jar%23763!/:?]
	at net.minecraft.world.level.storage.loot.entries.LootPoolSingletonContainer$Serializer.m_5921_(LootPoolSingletonContainer.java:149) ~[server-1.20.1-20230612.114412-srg.jar%23763!/:?]
	at net.minecraft.world.level.storage.loot.entries.LootPoolSingletonContainer$Serializer.m_5921_(LootPoolSingletonContainer.java:129) ~[server-1.20.1-20230612.114412-srg.jar%23763!/:?]
	at net.minecraft.world.level.storage.loot.entries.LootPoolEntryContainer$Serializer.m_7561_(LootPoolEntryContainer.java:86) ~[server-1.20.1-20230612.114412-srg.jar%23763!/:?]
	at net.minecraft.world.level.storage.loot.entries.LootPoolEntryContainer$Serializer.m_7561_(LootPoolEntryContainer.java:74) ~[server-1.20.1-20230612.114412-srg.jar%23763!/:?]
	at net.minecraft.world.level.storage.loot.GsonAdapterFactory$JsonAdapter.deserialize(GsonAdapterFactory.java:102) ~[server-1.20.1-20230612.114412-srg.jar%23763!/:?]
	at com.google.gson.internal.bind.TreeTypeAdapter.read(TreeTypeAdapter.java:76) ~[gson-2.10.jar%2372!/:?]
	at com.google.gson.internal.bind.TypeAdapterRuntimeTypeWrapper.read(TypeAdapterRuntimeTypeWrapper.java:40) ~[gson-2.10.jar%2372!/:?]
	at com.google.gson.internal.bind.ArrayTypeAdapter.read(ArrayTypeAdapter.java:72) ~[gson-2.10.jar%2372!/:?]
	at com.google.gson.Gson.fromJson(Gson.java:1214) ~[gson-2.10.jar%2372!/:?]
	at com.google.gson.Gson.fromJson(Gson.java:1319) ~[gson-2.10.jar%2372!/:?]
	at com.google.gson.Gson.fromJson(Gson.java:1290) ~[gson-2.10.jar%2372!/:?]
	at com.google.gson.internal.bind.TreeTypeAdapter$GsonContextImpl.deserialize(TreeTypeAdapter.java:179) ~[gson-2.10.jar%2372!/:?]
	at net.minecraft.util.GsonHelper.m_13808_(GsonHelper.java:463) ~[server-1.20.1-20230612.114412-srg.jar%23763!/:?]
	at net.minecraft.util.GsonHelper.m_13836_(GsonHelper.java:471) ~[server-1.20.1-20230612.114412-srg.jar%23763!/:?]
	at net.minecraft.world.level.storage.loot.LootPool$Serializer.deserialize(LootPool.java:192) ~[server-1.20.1-20230612.114412-srg.jar%23763!/:?]
	at net.minecraft.world.level.storage.loot.LootPool$Serializer.deserialize(LootPool.java:189) ~[server-1.20.1-20230612.114412-srg.jar%23763!/:?]
	at com.google.gson.internal.bind.TreeTypeAdapter.read(TreeTypeAdapter.java:76) ~[gson-2.10.jar%2372!/:?]
	at com.google.gson.internal.bind.TypeAdapterRuntimeTypeWrapper.read(TypeAdapterRuntimeTypeWrapper.java:40) ~[gson-2.10.jar%2372!/:?]
	at com.google.gson.internal.bind.ArrayTypeAdapter.read(ArrayTypeAdapter.java:72) ~[gson-2.10.jar%2372!/:?]
	at com.google.gson.Gson.fromJson(Gson.java:1214) ~[gson-2.10.jar%2372!/:?]
	at com.google.gson.Gson.fromJson(Gson.java:1319) ~[gson-2.10.jar%2372!/:?]
	at com.google.gson.Gson.fromJson(Gson.java:1290) ~[gson-2.10.jar%2372!/:?]
	at com.google.gson.internal.bind.TreeTypeAdapter$GsonContextImpl.deserialize(TreeTypeAdapter.java:179) ~[gson-2.10.jar%2372!/:?]
	at net.minecraft.util.GsonHelper.m_13808_(GsonHelper.java:463) ~[server-1.20.1-20230612.114412-srg.jar%23763!/:?]
	at net.minecraft.util.GsonHelper.m_13845_(GsonHelper.java:481) ~[server-1.20.1-20230612.114412-srg.jar%23763!/:?]
	at net.minecraft.world.level.storage.loot.LootTable$Serializer.deserialize(LootTable.java:294) ~[server-1.20.1-20230612.114412-srg.jar%23763!/:?]
	at net.minecraft.world.level.storage.loot.LootTable$Serializer.deserialize(LootTable.java:291) ~[server-1.20.1-20230612.114412-srg.jar%23763!/:?]
	at com.google.gson.internal.bind.TreeTypeAdapter.read(TreeTypeAdapter.java:76) ~[gson-2.10.jar%2372!/:?]
	at com.google.gson.Gson.fromJson(Gson.java:1214) ~[gson-2.10.jar%2372!/:?]
	at com.google.gson.Gson.fromJson(Gson.java:1319) ~[gson-2.10.jar%2372!/:?]
	at com.google.gson.Gson.fromJson(Gson.java:1261) ~[gson-2.10.jar%2372!/:?]
	at net.minecraftforge.common.ForgeHooks.loadLootTable(ForgeHooks.java:872) ~[forge-1.20.1-47.4.22-universal.jar%23768!/:?]
	at net.minecraftforge.common.ForgeHooks.lambda$getLootTableDeserializer$3(ForgeHooks.java:849) ~[forge-1.20.1-47.4.22-universal.jar%23768!/:?]
	at net.minecraft.world.level.storage.loot.LootDataType.deserialize(LootDataType.java:45) ~[server-1.20.1-20230612.114412-srg.jar%23763!/:?]
	at net.minecraft.world.level.storage.loot.LootDataManager.lambda$scheduleElementParse$4(LootDataManager.java:56) ~[server-1.20.1-20230612.114412-srg.jar%23763!/:?]
	at java.util.HashMap.forEach(HashMap.java:1421) ~[?:?]
	at net.minecraft.world.level.storage.loot.LootDataManager.m_278660_(LootDataManager.java:55) ~[server-1.20.1-20230612.114412-srg.jar%23763!/:?]
	at java.util.concurrent.CompletableFuture$AsyncRun.run(CompletableFuture.java:1804) ~[?:?]
	at java.util.concurrent.CompletableFuture$AsyncRun.exec(CompletableFuture.java:1796) ~[?:?]
	at java.util.concurrent.ForkJoinTask.doExec(ForkJoinTask.java:373) ~[?:?]
	at java.util.concurrent.ForkJoinPool$WorkQueue.topLevelExec(ForkJoinPool.java:1182) ~[?:?]
	at java.util.concurrent.ForkJoinPool.scan(ForkJoinPool.java:1655) ~[?:?]
	at java.util.concurrent.ForkJoinPool.runWorker(ForkJoinPool.java:1622) ~[?:?]
	at java.util.concurrent.ForkJoinWorkerThread.run(ForkJoinWorkerThread.java:165) ~[?:?]
[14Aug2026 19:53:19.964] [main/INFO] [com.teamabnormals.blueprint.core.Blueprint/]: Loot Modification Manager has loaded 0 modifier groups
[14Aug2026 19:53:20.164] [main/WARN] [net.minecraft.world.level.storage.loot.LootDataManager/]: Found loot table element validation problem in {loot_tables:mutantmonsters:entities/mutant_skeleton/rib}.pools[1].entries[0]->{botania:elementium_axe_beheading}.pools[3].condition[1].term[1]: Parameters [<parameter minecraft:origin>] are not provided in this context
[14Aug2026 19:53:20.165] [main/WARN] [net.minecraft.world.level.storage.loot.LootDataManager/]: Found loot table element validation problem in {loot_tables:mutantmonsters:entities/mutant_skeleton/skull}.pools[1].entries[0]->{botania:elementium_axe_beheading}.pools[4].condition[2]: Parameters [<parameter minecraft:killer_entity>] are not provided in this context
[14Aug2026 19:53:20.166] [main/WARN] [net.minecraft.world.level.storage.loot.LootDataManager/]: Found loot table element validation problem in {loot_tables:mutantmonsters:entities/mutant_skeleton/shoulder_pad}.pools[1].entries[0]->{botania:elementium_axe_beheading}.pools[2].condition[1].term[0]: Parameters [<parameter minecraft:origin>] are not provided in this context
[14Aug2026 19:53:20.167] [main/WARN] [net.minecraft.world.level.storage.loot.LootDataManager/]: Found loot table element validation problem in {loot_tables:mutantmonsters:entities/mutant_skeleton/limb}.pools[1].entries[0]->{botania:elementium_axe_beheading}.pools[2].condition[0]: Parameters [<parameter minecraft:origin>, <parameter minecraft:last_damage_player>] are not provided in this context
[14Aug2026 19:53:20.168] [main/WARN] [net.minecraft.world.level.storage.loot.LootDataManager/]: Found loot table element validation problem in {loot_tables:mutantmonsters:entities/mutant_skeleton/pelvis}.pools[1].entries[0]->{botania:elementium_axe_beheading}.pools[3].condition[1].term[0]: Parameters [<parameter minecraft:origin>] are not provided in this context
[14Aug2026 19:53:20.168] [main/WARN] [net.minecraft.world.level.storage.loot.LootDataManager/]: Found loot table element validation problem in {loot_tables:mutantmonsters:entities/mutant_skeleton/pelvis}.pools[1].entries[0]->{botania:elementium_axe_beheading}.pools[3].condition[2]: Parameters [<parameter minecraft:killer_entity>] are not provided in this context
[14Aug2026 19:53:20.168] [main/WARN] [net.minecraft.world.level.storage.loot.LootDataManager/]: Found loot table element validation problem in {loot_tables:mutantmonsters:entities/mutant_skeleton/skull}.pools[1].entries[0]->{botania:elementium_axe_beheading}.pools[2].condition[0]: Parameters [<parameter minecraft:origin>, <parameter minecraft:last_damage_player>] are not provided in this context
[14Aug2026 19:53:20.168] [main/WARN] [net.minecraft.world.level.storage.loot.LootDataManager/]: Found loot table element validation problem in {loot_tables:mutantmonsters:entities/mutant_skeleton/shoulder_pad}.pools[1].entries[0]->{botania:elementium_axe_beheading}.pools[5].condition[1]: Parameters [<parameter minecraft:origin>] are not provided in this context
[14Aug2026 19:53:20.168] [main/WARN] [net.minecraft.world.level.storage.loot.LootDataManager/]: Found loot table element validation problem in {loot_tables:mutantmonsters:entities/mutant_skeleton/rib}.pools[1].entries[0]->{botania:elementium_axe_beheading}.pools[1].condition[1]: Parameters [<parameter minecraft:origin>] are not provided in this context
[14Aug2026 19:53:20.168] [main/WARN] [net.minecraft.world.level.storage.loot.LootDataManager/]: Found loot table element validation problem in {loot_tables:mutantmonsters:entities/mutant_skeleton/pelvis}.pools[1].entries[0]->{botania:elementium_axe_beheading}.pools[6].condition[0]: Parameters [<parameter minecraft:origin>, <parameter minecraft:last_damage_player>] are not provided in this context
[14Aug2026 19:53:20.168] [main/WARN] [net.minecraft.world.level.storage.loot.LootDataManager/]: Found loot table element validation problem in {loot_tables:mutantmonsters:entities/mutant_skeleton/pelvis}.pools[1].entries[0]->{botania:elementium_axe_beheading}.pools[2].condition[1].term[1]: Parameters [<parameter minecraft:origin>] are not provided in this context
[14Aug2026 19:53:20.168] [main/WARN] [net.minecraft.world.level.storage.loot.LootDataManager/]: Found loot table element validation problem in {loot_tables:mutantmonsters:entities/mutant_skeleton/skull}.pools[1].entries[0]->{botania:elementium_axe_beheading}.pools[2].condition[1].term[3]: Parameters [<parameter minecraft:origin>] are not provided in this context
[14Aug2026 19:53:20.168] [main/WARN] [net.minecraft.world.level.storage.loot.LootDataManager/]: Found loot table element validation problem in {loot_tables:mutantmonsters:entities/mutant_skeleton/rib}.pools[1].entries[0]->{botania:elementium_axe_beheading}.pools[2].condition[1].term[2]: Parameters [<parameter minecraft:origin>] are not provided in this context
[14Aug2026 19:53:20.168] [main/WARN] [net.minecraft.world.level.storage.loot.LootDataManager/]: Found loot table element validation problem in {loot_tables:mutantmonsters:entities/mutant_skeleton/shoulder_pad}.pools[1].entries[0]->{botania:elementium_axe_beheading}.pools[0].condition[2]: Parameters [<parameter minecraft:killer_entity>] are not provided in this context
[14Aug2026 19:53:20.168] [main/WARN] [net.minecraft.world.level.storage.loot.LootDataManager/]: Found loot table element validation problem in {loot_tables:mutantmonsters:entities/mutant_skeleton/rib}.pools[1].entries[0]->{botania:elementium_axe_beheading}.pools[3].condition[2]: Parameters [<parameter minecraft:killer_entity>] are not provided in this context
[14Aug2026 19:53:20.168] [main/WARN] [net.minecraft.world.level.storage.loot.LootDataManager/]: Found loot table element validation problem in {loot_tables:mutantmonsters:entities/mutant_skeleton/limb}.pools[1].entries[0]->{botania:elementium_axe_beheading}.pools[4].condition[1]: Parameters [<parameter minecraft:origin>] are not provided in this context
[14Aug2026 19:53:20.168] [main/WARN] [net.minecraft.world.level.storage.loot.LootDataManager/]: Found loot table element validation problem in {loot_tables:mutantmonsters:entities/mutant_skeleton/rib}.pools[1].entries[0]->{botania:elementium_axe_beheading}.pools[6].condition[1]: Parameters [<parameter minecraft:origin>] are not provided in this context
[14Aug2026 19:53:20.168] [main/WARN] [net.minecraft.world.level.storage.loot.LootDataManager/]: Found loot table element validation problem in {loot_tables:minecraft:entities/guardian}.pools[2].entries[0]->{minecraft:gameplay/fishing/fish}.pools[0].entries[2].functions[0]: Parameters [<parameter minecraft:tool>] are not provided in this context
[14Aug2026 19:53:20.168] [main/WARN] [net.minecraft.world.level.storage.loot.LootDataManager/]: Found loot table element validation problem in {loot_tables:mutantmonsters:entities/mutant_skeleton/pelvis}.pools[1].entries[0]->{botania:elementium_axe_beheading}.pools[1].condition[0]: Parameters [<parameter minecraft:origin>, <parameter minecraft:last_damage_player>] are not provided in this context
[14Aug2026 19:53:20.168] [main/WARN] [net.minecraft.world.level.storage.loot.LootDataManager/]: Found loot table element validation problem in {loot_tables:mutantmonsters:entities/mutant_skeleton/shoulder_pad}.pools[1].entries[0]->{botania:elementium_axe_beheading}.pools[2].condition[1].term[1]: Parameters [<parameter minecraft:origin>] are not provided in this context
[14Aug2026 19:53:20.168] [main/WARN] [net.minecraft.world.level.storage.loot.LootDataManager/]: Found loot table element validation problem in {loot_tables:mutantmonsters:entities/mutant_skeleton/limb}.pools[1].entries[0]->{botania:elementium_axe_beheading}.pools[2].condition[1].term[3]: Parameters [<parameter minecraft:origin>] are not provided in this context
[14Aug2026 19:53:20.169] [main/WARN] [net.minecraft.world.level.storage.loot.LootDataManager/]: Found loot table element validation problem in {loot_tables:mutantmonsters:entities/mutant_skeleton/pelvis}.pools[1].entries[0]->{botania:elementium_axe_beheading}.pools[4].condition[0]: Parameters [<parameter minecraft:origin>, <parameter minecraft:last_damage_player>] are not provided in this context
[14Aug2026 19:53:20.169] [main/WARN] [net.minecraft.world.level.storage.loot.LootDataManager/]: Found loot table element validation problem in {loot_tables:mutantmonsters:entities/mutant_skeleton/shoulder_pad}.pools[1].entries[0]->{botania:elementium_axe_beheading}.pools[5].condition[0]: Parameters [<parameter minecraft:origin>, <parameter minecraft:last_damage_player>] are not provided in this context
[14Aug2026 19:53:20.169] [main/WARN] [net.minecraft.world.level.storage.loot.LootDataManager/]: Found loot table element validation problem in {loot_tables:minecraft:entities/elder_guardian}.pools[4].entries[0]->{minecraft:gameplay/fishing/fish}.pools[0].entries[1].functions[0]: Parameters [<parameter minecraft:tool>] are not provided in this context
[14Aug2026 19:53:20.169] [main/WARN] [net.minecraft.world.level.storage.loot.LootDataManager/]: Found loot table element validation problem in {loot_tables:mutantmonsters:entities/mutant_skeleton/rib}.pools[1].entries[0]->{botania:elementium_axe_beheading}.pools[1].condition[2]: Parameters [<parameter minecraft:origin>] are not provided in this context
[14Aug2026 19:53:20.169] [main/WARN] [net.minecraft.world.level.storage.loot.LootDataManager/]: Found loot table element validation problem in {loot_tables:mutantmonsters:entities/mutant_skeleton/rib}.pools[1].entries[0]->{botania:elementium_axe_beheading}.pools[4].condition[0]: Parameters [<parameter minecraft:origin>, <parameter minecraft:last_damage_player>] are not provided in this context
[14Aug2026 19:53:20.169] [main/WARN] [net.minecraft.world.level.storage.loot.LootDataManager/]: Found loot table element validation problem in {loot_tables:mutantmonsters:entities/mutant_skeleton/rib}.pools[1].entries[0]->{botania:elementium_axe_beheading}.pools[2].condition[1].term[1]: Parameters [<parameter minecraft:origin>] are not provided in this context
[14Aug2026 19:53:20.169] [main/WARN] [net.minecraft.world.level.storage.loot.LootDataManager/]: Found loot table element validation problem in {loot_tables:mutantmonsters:entities/mutant_skeleton/shoulder_pad}.pools[1].entries[0]->{botania:elementium_axe_beheading}.pools[0].condition[1]: Parameters [<parameter minecraft:origin>] are not provided in this context
[14Aug2026 19:53:20.169] [main/WARN] [net.minecraft.world.level.storage.loot.LootDataManager/]: Found loot table element validation problem in {loot_tables:mutantmonsters:entities/mutant_skeleton/rib}.pools[1].entries[0]->{botania:elementium_axe_beheading}.pools[6].condition[2]: Parameters [<parameter minecraft:killer_entity>] are not provided in this context
[14Aug2026 19:53:20.169] [main/WARN] [net.minecraft.world.level.storage.loot.LootDataManager/]: Found loot table element validation problem in {loot_tables:mutantmonsters:entities/mutant_skeleton/pelvis}.pools[1].entries[0]->{botania:elementium_axe_beheading}.pools[2].condition[1].term[2]: Parameters [<parameter minecraft:origin>] are not provided in this context
[14Aug2026 19:53:20.169] [main/WARN] [net.minecraft.world.level.storage.loot.LootDataManager/]: Found loot table element validation problem in {loot_tables:mutantmonsters:entities/mutant_skeleton/limb}.pools[1].entries[0]->{botania:elementium_axe_beheading}.pools[4].condition[2]: Parameters [<parameter minecraft:killer_entity>] are not provided in this context
[14Aug2026 19:53:20.169] [main/WARN] [net.minecraft.world.level.storage.loot.LootDataManager/]: Found loot table element validation problem in {loot_tables:mutantmonsters:entities/mutant_skeleton/shoulder_pad}.pools[1].entries[0]->{botania:elementium_axe_beheading}.pools[1].condition[0]: Parameters [<parameter minecraft:origin>, <parameter minecraft:last_damage_player>] are not provided in this context
[14Aug2026 19:53:20.169] [main/WARN] [net.minecraft.world.level.storage.loot.LootDataManager/]: Found loot table element validation problem in {loot_tables:mutantmonsters:entities/mutant_skeleton/shoulder_pad}.pools[1].entries[0]->{botania:elementium_axe_beheading}.pools[2].condition[1].term[2]: Parameters [<parameter minecraft:origin>] are not provided in this context
[14Aug2026 19:53:20.169] [main/WARN] [net.minecraft.world.level.storage.loot.LootDataManager/]: Found loot table element validation problem in {loot_tables:mutantmonsters:entities/mutant_skeleton/pelvis}.pools[1].entries[0]->{botania:elementium_axe_beheading}.pools[3].condition[0]: Parameters [<parameter minecraft:origin>, <parameter minecraft:last_damage_player>] are not provided in this context
[14Aug2026 19:53:20.169] [main/WARN] [net.minecraft.world.level.storage.loot.LootDataManager/]: Found loot table element validation problem in {loot_tables:mutantmonsters:entities/mutant_skeleton/limb}.pools[1].entries[0]->{botania:elementium_axe_beheading}.pools[2].condition[1].term[2]: Parameters [<parameter minecraft:origin>] are not provided in this context
[14Aug2026 19:53:20.169] [main/WARN] [net.minecraft.world.level.storage.loot.LootDataManager/]: Found loot table element validation problem in {loot_tables:mutantmonsters:entities/mutant_skeleton/rib}.pools[1].entries[0]->{botania:elementium_axe_beheading}.pools[1].condition[3]: Parameters [<parameter minecraft:killer_entity>] are not provided in this context
[14Aug2026 19:53:20.169] [main/WARN] [net.minecraft.world.level.storage.loot.LootDataManager/]: Found loot table element validation problem in {loot_tables:mutantmonsters:entities/mutant_skeleton/limb}.pools[1].entries[0]->{botania:elementium_axe_beheading}.pools[0].condition[0]: Parameters [<parameter minecraft:origin>, <parameter minecraft:last_damage_player>] are not provided in this context
[14Aug2026 19:53:20.169] [main/WARN] [net.minecraft.world.level.storage.loot.LootDataManager/]: Found loot table element validation problem in {loot_tables:mutantmonsters:entities/mutant_skeleton/rib}.pools[1].entries[0]->{botania:elementium_axe_beheading}.pools[2].condition[1].term[0]: Parameters [<parameter minecraft:origin>] are not provided in this context
[14Aug2026 19:53:20.169] [main/WARN] [net.minecraft.world.level.storage.loot.LootDataManager/]: Found loot table element validation problem in {loot_tables:mutantmonsters:entities/mutant_skeleton/shoulder_pad}.pools[1].entries[0]->{botania:elementium_axe_beheading}.pools[3].condition[1].term[1]: Parameters [<parameter minecraft:origin>] are not provided in this context
[14Aug2026 19:53:20.169] [main/WARN] [net.minecraft.world.level.storage.loot.LootDataManager/]: Found loot table element validation problem in {loot_tables:minecraft:entities/elder_guardian}.pools[4].entries[0]->{minecraft:gameplay/fishing/fish}.pools[0].entries[0].functions[0]: Parameters [<parameter minecraft:tool>] are not provided in this context
[14Aug2026 19:53:20.169] [main/WARN] [net.minecraft.world.level.storage.loot.LootDataManager/]: Found loot table element validation problem in {loot_tables:mutantmonsters:entities/mutant_skeleton/limb}.pools[1].entries[0]->{botania:elementium_axe_beheading}.pools[6].condition[1]: Parameters [<parameter minecraft:origin>] are not provided in this context
[14Aug2026 19:53:20.169] [main/WARN] [net.minecraft.world.level.storage.loot.LootDataManager/]: Found loot table element validation problem in {loot_tables:mutantmonsters:entities/mutant_skeleton/rib}.pools[1].entries[0]->{botania:elementium_axe_beheading}.pools[4].condition[1]: Parameters [<parameter minecraft:origin>] are not provided in this context
[14Aug2026 19:53:20.169] [main/WARN] [net.minecraft.world.level.storage.loot.LootDataManager/]: Found loot table element validation problem in {loot_tables:mutantmonsters:entities/mutant_skeleton/pelvis}.pools[1].entries[0]->{botania:elementium_axe_beheading}.pools[0].condition[1]: Parameters [<parameter minecraft:origin>] are not provided in this context
[14Aug2026 19:53:20.169] [main/WARN] [net.minecraft.world.level.storage.loot.LootDataManager/]: Found loot table element validation problem in {loot_tables:mutantmonsters:entities/mutant_skeleton/skull}.pools[1].entries[0]->{botania:elementium_axe_beheading}.pools[0].condition[1]: Parameters [<parameter minecraft:origin>] are not provided in this context
[14Aug2026 19:53:20.169] [main/WARN] [net.minecraft.world.level.storage.loot.LootDataManager/]: Found loot table element validation problem in {loot_tables:mutantmonsters:entities/mutant_skeleton/skull}.pools[1].entries[0]->{botania:elementium_axe_beheading}.pools[6].condition[2]: Parameters [<parameter minecraft:killer_entity>] are not provided in this context
[14Aug2026 19:53:20.169] [main/WARN] [net.minecraft.world.level.storage.loot.LootDataManager/]: Found loot table element validation problem in {loot_tables:mutantmonsters:entities/mutant_skeleton/skull}.pools[1].entries[0]->{botania:elementium_axe_beheading}.pools[2].condition[1].term[1]: Parameters [<parameter minecraft:origin>] are not provided in this context
[14Aug2026 19:53:20.169] [main/WARN] [net.minecraft.world.level.storage.loot.LootDataManager/]: Found loot table element validation problem in {loot_tables:mutantmonsters:entities/mutant_skeleton/shoulder_pad}.pools[1].entries[0]->{botania:elementium_axe_beheading}.pools[2].condition[0]: Parameters [<parameter minecraft:origin>, <parameter minecraft:last_damage_player>] are not provided in this context
[14Aug2026 19:53:20.173] [main/WARN] [net.minecraft.world.level.storage.loot.LootDataManager/]: Found loot table element validation problem in {loot_tables:mutantmonsters:entities/mutant_skeleton/rib}.pools[1].entries[0]->{botania:elementium_axe_beheading}.pools[5].condition[2]: Parameters [<parameter minecraft:killer_entity>] are not provided in this context
[14Aug2026 19:53:20.174] [main/WARN] [net.minecraft.world.level.storage.loot.LootDataManager/]: Found loot table element validation problem in {loot_tables:mutantmonsters:entities/mutant_skeleton/pelvis}.pools[1].entries[0]->{botania:elementium_axe_beheading}.pools[1].condition[2]: Parameters [<parameter minecraft:origin>] are not provided in this context
[14Aug2026 19:53:20.175] [main/WARN] [net.minecraft.world.level.storage.loot.LootDataManager/]: Found loot table element validation problem in {loot_tables:mutantmonsters:entities/mutant_skeleton/pelvis}.pools[1].entries[0]->{botania:elementium_axe_beheading}.pools[2].condition[1].term[3]: Parameters [<parameter minecraft:origin>] are not provided in this context
[14Aug2026 19:53:20.175] [main/WARN] [net.minecraft.world.level.storage.loot.LootDataManager/]: Found loot table element validation problem in {loot_tables:mutantmonsters:entities/mutant_skeleton/shoulder_pad}.pools[1].entries[0]->{botania:elementium_axe_beheading}.pools[1].condition[1]: Parameters [<parameter minecraft:origin>] are not provided in this context
[14Aug2026 19:53:20.175] [main/WARN] [net.minecraft.world.level.storage.loot.LootDataManager/]: Found loot table element validation problem in {loot_tables:netherdepthsupgrade:gameplay/nether_fishing}.pools[0].entries[0]: Unknown loot table called netherdepthsupgrade:gameplay/nether_fishing/junk
[14Aug2026 19:53:20.175] [main/WARN] [net.minecraft.world.level.storage.loot.LootDataManager/]: Found loot table element validation problem in {loot_tables:mutantmonsters:entities/mutant_skeleton/shoulder_pad}.pools[1].entries[0]->{botania:elementium_axe_beheading}.pools[2].condition[2]: Parameters [<parameter minecraft:killer_entity>] are not provided in this context
[14Aug2026 19:53:20.175] [main/WARN] [net.minecraft.world.level.storage.loot.LootDataManager/]: Found loot table element validation problem in {loot_tables:mutantmonsters:entities/mutant_skeleton/pelvis}.pools[1].entries[0]->{botania:elementium_axe_beheading}.pools[3].condition[1].term[1]: Parameters [<parameter minecraft:origin>] are not provided in this context
[14Aug2026 19:53:20.175] [main/WARN] [net.minecraft.world.level.storage.loot.LootDataManager/]: Found loot table element validation problem in {loot_tables:mutantmonsters:entities/mutant_skeleton/limb}.pools[1].entries[0]->{botania:elementium_axe_beheading}.pools[2].condition[1].term[1]: Parameters [<parameter minecraft:origin>] are not provided in this context
[14Aug2026 19:53:20.175] [main/WARN] [net.minecraft.world.level.storage.loot.LootDataManager/]: Found loot table element validation problem in {loot_tables:mutantmonsters:entities/mutant_skeleton/shoulder_pad}.pools[1].entries[0]->{botania:elementium_axe_beheading}.pools[2].condition[1].term[3]: Parameters [<parameter minecraft:origin>] are not provided in this context
[14Aug2026 19:53:20.175] [main/WARN] [net.minecraft.world.level.storage.loot.LootDataManager/]: Found loot table element validation problem in {loot_tables:mutantmonsters:entities/mutant_skeleton/limb}.pools[1].entries[0]->{botania:elementium_axe_beheading}.pools[6].condition[2]: Parameters [<parameter minecraft:killer_entity>] are not provided in this context
[14Aug2026 19:53:20.175] [main/WARN] [net.minecraft.world.level.storage.loot.LootDataManager/]: Found loot table element validation problem in {loot_tables:mutantmonsters:entities/mutant_skeleton/shoulder_pad}.pools[1].entries[0]->{botania:elementium_axe_beheading}.pools[3].condition[1].term[0]: Parameters [<parameter minecraft:origin>] are not provided in this context
[14Aug2026 19:53:20.175] [main/WARN] [net.minecraft.world.level.storage.loot.LootDataManager/]: Found loot table element validation problem in {loot_tables:mutantmonsters:entities/mutant_skeleton/rib}.pools[1].entries[0]->{botania:elementium_axe_beheading}.pools[4].condition[2]: Parameters [<parameter minecraft:killer_entity>] are not provided in this context
[14Aug2026 19:53:20.175] [main/WARN] [net.minecraft.world.level.storage.loot.LootDataManager/]: Found loot table element validation problem in {loot_tables:mutantmonsters:entities/mutant_skeleton/pelvis}.pools[1].entries[0]->{botania:elementium_axe_beheading}.pools[0].condition[2]: Parameters [<parameter minecraft:killer_entity>] are not provided in this context
[14Aug2026 19:53:20.175] [main/WARN] [net.minecraft.world.level.storage.loot.LootDataManager/]: Found loot table element validation problem in {loot_tables:mutantmonsters:entities/mutant_skeleton/skull}.pools[1].entries[0]->{botania:elementium_axe_beheading}.pools[0].condition[0]: Parameters [<parameter minecraft:origin>, <parameter minecraft:last_damage_player>] are not provided in this context
[14Aug2026 19:53:20.175] [main/WARN] [net.minecraft.world.level.storage.loot.LootDataManager/]: Found loot table element validation problem in {loot_tables:mutantmonsters:entities/mutant_skeleton/skull}.pools[1].entries[0]->{botania:elementium_axe_beheading}.pools[2].condition[1].term[2]: Parameters [<parameter minecraft:origin>] are not provided in this context
[14Aug2026 19:53:20.175] [main/WARN] [net.minecraft.world.level.storage.loot.LootDataManager/]: Found loot table element validation problem in {loot_tables:mutantmonsters:entities/mutant_skeleton/shoulder_pad}.pools[1].entries[0]->{botania:elementium_axe_beheading}.pools[3].condition[0]: Parameters [<parameter minecraft:origin>, <parameter minecraft:last_damage_player>] are not provided in this context
[14Aug2026 19:53:20.176] [main/WARN] [net.minecraft.world.level.storage.loot.LootDataManager/]: Found loot table element validation problem in {loot_tables:mutantmonsters:entities/mutant_skeleton/pelvis}.pools[1].entries[0]->{botania:elementium_axe_beheading}.pools[2].condition[0]: Parameters [<parameter minecraft:origin>, <parameter minecraft:last_damage_player>] are not provided in this context
[14Aug2026 19:53:20.176] [main/WARN] [net.minecraft.world.level.storage.loot.LootDataManager/]: Found loot table element validation problem in {loot_tables:mutantmonsters:entities/mutant_skeleton/rib}.pools[1].entries[0]->{botania:elementium_axe_beheading}.pools[6].condition[0]: Parameters [<parameter minecraft:origin>, <parameter minecraft:last_damage_player>] are not provided in this context
[14Aug2026 19:53:20.176] [main/WARN] [net.minecraft.world.level.storage.loot.LootDataManager/]: Found loot table element validation problem in {loot_tables:mutantmonsters:entities/mutant_skeleton/shoulder_pad}.pools[1].entries[0]->{botania:elementium_axe_beheading}.pools[1].condition[2]: Parameters [<parameter minecraft:origin>] are not provided in this context
[14Aug2026 19:53:20.176] [main/WARN] [net.minecraft.world.level.storage.loot.LootDataManager/]: Found loot table element validation problem in {loot_tables:mutantmonsters:entities/mutant_skeleton/rib}.pools[1].entries[0]->{botania:elementium_axe_beheading}.pools[5].condition[1]: Parameters [<parameter minecraft:origin>] are not provided in this context
[14Aug2026 19:53:20.176] [main/WARN] [net.minecraft.world.level.storage.loot.LootDataManager/]: Found loot table element validation problem in {loot_tables:mutantmonsters:entities/mutant_skeleton/pelvis}.pools[1].entries[0]->{botania:elementium_axe_beheading}.pools[1].condition[1]: Parameters [<parameter minecraft:origin>] are not provided in this context
[14Aug2026 19:53:20.176] [main/WARN] [net.minecraft.world.level.storage.loot.LootDataManager/]: Found loot table element validation problem in {loot_tables:netherdepthsupgrade:gameplay/nether_fishing}.pools[0].entries[1]: Unknown loot table called netherdepthsupgrade:gameplay/nether_fishing/fish
[14Aug2026 19:53:20.176] [main/WARN] [net.minecraft.world.level.storage.loot.LootDataManager/]: Found loot table element validation problem in {loot_tables:mutantmonsters:entities/mutant_skeleton/rib}.pools[1].entries[0]->{botania:elementium_axe_beheading}.pools[2].condition[2]: Parameters [<parameter minecraft:killer_entity>] are not provided in this context
[14Aug2026 19:53:20.176] [main/WARN] [net.minecraft.world.level.storage.loot.LootDataManager/]: Found loot table element validation problem in {loot_tables:mutantmonsters:entities/mutant_skeleton/shoulder_pad}.pools[1].entries[0]->{botania:elementium_axe_beheading}.pools[6].condition[2]: Parameters [<parameter minecraft:killer_entity>] are not provided in this context
[14Aug2026 19:53:20.176] [main/WARN] [net.minecraft.world.level.storage.loot.LootDataManager/]: Found loot table element validation problem in {loot_tables:mutantmonsters:entities/mutant_skeleton/rib}.pools[1].entries[0]->{botania:elementium_axe_beheading}.pools[0].condition[0]: Parameters [<parameter minecraft:origin>, <parameter minecraft:last_damage_player>] are not provided in this context
[14Aug2026 19:53:20.176] [main/WARN] [net.minecraft.world.level.storage.loot.LootDataManager/]: Found loot table element validation problem in {loot_tables:minecraft:entities/elder_guardian}.pools[4].entries[0]->{minecraft:gameplay/fishing/fish}.pools[0].entries[2].functions[0]: Parameters [<parameter minecraft:tool>] are not provided in this context
[14Aug2026 19:53:20.176] [main/WARN] [net.minecraft.world.level.storage.loot.LootDataManager/]: Found loot table element validation problem in {loot_tables:mutantmonsters:entities/mutant_skeleton/pelvis}.pools[1].entries[0]->{botania:elementium_axe_beheading}.pools[5].condition[0]: Parameters [<parameter minecraft:origin>, <parameter minecraft:last_damage_player>] are not provided in this context
[14Aug2026 19:53:20.176] [main/WARN] [net.minecraft.world.level.storage.loot.LootDataManager/]: Found loot table element validation problem in {loot_tables:mutantmonsters:entities/mutant_skeleton/shoulder_pad}.pools[1].entries[0]->{botania:elementium_axe_beheading}.pools[4].condition[0]: Parameters [<parameter minecraft:origin>, <parameter minecraft:last_damage_player>] are not provided in this context
[14Aug2026 19:53:20.176] [main/WARN] [net.minecraft.world.level.storage.loot.LootDataManager/]: Found loot table element validation problem in {loot_tables:mutantmonsters:entities/mutant_skeleton/skull}.pools[1].entries[0]->{botania:elementium_axe_beheading}.pools[1].condition[0]: Parameters [<parameter minecraft:origin>, <parameter minecraft:last_damage_player>] are not provided in this context
[14Aug2026 19:53:20.176] [main/WARN] [net.minecraft.world.level.storage.loot.LootDataManager/]: Found loot table element validation problem in {loot_tables:mutantmonsters:entities/mutant_skeleton/skull}.pools[1].entries[0]->{botania:elementium_axe_beheading}.pools[6].condition[0]: Parameters [<parameter minecraft:origin>, <parameter minecraft:last_damage_player>] are not provided in this context
[14Aug2026 19:53:20.176] [main/WARN] [net.minecraft.world.level.storage.loot.LootDataManager/]: Found loot table element validation problem in {loot_tables:mutantmonsters:entities/mutant_skeleton/limb}.pools[1].entries[0]->{botania:elementium_axe_beheading}.pools[2].condition[1].term[0]: Parameters [<parameter minecraft:origin>] are not provided in this context
[14Aug2026 19:53:20.176] [main/WARN] [net.minecraft.world.level.storage.loot.LootDataManager/]: Found loot table element validation problem in {loot_tables:mutantmonsters:entities/mutant_skeleton/shoulder_pad}.pools[1].entries[0]->{botania:elementium_axe_beheading}.pools[1].condition[3]: Parameters [<parameter minecraft:killer_entity>] are not provided in this context
[14Aug2026 19:53:20.176] [main/WARN] [net.minecraft.world.level.storage.loot.LootDataManager/]: Found loot table element validation problem in {loot_tables:mutantmonsters:entities/mutant_skeleton/limb}.pools[1].entries[0]->{botania:elementium_axe_beheading}.pools[5].condition[2]: Parameters [<parameter minecraft:killer_entity>] are not provided in this context
[14Aug2026 19:53:20.176] [main/WARN] [net.minecraft.world.level.storage.loot.LootDataManager/]: Found loot table element validation problem in {loot_tables:mutantmonsters:entities/mutant_skeleton/rib}.pools[1].entries[0]->{botania:elementium_axe_beheading}.pools[5].condition[0]: Parameters [<parameter minecraft:origin>, <parameter minecraft:last_damage_player>] are not provided in this context
[14Aug2026 19:53:20.176] [main/WARN] [net.minecraft.world.level.storage.loot.LootDataManager/]: Found loot table element validation problem in {loot_tables:mutantmonsters:entities/mutant_skeleton/limb}.pools[1].entries[0]->{botania:elementium_axe_beheading}.pools[3].condition[2]: Parameters [<parameter minecraft:killer_entity>] are not provided in this context
[14Aug2026 19:53:20.177] [main/WARN] [net.minecraft.world.level.storage.loot.LootDataManager/]: Found loot table element validation problem in {loot_tables:mutantmonsters:entities/mutant_skeleton/skull}.pools[1].entries[0]->{botania:elementium_axe_beheading}.pools[3].condition[1].term[0]: Parameters [<parameter minecraft:origin>] are not provided in this context
[14Aug2026 19:53:20.177] [main/WARN] [net.minecraft.world.level.storage.loot.LootDataManager/]: Found loot table element validation problem in {loot_tables:mutantmonsters:entities/mutant_skeleton/skull}.pools[1].entries[0]->{botania:elementium_axe_beheading}.pools[5].condition[2]: Parameters [<parameter minecraft:killer_entity>] are not provided in this context
[14Aug2026 19:53:20.177] [main/WARN] [net.minecraft.world.level.storage.loot.LootDataManager/]: Found loot table element validation problem in {loot_tables:mutantmonsters:entities/mutant_skeleton/limb}.pools[1].entries[0]->{botania:elementium_axe_beheading}.pools[3].condition[1].term[0]: Parameters [<parameter minecraft:origin>] are not provided in this context
[14Aug2026 19:53:20.177] [main/WARN] [net.minecraft.world.level.storage.loot.LootDataManager/]: Found loot table element validation problem in {loot_tables:mutantmonsters:entities/mutant_skeleton/skull}.pools[1].entries[0]->{botania:elementium_axe_beheading}.pools[3].condition[0]: Parameters [<parameter minecraft:origin>, <parameter minecraft:last_damage_player>] are not provided in this context
[14Aug2026 19:53:20.177] [main/WARN] [net.minecraft.world.level.storage.loot.LootDataManager/]: Found loot table element validation problem in {loot_tables:mutantmonsters:entities/mutant_skeleton/limb}.pools[1].entries[0]->{botania:elementium_axe_beheading}.pools[0].condition[2]: Parameters [<parameter minecraft:killer_entity>] are not provided in this context
[14Aug2026 19:53:20.177] [main/WARN] [net.minecraft.world.level.storage.loot.LootDataManager/]: Found loot table element validation problem in {loot_tables:mutantmonsters:entities/mutant_skeleton/limb}.pools[1].entries[0]->{botania:elementium_axe_beheading}.pools[1].condition[0]: Parameters [<parameter minecraft:origin>, <parameter minecraft:last_damage_player>] are not provided in this context
[14Aug2026 19:53:20.177] [main/WARN] [net.minecraft.world.level.storage.loot.LootDataManager/]: Found loot table element validation problem in {loot_tables:mutantmonsters:entities/mutant_skeleton/shoulder_pad}.pools[1].entries[0]->{botania:elementium_axe_beheading}.pools[4].condition[1]: Parameters [<parameter minecraft:origin>] are not provided in this context
[14Aug2026 19:53:20.177] [main/WARN] [net.minecraft.world.level.storage.loot.LootDataManager/]: Found loot table element validation problem in {loot_tables:mutantmonsters:entities/mutant_skeleton/pelvis}.pools[1].entries[0]->{botania:elementium_axe_beheading}.pools[0].condition[0]: Parameters [<parameter minecraft:origin>, <parameter minecraft:last_damage_player>] are not provided in this context
[14Aug2026 19:53:20.177] [main/WARN] [net.minecraft.world.level.storage.loot.LootDataManager/]: Found loot table element validation problem in {loot_tables:mutantmonsters:entities/mutant_skeleton/limb}.pools[1].entries[0]->{botania:elementium_axe_beheading}.pools[0].condition[1]: Parameters [<parameter minecraft:origin>] are not provided in this context
[14Aug2026 19:53:20.177] [main/WARN] [net.minecraft.world.level.storage.loot.LootDataManager/]: Found loot table element validation problem in {loot_tables:mutantmonsters:entities/mutant_skeleton/limb}.pools[1].entries[0]->{botania:elementium_axe_beheading}.pools[6].condition[0]: Parameters [<parameter minecraft:origin>, <parameter minecraft:last_damage_player>] are not provided in this context
[14Aug2026 19:53:20.177] [main/WARN] [net.minecraft.world.level.storage.loot.LootDataManager/]: Found loot table element validation problem in {loot_tables:mutantmonsters:entities/mutant_skeleton/skull}.pools[1].entries[0]->{botania:elementium_axe_beheading}.pools[0].condition[2]: Parameters [<parameter minecraft:killer_entity>] are not provided in this context
[14Aug2026 19:53:20.177] [main/WARN] [net.minecraft.world.level.storage.loot.LootDataManager/]: Found loot table element validation problem in {loot_tables:mutantmonsters:entities/mutant_skeleton/skull}.pools[1].entries[0]->{botania:elementium_axe_beheading}.pools[6].condition[1]: Parameters [<parameter minecraft:origin>] are not provided in this context
[14Aug2026 19:53:20.177] [main/WARN] [net.minecraft.world.level.storage.loot.LootDataManager/]: Found loot table element validation problem in {loot_tables:mutantmonsters:entities/mutant_skeleton/skull}.pools[1].entries[0]->{botania:elementium_axe_beheading}.pools[2].condition[1].term[0]: Parameters [<parameter minecraft:origin>] are not provided in this context
[14Aug2026 19:53:20.177] [main/WARN] [net.minecraft.world.level.storage.loot.LootDataManager/]: Found loot table element validation problem in {loot_tables:mutantmonsters:entities/mutant_skeleton/skull}.pools[1].entries[0]->{botania:elementium_axe_beheading}.pools[1].condition[1]: Parameters [<parameter minecraft:origin>] are not provided in this context
[14Aug2026 19:53:20.179] [main/WARN] [net.minecraft.world.level.storage.loot.LootDataManager/]: Found loot table element validation problem in {loot_tables:mutantmonsters:entities/mutant_skeleton/shoulder_pad}.pools[1].entries[0]->{botania:elementium_axe_beheading}.pools[3].condition[2]: Parameters [<parameter minecraft:killer_entity>] are not provided in this context
[14Aug2026 19:53:20.179] [main/WARN] [net.minecraft.world.level.storage.loot.LootDataManager/]: Found loot table element validation problem in {loot_tables:mutantmonsters:entities/mutant_skeleton/pelvis}.pools[1].entries[0]->{botania:elementium_axe_beheading}.pools[2].condition[2]: Parameters [<parameter minecraft:killer_entity>] are not provided in this context
[14Aug2026 19:53:20.180] [main/WARN] [net.minecraft.world.level.storage.loot.LootDataManager/]: Found loot table element validation problem in {loot_tables:mutantmonsters:entities/mutant_skeleton/pelvis}.pools[1].entries[0]->{botania:elementium_axe_beheading}.pools[1].condition[3]: Parameters [<parameter minecraft:killer_entity>] are not provided in this context
[14Aug2026 19:53:20.181] [main/WARN] [net.minecraft.world.level.storage.loot.LootDataManager/]: Found loot table element validation problem in {loot_tables:mutantmonsters:entities/mutant_skeleton/limb}.pools[1].entries[0]->{botania:elementium_axe_beheading}.pools[5].condition[1]: Parameters [<parameter minecraft:origin>] are not provided in this context
[14Aug2026 19:53:20.181] [main/WARN] [net.minecraft.world.level.storage.loot.LootDataManager/]: Found loot table element validation problem in {loot_tables:minecraft:entities/guardian}.pools[2].entries[0]->{minecraft:gameplay/fishing/fish}.pools[0].entries[3].functions[0]: Parameters [<parameter minecraft:tool>] are not provided in this context
[14Aug2026 19:53:20.181] [main/WARN] [net.minecraft.world.level.storage.loot.LootDataManager/]: Found loot table element validation problem in {loot_tables:lightmanscurrency:archaeology/village/idas_taiga_large_bank}.pools[0].entries[7]: Unknown loot table called lightmanscurrency:chest/village/idas_taiga_large_bank
[14Aug2026 19:53:20.182] [main/WARN] [net.minecraft.world.level.storage.loot.LootDataManager/]: Found loot table element validation problem in {loot_tables:minecraft:entities/guardian}.pools[2].entries[0]->{minecraft:gameplay/fishing/fish}.pools[0].entries[0].functions[0]: Parameters [<parameter minecraft:tool>] are not provided in this context
[14Aug2026 19:53:20.183] [main/WARN] [net.minecraft.world.level.storage.loot.LootDataManager/]: Found loot table element validation problem in {loot_tables:mutantmonsters:entities/mutant_skeleton/skull}.pools[1].entries[0]->{botania:elementium_axe_beheading}.pools[3].condition[1].term[1]: Parameters [<parameter minecraft:origin>] are not provided in this context
[14Aug2026 19:53:20.183] [main/WARN] [net.minecraft.world.level.storage.loot.LootDataManager/]: Found loot table element validation problem in {loot_tables:mutantmonsters:entities/mutant_skeleton/limb}.pools[1].entries[0]->{botania:elementium_axe_beheading}.pools[2].condition[2]: Parameters [<parameter minecraft:killer_entity>] are not provided in this context
[14Aug2026 19:53:20.183] [main/WARN] [net.minecraft.world.level.storage.loot.LootDataManager/]: Found loot table element validation problem in {loot_tables:mutantmonsters:entities/mutant_skeleton/skull}.pools[1].entries[0]->{botania:elementium_axe_beheading}.pools[5].condition[1]: Parameters [<parameter minecraft:origin>] are not provided in this context
[14Aug2026 19:53:20.183] [main/WARN] [net.minecraft.world.level.storage.loot.LootDataManager/]: Found loot table element validation problem in {loot_tables:mutantmonsters:entities/mutant_skeleton/rib}.pools[1].entries[0]->{botania:elementium_axe_beheading}.pools[0].condition[2]: Parameters [<parameter minecraft:killer_entity>] are not provided in this context
[14Aug2026 19:53:20.184] [main/WARN] [net.minecraft.world.level.storage.loot.LootDataManager/]: Found loot table element validation problem in {loot_tables:mutantmonsters:entities/mutant_skeleton/skull}.pools[1].entries[0]->{botania:elementium_axe_beheading}.pools[2].condition[2]: Parameters [<parameter minecraft:killer_entity>] are not provided in this context
[14Aug2026 19:53:20.184] [main/WARN] [net.minecraft.world.level.storage.loot.LootDataManager/]: Found loot table element validation problem in {loot_tables:mutantmonsters:entities/mutant_skeleton/pelvis}.pools[1].entries[0]->{botania:elementium_axe_beheading}.pools[4].condition[1]: Parameters [<parameter minecraft:origin>] are not provided in this context
[14Aug2026 19:53:20.184] [main/WARN] [net.minecraft.world.level.storage.loot.LootDataManager/]: Found loot table element validation problem in {loot_tables:mutantmonsters:entities/mutant_skeleton/limb}.pools[1].entries[0]->{botania:elementium_axe_beheading}.pools[3].condition[1].term[1]: Parameters [<parameter minecraft:origin>] are not provided in this context
[14Aug2026 19:53:20.184] [main/WARN] [net.minecraft.world.level.storage.loot.LootDataManager/]: Found loot table element validation problem in {loot_tables:mutantmonsters:entities/mutant_skeleton/rib}.pools[1].entries[0]->{botania:elementium_axe_beheading}.pools[2].condition[0]: Parameters [<parameter minecraft:origin>, <parameter minecraft:last_damage_player>] are not provided in this context
[14Aug2026 19:53:20.184] [main/WARN] [net.minecraft.world.level.storage.loot.LootDataManager/]: Found loot table element validation problem in {loot_tables:mutantmonsters:entities/mutant_skeleton/shoulder_pad}.pools[1].entries[0]->{botania:elementium_axe_beheading}.pools[6].condition[0]: Parameters [<parameter minecraft:origin>, <parameter minecraft:last_damage_player>] are not provided in this context
[14Aug2026 19:53:20.184] [main/WARN] [net.minecraft.world.level.storage.loot.LootDataManager/]: Found loot table element validation problem in {loot_tables:mutantmonsters:entities/mutant_skeleton/skull}.pools[1].entries[0]->{botania:elementium_axe_beheading}.pools[4].condition[0]: Parameters [<parameter minecraft:origin>, <parameter minecraft:last_damage_player>] are not provided in this context
[14Aug2026 19:53:20.184] [main/WARN] [net.minecraft.world.level.storage.loot.LootDataManager/]: Found loot table element validation problem in {loot_tables:mutantmonsters:entities/mutant_skeleton/limb}.pools[1].entries[0]->{botania:elementium_axe_beheading}.pools[1].condition[1]: Parameters [<parameter minecraft:origin>] are not provided in this context
[14Aug2026 19:53:20.184] [main/WARN] [net.minecraft.world.level.storage.loot.LootDataManager/]: Found loot table element validation problem in {loot_tables:mutantmonsters:entities/mutant_skeleton/pelvis}.pools[1].entries[0]->{botania:elementium_axe_beheading}.pools[5].condition[2]: Parameters [<parameter minecraft:killer_entity>] are not provided in this context
[14Aug2026 19:53:20.184] [main/WARN] [net.minecraft.world.level.storage.loot.LootDataManager/]: Found loot table element validation problem in {loot_tables:mutantmonsters:entities/mutant_skeleton/skull}.pools[1].entries[0]->{botania:elementium_axe_beheading}.pools[1].condition[2]: Parameters [<parameter minecraft:origin>] are not provided in this context
[14Aug2026 19:53:20.184] [main/WARN] [net.minecraft.world.level.storage.loot.LootDataManager/]: Found loot table element validation problem in {loot_tables:mutantmonsters:entities/mutant_skeleton/pelvis}.pools[1].entries[0]->{botania:elementium_axe_beheading}.pools[6].condition[2]: Parameters [<parameter minecraft:killer_entity>] are not provided in this context
[14Aug2026 19:53:20.184] [main/WARN] [net.minecraft.world.level.storage.loot.LootDataManager/]: Found loot table element validation problem in {loot_tables:mutantmonsters:entities/mutant_skeleton/shoulder_pad}.pools[1].entries[0]->{botania:elementium_axe_beheading}.pools[4].condition[2]: Parameters [<parameter minecraft:killer_entity>] are not provided in this context
[14Aug2026 19:53:20.184] [main/WARN] [net.minecraft.world.level.storage.loot.LootDataManager/]: Found loot table element validation problem in {loot_tables:mutantmonsters:entities/mutant_skeleton/rib}.pools[1].entries[0]->{botania:elementium_axe_beheading}.pools[3].condition[0]: Parameters [<parameter minecraft:origin>, <parameter minecraft:last_damage_player>] are not provided in this context
[14Aug2026 19:53:20.184] [main/WARN] [net.minecraft.world.level.storage.loot.LootDataManager/]: Found loot table element validation problem in {loot_tables:mutantmonsters:entities/mutant_skeleton/shoulder_pad}.pools[1].entries[0]->{botania:elementium_axe_beheading}.pools[0].condition[0]: Parameters [<parameter minecraft:origin>, <parameter minecraft:last_damage_player>] are not provided in this context
[14Aug2026 19:53:20.184] [main/WARN] [net.minecraft.world.level.storage.loot.LootDataManager/]: Found loot table element validation problem in {loot_tables:mutantmonsters:entities/mutant_skeleton/limb}.pools[1].entries[0]->{botania:elementium_axe_beheading}.pools[5].condition[0]: Parameters [<parameter minecraft:origin>, <parameter minecraft:last_damage_player>] are not provided in this context
[14Aug2026 19:53:20.184] [main/WARN] [net.minecraft.world.level.storage.loot.LootDataManager/]: Found loot table element validation problem in {loot_tables:mutantmonsters:entities/mutant_skeleton/rib}.pools[1].entries[0]->{botania:elementium_axe_beheading}.pools[3].condition[1].term[0]: Parameters [<parameter minecraft:origin>] are not provided in this context
[14Aug2026 19:53:20.184] [main/WARN] [net.minecraft.world.level.storage.loot.LootDataManager/]: Found loot table element validation problem in {loot_tables:mutantmonsters:entities/mutant_skeleton/skull}.pools[1].entries[0]->{botania:elementium_axe_beheading}.pools[4].condition[1]: Parameters [<parameter minecraft:origin>] are not provided in this context
[14Aug2026 19:53:20.184] [main/WARN] [net.minecraft.world.level.storage.loot.LootDataManager/]: Found loot table element validation problem in {loot_tables:mutantmonsters:entities/mutant_skeleton/limb}.pools[1].entries[0]->{botania:elementium_axe_beheading}.pools[3].condition[0]: Parameters [<parameter minecraft:origin>, <parameter minecraft:last_damage_player>] are not provided in this context
[14Aug2026 19:53:20.184] [main/WARN] [net.minecraft.world.level.storage.loot.LootDataManager/]: Found loot table element validation problem in {loot_tables:minecraft:entities/guardian}.pools[2].entries[0]->{minecraft:gameplay/fishing/fish}.pools[0].entries[1].functions[0]: Parameters [<parameter minecraft:tool>] are not provided in this context
[14Aug2026 19:53:20.185] [main/WARN] [net.minecraft.world.level.storage.loot.LootDataManager/]: Found loot table element validation problem in {loot_tables:minecraft:entities/elder_guardian}.pools[4].entries[0]->{minecraft:gameplay/fishing/fish}.pools[0].entries[3].functions[0]: Parameters [<parameter minecraft:tool>] are not provided in this context
[14Aug2026 19:53:20.185] [main/WARN] [net.minecraft.world.level.storage.loot.LootDataManager/]: Found loot table element validation problem in {loot_tables:mutantmonsters:entities/mutant_skeleton/skull}.pools[1].entries[0]->{botania:elementium_axe_beheading}.pools[5].condition[0]: Parameters [<parameter minecraft:origin>, <parameter minecraft:last_damage_player>] are not provided in this context
[14Aug2026 19:53:20.185] [main/WARN] [net.minecraft.world.level.storage.loot.LootDataManager/]: Found loot table element validation problem in {loot_tables:mutantmonsters:entities/mutant_skeleton/rib}.pools[1].entries[0]->{botania:elementium_axe_beheading}.pools[0].condition[1]: Parameters [<parameter minecraft:origin>] are not provided in this context
[14Aug2026 19:53:20.185] [main/WARN] [net.minecraft.world.level.storage.loot.LootDataManager/]: Found loot table element validation problem in {loot_tables:mutantmonsters:entities/mutant_skeleton/pelvis}.pools[1].entries[0]->{botania:elementium_axe_beheading}.pools[4].condition[2]: Parameters [<parameter minecraft:killer_entity>] are not provided in this context
[14Aug2026 19:53:20.185] [main/WARN] [net.minecraft.world.level.storage.loot.LootDataManager/]: Found loot table element validation problem in {loot_tables:mutantmonsters:entities/mutant_skeleton/limb}.pools[1].entries[0]->{botania:elementium_axe_beheading}.pools[1].condition[2]: Parameters [<parameter minecraft:origin>] are not provided in this context
[14Aug2026 19:53:20.185] [main/WARN] [net.minecraft.world.level.storage.loot.LootDataManager/]: Found loot table element validation problem in {loot_tables:mutantmonsters:entities/mutant_skeleton/shoulder_pad}.pools[1].entries[0]->{botania:elementium_axe_beheading}.pools[5].condition[2]: Parameters [<parameter minecraft:killer_entity>] are not provided in this context
[14Aug2026 19:53:20.185] [main/WARN] [net.minecraft.world.level.storage.loot.LootDataManager/]: Found loot table element validation problem in {loot_tables:mutantmonsters:entities/mutant_skeleton/shoulder_pad}.pools[1].entries[0]->{botania:elementium_axe_beheading}.pools[6].condition[1]: Parameters [<parameter minecraft:origin>] are not provided in this context
[14Aug2026 19:53:20.185] [main/WARN] [net.minecraft.world.level.storage.loot.LootDataManager/]: Found loot table element validation problem in {loot_tables:mutantmonsters:entities/mutant_skeleton/pelvis}.pools[1].entries[0]->{botania:elementium_axe_beheading}.pools[5].condition[1]: Parameters [<parameter minecraft:origin>] are not provided in this context
[14Aug2026 19:53:20.185] [main/WARN] [net.minecraft.world.level.storage.loot.LootDataManager/]: Found loot table element validation problem in {loot_tables:mutantmonsters:entities/mutant_skeleton/skull}.pools[1].entries[0]->{botania:elementium_axe_beheading}.pools[3].condition[2]: Parameters [<parameter minecraft:killer_entity>] are not provided in this context
[14Aug2026 19:53:20.185] [main/WARN] [net.minecraft.world.level.storage.loot.LootDataManager/]: Found loot table element validation problem in {loot_tables:mutantmonsters:entities/mutant_skeleton/rib}.pools[1].entries[0]->{botania:elementium_axe_beheading}.pools[1].condition[0]: Parameters [<parameter minecraft:origin>, <parameter minecraft:last_damage_player>] are not provided in this context
[14Aug2026 19:53:20.185] [main/WARN] [net.minecraft.world.level.storage.loot.LootDataManager/]: Found loot table element validation problem in {loot_tables:mutantmonsters:entities/mutant_skeleton/skull}.pools[1].entries[0]->{botania:elementium_axe_beheading}.pools[1].condition[3]: Parameters [<parameter minecraft:killer_entity>] are not provided in this context
[14Aug2026 19:53:20.185] [main/WARN] [net.minecraft.world.level.storage.loot.LootDataManager/]: Found loot table element validation problem in {loot_tables:mutantmonsters:entities/mutant_skeleton/pelvis}.pools[1].entries[0]->{botania:elementium_axe_beheading}.pools[6].condition[1]: Parameters [<parameter minecraft:origin>] are not provided in this context
[14Aug2026 19:53:20.185] [main/WARN] [net.minecraft.world.level.storage.loot.LootDataManager/]: Found loot table element validation problem in {loot_tables:mutantmonsters:entities/mutant_skeleton/pelvis}.pools[1].entries[0]->{botania:elementium_axe_beheading}.pools[2].condition[1].term[0]: Parameters [<parameter minecraft:origin>] are not provided in this context
[14Aug2026 19:53:20.187] [main/WARN] [net.minecraft.world.level.storage.loot.LootDataManager/]: Found loot table element validation problem in {loot_tables:mutantmonsters:entities/mutant_skeleton/limb}.pools[1].entries[0]->{botania:elementium_axe_beheading}.pools[1].condition[3]: Parameters [<parameter minecraft:killer_entity>] are not provided in this context
[14Aug2026 19:53:20.188] [main/WARN] [net.minecraft.world.level.storage.loot.LootDataManager/]: Found loot table element validation problem in {loot_tables:mutantmonsters:entities/mutant_skeleton/rib}.pools[1].entries[0]->{botania:elementium_axe_beheading}.pools[2].condition[1].term[3]: Parameters [<parameter minecraft:origin>] are not provided in this context
[14Aug2026 19:53:20.188] [main/WARN] [net.minecraft.world.level.storage.loot.LootDataManager/]: Found loot table element validation problem in {loot_tables:mutantmonsters:entities/mutant_skeleton/limb}.pools[1].entries[0]->{botania:elementium_axe_beheading}.pools[4].condition[0]: Parameters [<parameter minecraft:origin>, <parameter minecraft:last_damage_player>] are not provided in this context
[14Aug2026 19:53:20.233] [main/INFO] [emi_loot/]: parsing loot tables
[14Aug2026 19:53:20.659] [main/INFO] [emi_loot/]: finished parsing loot tables in 426
[14Aug2026 19:53:20.689] [main/INFO] [KubeJS Server/]: Processing recipes...
[14Aug2026 19:53:20.728] [main/WARN] [KubeJS Server/]: Failed to parse recipe 'deeperdarker:resonarium_hoe_smithing[minecraft:smithing_transform]'! Falling back to vanilla: Ingredient 'template' can't be empty!
[14Aug2026 19:53:20.734] [main/WARN] [KubeJS Server/]: Failed to parse recipe 'stalwart_dungeons:netherite_hammer_recipe[minecraft:smithing_transform]'! Falling back to vanilla: Ingredient 'template' can't be empty!
[14Aug2026 19:53:20.746] [main/WARN] [KubeJS Server/]: Failed to parse recipe 'simplehats:hatscraps_rare[minecraft:crafting_shapeless]'! Falling back to vanilla: ItemStack 'result' can't be empty!
[14Aug2026 19:53:20.750] [main/WARN] [KubeJS Server/]: Failed to parse recipe 'outer_end:azure_chest[minecraft:crafting_shaped]'! Falling back to vanilla: ItemStack 'result' can't be empty!
[14Aug2026 19:53:20.752] [main/WARN] [KubeJS Server/]: Failed to parse recipe 'crabbersdelight:lanternfish_from_barrel[minecraft:crafting_shapeless]'! Falling back to vanilla: ItemStack 'result' can't be empty!
[14Aug2026 19:53:20.771] [main/WARN] [KubeJS Server/]: Failed to parse recipe 'deeperdarker:resonarium_sword_smithing[minecraft:smithing_transform]'! Falling back to vanilla: Ingredient 'template' can't be empty!
[14Aug2026 19:53:20.776] [main/WARN] [KubeJS Server/]: Failed to parse recipe 'deeperdarker:resonarium_helmet_smithing[minecraft:smithing_transform]'! Falling back to vanilla: Ingredient 'template' can't be empty!
[14Aug2026 19:53:20.792] [main/WARN] [KubeJS Server/]: Failed to parse recipe 'outer_end:azure_trapped_chest[minecraft:crafting_shapeless]'! Falling back to vanilla: ItemStack 'result' can't be empty!
[14Aug2026 19:53:20.808] [main/WARN] [KubeJS Server/]: Failed to parse recipe 'stalwart_dungeons:wartedtungstenhelmetrecipe[minecraft:smithing_transform]'! Falling back to vanilla: Ingredient 'template' can't be empty!
[14Aug2026 19:53:20.851] [main/WARN] [KubeJS Server/]: Failed to parse recipe 'crabbersdelight:lanternfish_barrel[minecraft:crafting_shaped]'! Falling back to vanilla: ItemStack 'result' can't be empty!
[14Aug2026 19:53:20.856] [main/WARN] [KubeJS Server/]: Failed to parse recipe 'stalwart_dungeons:wartedtungstenchestplaterecipe[minecraft:smithing_transform]'! Falling back to vanilla: Ingredient 'template' can't be empty!
[14Aug2026 19:53:20.860] [main/WARN] [KubeJS Server/]: Failed to parse recipe 'seadwellers:depth_helmet[minecraft:smithing_transform]'! Falling back to vanilla: Ingredient 'template' can't be empty!
[14Aug2026 19:53:20.862] [main/WARN] [KubeJS Server/]: Failed to parse recipe 'stalwart_dungeons:wartedtungstenleggingsrecipe[minecraft:smithing_transform]'! Falling back to vanilla: Ingredient 'template' can't be empty!
[14Aug2026 19:53:20.879] [main/WARN] [KubeJS Server/]: Failed to parse recipe 'vivecraft:jumpboots[minecraft:crafting_shaped]'! Falling back to vanilla: ItemStack 'result' can't be empty!
[14Aug2026 19:53:20.881] [main/WARN] [KubeJS Server/]: Failed to parse recipe 'simplehats:hatspecial[minecraft:crafting_shaped]'! Falling back to vanilla: ItemStack 'result' can't be empty!
[14Aug2026 19:53:20.888] [main/WARN] [KubeJS Server/]: Failed to parse recipe 'stalwart_dungeons:wartedtungstenbootsrecipe[minecraft:smithing_transform]'! Falling back to vanilla: Ingredient 'template' can't be empty!
[14Aug2026 19:53:20.892] [main/WARN] [KubeJS Server/]: Failed to parse recipe 'deeperdarker:resonarium_pickaxe_smithing[minecraft:smithing_transform]'! Falling back to vanilla: Ingredient 'template' can't be empty!
[14Aug2026 19:53:20.893] [main/WARN] [KubeJS Server/]: Failed to parse recipe 'vivecraft:climbclaws[minecraft:crafting_shaped]'! Falling back to vanilla: ItemStack 'result' can't be empty!
[14Aug2026 19:53:20.900] [main/WARN] [KubeJS Server/]: Failed to parse recipe 'deeperdarker:resonarium_leggings_smithing[minecraft:smithing_transform]'! Falling back to vanilla: Ingredient 'template' can't be empty!
[14Aug2026 19:53:20.934] [main/WARN] [KubeJS Server/]: Failed to parse recipe 'deeperdarker:resonarium_chestplate_smithing[minecraft:smithing_transform]'! Falling back to vanilla: Ingredient 'template' can't be empty!
[14Aug2026 19:53:20.936] [main/WARN] [KubeJS Server/]: Failed to parse recipe 'deeperdarker:resonarium_shovel_smithing[minecraft:smithing_transform]'! Falling back to vanilla: Ingredient 'template' can't be empty!
[14Aug2026 19:53:20.937] [main/WARN] [KubeJS Server/]: Failed to parse recipe 'deeperdarker:resonarium_axe_smithing[minecraft:smithing_transform]'! Falling back to vanilla: Ingredient 'template' can't be empty!
[14Aug2026 19:53:20.943] [main/WARN] [KubeJS Server/]: Failed to parse recipe 'stalwart_dungeons:warted_tungsten_shield_recipe[minecraft:smithing_transform]'! Falling back to vanilla: Ingredient 'template' can't be empty!
[14Aug2026 19:53:20.966] [main/WARN] [KubeJS Server/]: Failed to parse recipe 'deeperdarker:resonarium_boots_smithing[minecraft:smithing_transform]'! Falling back to vanilla: Ingredient 'template' can't be empty!
[14Aug2026 19:53:20.986] [main/WARN] [KubeJS Server/]: Failed to parse recipe 'simplehats:hatscraps_uncommon[minecraft:crafting_shapeless]'! Falling back to vanilla: ItemStack 'result' can't be empty!
[14Aug2026 19:53:20.995] [main/INFO] [KubeJS Server/]: Found 11759 recipes in 304.0 ms
[14Aug2026 19:53:21.544] [main/INFO] [KubeJS Server/]: Posted recipe events in 549.1 ms
[14Aug2026 19:53:21.740] [main/INFO] [KubeJS Server/]: Added 0 recipes, removed 16 recipes, modified 0 recipes, with 0 failed recipes in 192.3 ms
[14Aug2026 19:53:21.740] [main/INFO] [ModernFix/]: Clearing KubeJS recipe lists...
[14Aug2026 19:53:21.746] [main/INFO] [com.teamabnormals.blueprint.core.Blueprint/]: Advancement Modification Manager has loaded 0 modifier groups
[14Aug2026 19:53:21.831] [main/ERROR] [net.minecraft.server.ServerAdvancementManager/]: Parsing error loading custom advancement farmersrespite:main/stunt_tea_bush: Invalid criterion trigger: farmersrespite:stunt_tea_bush
[14Aug2026 19:53:22.013] [main/ERROR] [net.minecraft.server.ServerAdvancementManager/]: Parsing error loading custom advancement outer_end:end/find_catacombs: Expected item to be an item, was unknown string 'outer_end:chiseled_violite'
[14Aug2026 19:53:22.110] [main/INFO] [net.minecraft.advancements.AdvancementList/]: Loaded 9021 advancements
[14Aug2026 19:53:22.120] [main/INFO] [placebo/]: Registered 0 additional recipes.
[14Aug2026 19:53:22.148] [main/INFO] [top.theillusivec4.curios.Curios/]: Loaded 13 curio slots
[14Aug2026 19:53:22.154] [main/ERROR] [top.theillusivec4.curios.Curios/]: elytra is not a registered slot type!
[14Aug2026 19:53:22.155] [main/INFO] [top.theillusivec4.curios.Curios/]: Loaded 24 curio entities
[14Aug2026 19:53:22.156] [main/INFO] [sfiomn.legendarytabs.LegendaryTabs/]: TabDataLoader.apply() called with 18 preparations
[14Aug2026 19:53:22.160] [main/INFO] [sfiomn.legendarytabs.LegendaryTabs/]: Loaded tab data: epic_fight
[14Aug2026 19:53:22.160] [main/INFO] [sfiomn.legendarytabs.LegendaryTabs/]: Loaded tab data: jobsplus
[14Aug2026 19:53:22.162] [main/INFO] [sfiomn.legendarytabs.LegendaryTabs/]: Loaded tab data: travelers_backpack
[14Aug2026 19:53:22.163] [main/INFO] [sfiomn.legendarytabs.LegendaryTabs/]: Loaded tab data: body_damage
[14Aug2026 19:53:22.163] [main/INFO] [sfiomn.legendarytabs.LegendaryTabs/]: Loaded tab data: ftb_quests
[14Aug2026 19:53:22.163] [main/INFO] [sfiomn.legendarytabs.LegendaryTabs/]: Loaded tab data: backpacked
[14Aug2026 19:53:22.163] [main/INFO] [sfiomn.legendarytabs.LegendaryTabs/]: Loaded tab data: passive_skill_tree
[14Aug2026 19:53:22.163] [main/INFO] [sfiomn.legendarytabs.LegendaryTabs/]: Loaded tab data: diet
[14Aug2026 19:53:22.164] [main/INFO] [sfiomn.legendarytabs.LegendaryTabs/]: Loaded tab data: sophisticated_backpacks
[14Aug2026 19:53:22.164] [main/INFO] [sfiomn.legendarytabs.LegendaryTabs/]: Loaded tab data: pufferfish_skills
[14Aug2026 19:53:22.164] [main/INFO] [sfiomn.legendarytabs.LegendaryTabs/]: Loaded tab data: ftb_teams
[14Aug2026 19:53:22.164] [main/INFO] [sfiomn.legendarytabs.LegendaryTabs/]: Loaded tab data: journey_map
[14Aug2026 19:53:22.165] [main/INFO] [sfiomn.legendarytabs.LegendaryTabs/]: Loaded tab data: reskillable_reimagined
[14Aug2026 19:53:22.165] [main/INFO] [sfiomn.legendarytabs.LegendaryTabs/]: Loaded tab data: reskillable
[14Aug2026 19:53:22.165] [main/INFO] [sfiomn.legendarytabs.LegendaryTabs/]: Loaded tab data: xaeros_map
[14Aug2026 19:53:22.165] [main/INFO] [sfiomn.legendarytabs.LegendaryTabs/]: Loaded tab data: map_atlases
[14Aug2026 19:53:22.166] [main/INFO] [sfiomn.legendarytabs.LegendaryTabs/]: Loaded tab data: advancements
[14Aug2026 19:53:22.166] [main/INFO] [sfiomn.legendarytabs.LegendaryTabs/]: Loaded tab data: epic_fight_skill_tree
[14Aug2026 19:53:22.166] [main/INFO] [sfiomn.legendarytabs.LegendaryTabs/]: Loaded 18 tab configurations
[14Aug2026 19:53:22.175] [main/INFO] [Supplementaries/]: Loaded 27 flute songs
[14Aug2026 19:53:22.209] [main/ERROR] [dev.xkmc.l2serial.util.Wrappers/THROWING]: Throwing
com.google.gson.JsonParseException: An ingredient entry needs either a tag or an item
	at net.minecraft.world.item.crafting.Ingredient.m_43919_(Ingredient.java:226) ~[server-1.20.1-20230612.114412-srg.jar%23763!/:?]
	at net.minecraftforge.common.crafting.VanillaIngredientSerializer.parse(VanillaIngredientSerializer.java:27) ~[forge-1.20.1-47.4.22-universal.jar%23768!/:?]
	at net.minecraftforge.common.crafting.CraftingHelper.getIngredient(CraftingHelper.java:148) ~[forge-1.20.1-47.4.22-universal.jar%23768!/:?]
	at net.minecraftforge.common.crafting.CraftingHelper.lambda$getIngredient$0(CraftingHelper.java:109) ~[forge-1.20.1-47.4.22-universal.jar%23768!/:?]
	at java.lang.Iterable.forEach(Iterable.java:75) ~[?:?]
	at net.minecraftforge.common.crafting.CraftingHelper.getIngredient(CraftingHelper.java:107) ~[forge-1.20.1-47.4.22-universal.jar%23768!/:?]
	at net.minecraft.world.item.crafting.Ingredient.m_288218_(Ingredient.java:194) ~[server-1.20.1-20230612.114412-srg.jar%23763!/:?]
	at net.minecraft.world.item.crafting.Ingredient.m_43917_(Ingredient.java:189) ~[server-1.20.1-20230612.114412-srg.jar%23763!/:?]
	at dev.xkmc.l2serial.serialization.custom_handler.Handlers.lambda$static$13(Handlers.java:70) ~[l2serial-1.2.0.jar%23921!/:1.2.0]
	at dev.xkmc.l2serial.serialization.custom_handler.ClassHandler.fromJson(ClassHandler.java:60) ~[l2serial-1.2.0.jar%23921!/:1.2.0]
	at dev.xkmc.l2serial.serialization.unified_processor.JsonContext.deserializeSpecial(JsonContext.java:27) ~[l2serial-1.2.0.jar%23921!/:1.2.0]
	at dev.xkmc.l2serial.serialization.unified_processor.JsonContext.deserializeSpecial(JsonContext.java:14) ~[l2serial-1.2.0.jar%23921!/:1.2.0]
	at dev.xkmc.l2serial.serialization.unified_processor.UnifiedCodec.deserializeValue(UnifiedCodec.java:66) ~[l2serial-1.2.0.jar%23921!/:1.2.0]
	at dev.xkmc.l2serial.serialization.unified_processor.UnifiedCodec.deserializeObjectImpl(UnifiedCodec.java:156) ~[l2serial-1.2.0.jar%23921!/:1.2.0]
	at dev.xkmc.l2serial.serialization.unified_processor.UnifiedCodec.deserializeObject(UnifiedCodec.java:31) ~[l2serial-1.2.0.jar%23921!/:1.2.0]
	at dev.xkmc.l2serial.serialization.unified_processor.UnifiedCodec.deserializeValue(UnifiedCodec.java:74) ~[l2serial-1.2.0.jar%23921!/:1.2.0]
	at dev.xkmc.l2serial.serialization.generic_types.ListCodec.deserializeValue(ListCodec.java:28) ~[l2serial-1.2.0.jar%23921!/:1.2.0]
	at dev.xkmc.l2serial.serialization.unified_processor.UnifiedCodec.deserializeValue(UnifiedCodec.java:70) ~[l2serial-1.2.0.jar%23921!/:1.2.0]
	at dev.xkmc.l2serial.serialization.unified_processor.UnifiedCodec.deserializeObjectImpl(UnifiedCodec.java:156) ~[l2serial-1.2.0.jar%23921!/:1.2.0]
	at dev.xkmc.l2serial.serialization.unified_processor.UnifiedCodec.deserializeObject(UnifiedCodec.java:31) ~[l2serial-1.2.0.jar%23921!/:1.2.0]
	at dev.xkmc.l2serial.serialization.unified_processor.UnifiedCodec.deserializeValue(UnifiedCodec.java:74) ~[l2serial-1.2.0.jar%23921!/:1.2.0]
	at dev.xkmc.l2serial.serialization.codec.JsonCodec.lambda$from$0(JsonCodec.java:28) ~[l2serial-1.2.0.jar%23921!/:1.2.0]
	at dev.xkmc.l2serial.util.Wrappers.get(Wrappers.java:31) ~[l2serial-1.2.0.jar%23921!/:1.2.0]
	at dev.xkmc.l2serial.serialization.codec.JsonCodec.from(JsonCodec.java:28) ~[l2serial-1.2.0.jar%23921!/:1.2.0]
	at dev.xkmc.l2library.serial.config.PacketHandlerWithConfig$ConfigReloadListener.addJson(PacketHandlerWithConfig.java:114) ~[l2library-2.4.14-slim.jar%23910!/:2.4.14]
	at dev.xkmc.l2library.serial.config.PacketHandlerWithConfig$ConfigReloadListener.lambda$apply$0(PacketHandlerWithConfig.java:107) ~[l2library-2.4.14-slim.jar%23910!/:2.4.14]
	at java.util.HashMap.forEach(HashMap.java:1421) ~[?:?]
	at dev.xkmc.l2library.serial.config.PacketHandlerWithConfig$ConfigReloadListener.apply(PacketHandlerWithConfig.java:97) ~[l2library-2.4.14-slim.jar%23910!/:2.4.14]
	at dev.xkmc.l2library.serial.config.PacketHandlerWithConfig$ConfigReloadListener.m_5787_(PacketHandlerWithConfig.java:88) ~[l2library-2.4.14-slim.jar%23910!/:2.4.14]
	at net.minecraft.server.packs.resources.SimplePreparableReloadListener.m_10789_(SimplePreparableReloadListener.java:13) ~[server-1.20.1-20230612.114412-srg.jar%23763!/:?]
	at java.util.concurrent.CompletableFuture$UniAccept.tryFire(CompletableFuture.java:718) ~[?:?]
	at java.util.concurrent.CompletableFuture$Completion.run(CompletableFuture.java:482) ~[?:?]
	at net.minecraft.server.packs.resources.SimpleReloadInstance.m_143940_(SimpleReloadInstance.java:69) ~[server-1.20.1-20230612.114412-srg.jar%23763!/:?]
	at net.minecraft.Util.m_214652_(Util.java:783) ~[server-1.20.1-20230612.114412-srg.jar%23763!/:?]
	at net.minecraft.Util.m_214679_(Util.java:772) ~[server-1.20.1-20230612.114412-srg.jar%23763!/:?]
	at net.minecraft.server.Main.main(Main.java:166) ~[server-1.20.1-20230612.114412-srg.jar%23763!/:?]
	at jdk.internal.reflect.NativeMethodAccessorImpl.invoke0(Native Method) ~[?:?]
	at jdk.internal.reflect.NativeMethodAccessorImpl.invoke(NativeMethodAccessorImpl.java:77) ~[?:?]
	at jdk.internal.reflect.DelegatingMethodAccessorImpl.invoke(DelegatingMethodAccessorImpl.java:43) ~[?:?]
	at java.lang.reflect.Method.invoke(Method.java:569) ~[?:?]
	at net.minecraftforge.fml.loading.targets.CommonLaunchHandler.runTarget(CommonLaunchHandler.java:111) ~[fmlloader-1.20.1-47.4.22.jar%2369!/:?]
	at net.minecraftforge.fml.loading.targets.CommonLaunchHandler.serverService(CommonLaunchHandler.java:103) ~[fmlloader-1.20.1-47.4.22.jar%2369!/:?]
	at net.minecraftforge.fml.loading.targets.CommonServerLaunchHandler.lambda$makeService$0(CommonServerLaunchHandler.java:27) ~[fmlloader-1.20.1-47.4.22.jar%2369!/:?]
	at cpw.mods.modlauncher.LaunchServiceHandlerDecorator.launch(LaunchServiceHandlerDecorator.java:30) ~[modlauncher-10.0.9.jar%2355!/:?]
	at cpw.mods.modlauncher.LaunchServiceHandler.launch(LaunchServiceHandler.java:53) ~[modlauncher-10.0.9.jar%2355!/:?]
	at cpw.mods.modlauncher.LaunchServiceHandler.launch(LaunchServiceHandler.java:71) ~[modlauncher-10.0.9.jar%2355!/:?]
	at cpw.mods.modlauncher.Launcher.run(Launcher.java:108) ~[modlauncher-10.0.9.jar%2355!/:?]
	at cpw.mods.modlauncher.Launcher.main(Launcher.java:78) ~[modlauncher-10.0.9.jar%2355!/:?]
	at cpw.mods.modlauncher.BootstrapLaunchConsumer.accept(BootstrapLaunchConsumer.java:26) ~[modlauncher-10.0.9.jar%2355!/:?]
	at cpw.mods.modlauncher.BootstrapLaunchConsumer.accept(BootstrapLaunchConsumer.java:23) ~[modlauncher-10.0.9.jar%2355!/:?]
	at cpw.mods.bootstraplauncher.BootstrapLauncher.main(BootstrapLauncher.java:141) ~[bootstraplauncher-1.1.2.jar:?]
[14Aug2026 19:53:22.240] [main/WARN] [net.minecraftforge.common.loot.LootModifierManager/]: Could not decode GlobalLootModifier with json id mimi:witch_witchpipe - error: Unknown registry key in ResourceKey[minecraft:root / forge:global_loot_modifier_serializers]: mimi:generic_add_drop
[14Aug2026 19:53:22.241] [main/WARN] [net.minecraftforge.common.loot.LootModifierManager/]: Could not decode GlobalLootModifier with json id mimi:skeleton_bonelute - error: Unknown registry key in ResourceKey[minecraft:root / forge:global_loot_modifier_serializers]: mimi:generic_add_drop
[14Aug2026 19:53:22.246] [main/WARN] [net.minecraftforge.common.loot.LootModifierManager/]: Could not decode GlobalLootModifier with json id corn_delight:village_house - error: Unknown registry key in ResourceKey[minecraft:root / forge:global_loot_modifier_serializers]: mmlib:add_loot_table
[14Aug2026 19:53:22.246] [main/WARN] [net.minecraftforge.common.loot.LootModifierManager/]: Could not decode GlobalLootModifier with json id corn_delight:shipwreck_loot - error: Unknown registry key in ResourceKey[minecraft:root / forge:global_loot_modifier_serializers]: mmlib:add_loot_table
[14Aug2026 19:53:22.246] [main/WARN] [net.minecraftforge.common.loot.LootModifierManager/]: Unable to decode loot conditions
com.google.gson.JsonSyntaxException: Unknown type 'minecraft:alternatives'
	at net.minecraft.world.level.storage.loot.GsonAdapterFactory$JsonAdapter.deserialize(GsonAdapterFactory.java:99) ~[server-1.20.1-20230612.114412-srg.jar%23763!/:?]
	at com.google.gson.internal.bind.TreeTypeAdapter.read(TreeTypeAdapter.java:76) ~[gson-2.10.jar%2372!/:?]
	at com.google.gson.internal.bind.TypeAdapterRuntimeTypeWrapper.read(TypeAdapterRuntimeTypeWrapper.java:40) ~[gson-2.10.jar%2372!/:?]
	at com.google.gson.internal.bind.ArrayTypeAdapter.read(ArrayTypeAdapter.java:72) ~[gson-2.10.jar%2372!/:?]
	at com.google.gson.Gson.fromJson(Gson.java:1214) ~[gson-2.10.jar%2372!/:?]
	at com.google.gson.Gson.fromJson(Gson.java:1319) ~[gson-2.10.jar%2372!/:?]
	at com.google.gson.Gson.fromJson(Gson.java:1261) ~[gson-2.10.jar%2372!/:?]
	at net.minecraftforge.common.loot.IGlobalLootModifier.lambda$static$1(IGlobalLootModifier.java:39) ~[forge-1.20.1-47.4.22-universal.jar%23768!/:?]
	at com.mojang.serialization.Decoder$1.lambda$decode$1(Decoder.java:49) ~[datafixerupper-6.0.8.jar%2377!/:?]
	at com.mojang.serialization.DataResult.lambda$flatMap$11(DataResult.java:139) ~[datafixerupper-6.0.8.jar%2377!/:?]
	at com.mojang.datafixers.util.Either$Left.map(Either.java:38) ~[datafixerupper-6.0.8.jar%2377!/:?]
	at com.mojang.serialization.DataResult.flatMap(DataResult.java:137) ~[datafixerupper-6.0.8.jar%2377!/:?]
	at com.mojang.serialization.Decoder$1.decode(Decoder.java:49) ~[datafixerupper-6.0.8.jar%2377!/:?]
	at com.mojang.serialization.Codec$2.decode(Codec.java:71) ~[datafixerupper-6.0.8.jar%2377!/:?]
	at com.mojang.serialization.Decoder.parse(Decoder.java:18) ~[datafixerupper-6.0.8.jar%2377!/:?]
	at com.mojang.serialization.codecs.FieldDecoder.decode(FieldDecoder.java:29) ~[datafixerupper-6.0.8.jar%2377!/:?]
	at com.mojang.serialization.MapCodec$1.decode(MapCodec.java:34) ~[datafixerupper-6.0.8.jar%2377!/:?]
	at com.mojang.serialization.codecs.RecordCodecBuilder$Instance$5.decode(RecordCodecBuilder.java:323) ~[datafixerupper-6.0.8.jar%2377!/:?]
	at com.mojang.serialization.codecs.RecordCodecBuilder$2.decode(RecordCodecBuilder.java:107) ~[datafixerupper-6.0.8.jar%2377!/:?]
	at com.mojang.serialization.codecs.KeyDispatchCodec.lambda$decode$3(KeyDispatchCodec.java:67) ~[datafixerupper-6.0.8.jar%2377!/:?]
	at com.mojang.serialization.DataResult.lambda$flatMap$11(DataResult.java:139) ~[datafixerupper-6.0.8.jar%2377!/:?]
	at com.mojang.datafixers.util.Either$Left.map(Either.java:38) ~[datafixerupper-6.0.8.jar%2377!/:?]
	at com.mojang.serialization.DataResult.flatMap(DataResult.java:137) ~[datafixerupper-6.0.8.jar%2377!/:?]
	at com.mojang.serialization.codecs.KeyDispatchCodec.lambda$decode$4(KeyDispatchCodec.java:58) ~[datafixerupper-6.0.8.jar%2377!/:?]
	at com.mojang.serialization.DataResult.lambda$flatMap$11(DataResult.java:139) ~[datafixerupper-6.0.8.jar%2377!/:?]
	at com.mojang.datafixers.util.Either$Left.map(Either.java:38) ~[datafixerupper-6.0.8.jar%2377!/:?]
	at com.mojang.serialization.DataResult.flatMap(DataResult.java:137) ~[datafixerupper-6.0.8.jar%2377!/:?]
	at com.mojang.serialization.codecs.KeyDispatchCodec.decode(KeyDispatchCodec.java:56) ~[datafixerupper-6.0.8.jar%2377!/:?]
	at com.mojang.serialization.MapDecoder.lambda$compressedDecode$1(MapDecoder.java:52) ~[datafixerupper-6.0.8.jar%2377!/:?]
	at com.mojang.serialization.DataResult.lambda$flatMap$11(DataResult.java:139) ~[datafixerupper-6.0.8.jar%2377!/:?]
	at com.mojang.datafixers.util.Either$Left.map(Either.java:38) ~[datafixerupper-6.0.8.jar%2377!/:?]
	at com.mojang.serialization.DataResult.flatMap(DataResult.java:137) ~[datafixerupper-6.0.8.jar%2377!/:?]
	at com.mojang.serialization.MapDecoder.compressedDecode(MapDecoder.java:52) ~[datafixerupper-6.0.8.jar%2377!/:?]
	at com.mojang.serialization.MapCodec$MapCodecCodec.decode(MapCodec.java:91) ~[datafixerupper-6.0.8.jar%2377!/:?]
	at com.mojang.serialization.Decoder.parse(Decoder.java:18) ~[datafixerupper-6.0.8.jar%2377!/:?]
	at net.minecraftforge.common.loot.LootModifierManager.apply(LootModifierManager.java:79) ~[forge-1.20.1-47.4.22-universal.jar%23768!/:?]
	at net.minecraftforge.common.loot.LootModifierManager.m_5787_(LootModifierManager.java:38) ~[forge-1.20.1-47.4.22-universal.jar%23768!/:?]
	at net.minecraft.server.packs.resources.SimplePreparableReloadListener.m_10789_(SimplePreparableReloadListener.java:13) ~[server-1.20.1-20230612.114412-srg.jar%23763!/:?]
	at java.util.concurrent.CompletableFuture$UniAccept.tryFire(CompletableFuture.java:718) ~[?:?]
	at java.util.concurrent.CompletableFuture$Completion.run(CompletableFuture.java:482) ~[?:?]
	at net.minecraft.server.packs.resources.SimpleReloadInstance.m_143940_(SimpleReloadInstance.java:69) ~[server-1.20.1-20230612.114412-srg.jar%23763!/:?]
	at net.minecraft.Util.m_214652_(Util.java:783) ~[server-1.20.1-20230612.114412-srg.jar%23763!/:?]
	at net.minecraft.Util.m_214679_(Util.java:772) ~[server-1.20.1-20230612.114412-srg.jar%23763!/:?]
	at net.minecraft.server.Main.main(Main.java:166) ~[server-1.20.1-20230612.114412-srg.jar%23763!/:?]
	at jdk.internal.reflect.NativeMethodAccessorImpl.invoke0(Native Method) ~[?:?]
	at jdk.internal.reflect.NativeMethodAccessorImpl.invoke(NativeMethodAccessorImpl.java:77) ~[?:?]
	at jdk.internal.reflect.DelegatingMethodAccessorImpl.invoke(DelegatingMethodAccessorImpl.java:43) ~[?:?]
	at java.lang.reflect.Method.invoke(Method.java:569) ~[?:?]
	at net.minecraftforge.fml.loading.targets.CommonLaunchHandler.runTarget(CommonLaunchHandler.java:111) ~[fmlloader-1.20.1-47.4.22.jar%2369!/:?]
	at net.minecraftforge.fml.loading.targets.CommonLaunchHandler.serverService(CommonLaunchHandler.java:103) ~[fmlloader-1.20.1-47.4.22.jar%2369!/:?]
	at net.minecraftforge.fml.loading.targets.CommonServerLaunchHandler.lambda$makeService$0(CommonServerLaunchHandler.java:27) ~[fmlloader-1.20.1-47.4.22.jar%2369!/:?]
	at cpw.mods.modlauncher.LaunchServiceHandlerDecorator.launch(LaunchServiceHandlerDecorator.java:30) ~[modlauncher-10.0.9.jar%2355!/:?]
	at cpw.mods.modlauncher.LaunchServiceHandler.launch(LaunchServiceHandler.java:53) ~[modlauncher-10.0.9.jar%2355!/:?]
	at cpw.mods.modlauncher.LaunchServiceHandler.launch(LaunchServiceHandler.java:71) ~[modlauncher-10.0.9.jar%2355!/:?]
	at cpw.mods.modlauncher.Launcher.run(Launcher.java:108) ~[modlauncher-10.0.9.jar%2355!/:?]
	at cpw.mods.modlauncher.Launcher.main(Launcher.java:78) ~[modlauncher-10.0.9.jar%2355!/:?]
	at cpw.mods.modlauncher.BootstrapLaunchConsumer.accept(BootstrapLaunchConsumer.java:26) ~[modlauncher-10.0.9.jar%2355!/:?]
	at cpw.mods.modlauncher.BootstrapLaunchConsumer.accept(BootstrapLaunchConsumer.java:23) ~[modlauncher-10.0.9.jar%2355!/:?]
	at cpw.mods.bootstraplauncher.BootstrapLauncher.main(BootstrapLauncher.java:141) ~[bootstraplauncher-1.1.2.jar:?]
[14Aug2026 19:53:22.251] [main/WARN] [net.minecraftforge.common.loot.LootModifierManager/]: Could not decode GlobalLootModifier with json id nethersdelight:chopping_leather - error: Unknown type 'minecraft:alternatives'
[14Aug2026 19:53:22.251] [main/WARN] [net.minecraftforge.common.loot.LootModifierManager/]: Unable to decode loot conditions
com.google.gson.JsonSyntaxException: Unknown type 'minecraft:alternative'
	at net.minecraft.world.level.storage.loot.GsonAdapterFactory$JsonAdapter.deserialize(GsonAdapterFactory.java:99) ~[server-1.20.1-20230612.114412-srg.jar%23763!/:?]
	at com.google.gson.internal.bind.TreeTypeAdapter.read(TreeTypeAdapter.java:76) ~[gson-2.10.jar%2372!/:?]
	at com.google.gson.internal.bind.TypeAdapterRuntimeTypeWrapper.read(TypeAdapterRuntimeTypeWrapper.java:40) ~[gson-2.10.jar%2372!/:?]
	at com.google.gson.internal.bind.ArrayTypeAdapter.read(ArrayTypeAdapter.java:72) ~[gson-2.10.jar%2372!/:?]
	at com.google.gson.Gson.fromJson(Gson.java:1214) ~[gson-2.10.jar%2372!/:?]
	at com.google.gson.Gson.fromJson(Gson.java:1319) ~[gson-2.10.jar%2372!/:?]
	at com.google.gson.Gson.fromJson(Gson.java:1261) ~[gson-2.10.jar%2372!/:?]
	at net.minecraftforge.common.loot.IGlobalLootModifier.lambda$static$1(IGlobalLootModifier.java:39) ~[forge-1.20.1-47.4.22-universal.jar%23768!/:?]
	at com.mojang.serialization.Decoder$1.lambda$decode$1(Decoder.java:49) ~[datafixerupper-6.0.8.jar%2377!/:?]
	at com.mojang.serialization.DataResult.lambda$flatMap$11(DataResult.java:139) ~[datafixerupper-6.0.8.jar%2377!/:?]
	at com.mojang.datafixers.util.Either$Left.map(Either.java:38) ~[datafixerupper-6.0.8.jar%2377!/:?]
	at com.mojang.serialization.DataResult.flatMap(DataResult.java:137) ~[datafixerupper-6.0.8.jar%2377!/:?]
	at com.mojang.serialization.Decoder$1.decode(Decoder.java:49) ~[datafixerupper-6.0.8.jar%2377!/:?]
	at com.mojang.serialization.Codec$2.decode(Codec.java:71) ~[datafixerupper-6.0.8.jar%2377!/:?]
	at com.mojang.serialization.Decoder.parse(Decoder.java:18) ~[datafixerupper-6.0.8.jar%2377!/:?]
	at com.mojang.serialization.codecs.FieldDecoder.decode(FieldDecoder.java:29) ~[datafixerupper-6.0.8.jar%2377!/:?]
	at com.mojang.serialization.MapCodec$1.decode(MapCodec.java:34) ~[datafixerupper-6.0.8.jar%2377!/:?]
	at com.mojang.serialization.codecs.RecordCodecBuilder$Instance$5.decode(RecordCodecBuilder.java:323) ~[datafixerupper-6.0.8.jar%2377!/:?]
	at com.mojang.serialization.codecs.RecordCodecBuilder$2.decode(RecordCodecBuilder.java:107) ~[datafixerupper-6.0.8.jar%2377!/:?]
	at com.mojang.serialization.codecs.KeyDispatchCodec.lambda$decode$3(KeyDispatchCodec.java:67) ~[datafixerupper-6.0.8.jar%2377!/:?]
	at com.mojang.serialization.DataResult.lambda$flatMap$11(DataResult.java:139) ~[datafixerupper-6.0.8.jar%2377!/:?]
	at com.mojang.datafixers.util.Either$Left.map(Either.java:38) ~[datafixerupper-6.0.8.jar%2377!/:?]
	at com.mojang.serialization.DataResult.flatMap(DataResult.java:137) ~[datafixerupper-6.0.8.jar%2377!/:?]
	at com.mojang.serialization.codecs.KeyDispatchCodec.lambda$decode$4(KeyDispatchCodec.java:58) ~[datafixerupper-6.0.8.jar%2377!/:?]
	at com.mojang.serialization.DataResult.lambda$flatMap$11(DataResult.java:139) ~[datafixerupper-6.0.8.jar%2377!/:?]
	at com.mojang.datafixers.util.Either$Left.map(Either.java:38) ~[datafixerupper-6.0.8.jar%2377!/:?]
	at com.mojang.serialization.DataResult.flatMap(DataResult.java:137) ~[datafixerupper-6.0.8.jar%2377!/:?]
	at com.mojang.serialization.codecs.KeyDispatchCodec.decode(KeyDispatchCodec.java:56) ~[datafixerupper-6.0.8.jar%2377!/:?]
	at com.mojang.serialization.MapDecoder.lambda$compressedDecode$1(MapDecoder.java:52) ~[datafixerupper-6.0.8.jar%2377!/:?]
	at com.mojang.serialization.DataResult.lambda$flatMap$11(DataResult.java:139) ~[datafixerupper-6.0.8.jar%2377!/:?]
	at com.mojang.datafixers.util.Either$Left.map(Either.java:38) ~[datafixerupper-6.0.8.jar%2377!/:?]
	at com.mojang.serialization.DataResult.flatMap(DataResult.java:137) ~[datafixerupper-6.0.8.jar%2377!/:?]
	at com.mojang.serialization.MapDecoder.compressedDecode(MapDecoder.java:52) ~[datafixerupper-6.0.8.jar%2377!/:?]
	at com.mojang.serialization.MapCodec$MapCodecCodec.decode(MapCodec.java:91) ~[datafixerupper-6.0.8.jar%2377!/:?]
	at com.mojang.serialization.Decoder.parse(Decoder.java:18) ~[datafixerupper-6.0.8.jar%2377!/:?]
	at net.minecraftforge.common.loot.LootModifierManager.apply(LootModifierManager.java:79) ~[forge-1.20.1-47.4.22-universal.jar%23768!/:?]
	at net.minecraftforge.common.loot.LootModifierManager.m_5787_(LootModifierManager.java:38) ~[forge-1.20.1-47.4.22-universal.jar%23768!/:?]
	at net.minecraft.server.packs.resources.SimplePreparableReloadListener.m_10789_(SimplePreparableReloadListener.java:13) ~[server-1.20.1-20230612.114412-srg.jar%23763!/:?]
	at java.util.concurrent.CompletableFuture$UniAccept.tryFire(CompletableFuture.java:718) ~[?:?]
	at java.util.concurrent.CompletableFuture$Completion.run(CompletableFuture.java:482) ~[?:?]
	at net.minecraft.server.packs.resources.SimpleReloadInstance.m_143940_(SimpleReloadInstance.java:69) ~[server-1.20.1-20230612.114412-srg.jar%23763!/:?]
	at net.minecraft.Util.m_214652_(Util.java:783) ~[server-1.20.1-20230612.114412-srg.jar%23763!/:?]
	at net.minecraft.Util.m_214679_(Util.java:772) ~[server-1.20.1-20230612.114412-srg.jar%23763!/:?]
	at net.minecraft.server.Main.main(Main.java:166) ~[server-1.20.1-20230612.114412-srg.jar%23763!/:?]
	at jdk.internal.reflect.NativeMethodAccessorImpl.invoke0(Native Method) ~[?:?]
	at jdk.internal.reflect.NativeMethodAccessorImpl.invoke(NativeMethodAccessorImpl.java:77) ~[?:?]
	at jdk.internal.reflect.DelegatingMethodAccessorImpl.invoke(DelegatingMethodAccessorImpl.java:43) ~[?:?]
	at java.lang.reflect.Method.invoke(Method.java:569) ~[?:?]
	at net.minecraftforge.fml.loading.targets.CommonLaunchHandler.runTarget(CommonLaunchHandler.java:111) ~[fmlloader-1.20.1-47.4.22.jar%2369!/:?]
	at net.minecraftforge.fml.loading.targets.CommonLaunchHandler.serverService(CommonLaunchHandler.java:103) ~[fmlloader-1.20.1-47.4.22.jar%2369!/:?]
	at net.minecraftforge.fml.loading.targets.CommonServerLaunchHandler.lambda$makeService$0(CommonServerLaunchHandler.java:27) ~[fmlloader-1.20.1-47.4.22.jar%2369!/:?]
	at cpw.mods.modlauncher.LaunchServiceHandlerDecorator.launch(LaunchServiceHandlerDecorator.java:30) ~[modlauncher-10.0.9.jar%2355!/:?]
	at cpw.mods.modlauncher.LaunchServiceHandler.launch(LaunchServiceHandler.java:53) ~[modlauncher-10.0.9.jar%2355!/:?]
	at cpw.mods.modlauncher.LaunchServiceHandler.launch(LaunchServiceHandler.java:71) ~[modlauncher-10.0.9.jar%2355!/:?]
	at cpw.mods.modlauncher.Launcher.run(Launcher.java:108) ~[modlauncher-10.0.9.jar%2355!/:?]
	at cpw.mods.modlauncher.Launcher.main(Launcher.java:78) ~[modlauncher-10.0.9.jar%2355!/:?]
	at cpw.mods.modlauncher.BootstrapLaunchConsumer.accept(BootstrapLaunchConsumer.java:26) ~[modlauncher-10.0.9.jar%2355!/:?]
	at cpw.mods.modlauncher.BootstrapLaunchConsumer.accept(BootstrapLaunchConsumer.java:23) ~[modlauncher-10.0.9.jar%2355!/:?]
	at cpw.mods.bootstraplauncher.BootstrapLauncher.main(BootstrapLauncher.java:141) ~[bootstraplauncher-1.1.2.jar:?]
[14Aug2026 19:53:22.253] [main/WARN] [net.minecraftforge.common.loot.LootModifierManager/]: Could not decode GlobalLootModifier with json id nethersdelight:chopping_string - error: Unknown type 'minecraft:alternative'
[14Aug2026 19:53:22.260] [main/INFO] [com.github.nyuppo.MoreMobVariants/]: Reloading config...
[14Aug2026 19:53:22.415] [Forge Version Check/WARN] [net.minecraftforge.fml.VersionChecker/]: Failed to process update information
java.net.http.HttpConnectTimeoutException: HTTP connect timed out
	at jdk.internal.net.http.HttpClientImpl.send(HttpClientImpl.java:894) ~[java.net.http:?]
	at jdk.internal.net.http.HttpClientFacade.send(HttpClientFacade.java:133) ~[java.net.http:?]
	at net.minecraftforge.fml.VersionChecker$1.openUrlString(VersionChecker.java:142) ~[fmlcore-1.20.1-47.4.22.jar%23764!/:?]
	at net.minecraftforge.fml.VersionChecker$1.process(VersionChecker.java:180) ~[fmlcore-1.20.1-47.4.22.jar%23764!/:?]
	at java.lang.Iterable.forEach(Iterable.java:75) ~[?:?]
	at net.minecraftforge.fml.VersionChecker$1.run(VersionChecker.java:117) ~[fmlcore-1.20.1-47.4.22.jar%23764!/:?]
Caused by: java.net.http.HttpConnectTimeoutException: HTTP connect timed out
	at jdk.internal.net.http.ResponseTimerEvent.handle(ResponseTimerEvent.java:68) ~[java.net.http:?]
	at jdk.internal.net.http.HttpClientImpl.purgeTimeoutsAndReturnNextDeadline(HttpClientImpl.java:1693) ~[java.net.http:?]
	at jdk.internal.net.http.HttpClientImpl$SelectorManager.run(HttpClientImpl.java:1311) ~[java.net.http:?]
Caused by: java.net.ConnectException: HTTP connect timed out
	at jdk.internal.net.http.ResponseTimerEvent.handle(ResponseTimerEvent.java:69) ~[java.net.http:?]
	at jdk.internal.net.http.HttpClientImpl.purgeTimeoutsAndReturnNextDeadline(HttpClientImpl.java:1693) ~[java.net.http:?]
	at jdk.internal.net.http.HttpClientImpl$SelectorManager.run(HttpClientImpl.java:1311) ~[java.net.http:?]
[14Aug2026 19:53:22.420] [Forge Version Check/INFO] [net.minecraftforge.fml.VersionChecker/]: [searchables] Starting version check at https://updates.blamejared.com/get?n=searchables&gv=1.20.1
[14Aug2026 19:53:22.590] [Forge Version Check/INFO] [net.minecraftforge.fml.VersionChecker/]: [searchables] Found status: BETA Current: 1.0.3 Target: 1.0.3
[14Aug2026 19:53:22.590] [Forge Version Check/INFO] [net.minecraftforge.fml.VersionChecker/]: [mcwlights] Starting version check at https://raw.githubusercontent.com/sketchmacaw/macawsmods/master/lights.json
[14Aug2026 19:53:22.614] [Forge Version Check/INFO] [net.minecraftforge.fml.VersionChecker/]: [mcwlights] Found status: UP_TO_DATE Current: 1.1.5 Target: null
[14Aug2026 19:53:22.614] [Forge Version Check/INFO] [net.minecraftforge.fml.VersionChecker/]: [radium] Starting version check at https://api.modrinth.com/updates/radium/forge_updates.json
[14Aug2026 19:53:22.702] [Forge Version Check/INFO] [net.minecraftforge.fml.VersionChecker/]: [radium] Found status: AHEAD Current: 0.12.4+git.26c9d8e Target: null
[14Aug2026 19:53:22.702] [Forge Version Check/INFO] [net.minecraftforge.fml.VersionChecker/]: [betteranimationscollection] Starting version check at https://raw.githubusercontent.com/Fuzss/modresources/main/update/betteranimationscollection.json
[14Aug2026 19:53:22.825] [Forge Version Check/INFO] [net.minecraftforge.fml.VersionChecker/]: [betteranimationscollection] Found status: UP_TO_DATE Current: 8.0.1 Target: null
[14Aug2026 19:53:22.825] [Forge Version Check/INFO] [net.minecraftforge.fml.VersionChecker/]: [fastload] Starting version check at https://github.com/BumbleSoftware/Fastload/raw/Forge-1.20.1/updates.json
[14Aug2026 19:53:22.847] [Forge Version Check/INFO] [net.minecraftforge.fml.VersionChecker/]: [fastload] Found status: UP_TO_DATE Current: 3.4.0 Target: null
[14Aug2026 19:53:22.847] [Forge Version Check/INFO] [net.minecraftforge.fml.VersionChecker/]: [mutantmonsters] Starting version check at https://raw.githubusercontent.com/Fuzss/modresources/main/update/mutantmonsters.json
[14Aug2026 19:53:22.863] [Forge Version Check/INFO] [net.minecraftforge.fml.VersionChecker/]: [mutantmonsters] Found status: UP_TO_DATE Current: 8.0.8 Target: null
[14Aug2026 19:53:22.863] [Forge Version Check/INFO] [net.minecraftforge.fml.VersionChecker/]: [attributefix] Starting version check at https://updates.blamejared.com/get?n=attributefix&gv=1.20.1
[14Aug2026 19:53:23.031] [Forge Version Check/INFO] [net.minecraftforge.fml.VersionChecker/]: [attributefix] Found status: BETA Current: 21.0.5 Target: 21.0.5
[14Aug2026 19:53:23.031] [Forge Version Check/INFO] [net.minecraftforge.fml.VersionChecker/]: [friendlygriefing] Starting version check at https://raw.githubusercontent.com/Crimix/FriendlyGriefing/1.20/update.json
[14Aug2026 19:53:23.045] [Forge Version Check/INFO] [net.minecraftforge.fml.VersionChecker/]: [friendlygriefing] Found status: UP_TO_DATE Current: 1.0.2 Target: null
[14Aug2026 19:53:23.046] [Forge Version Check/INFO] [net.minecraftforge.fml.VersionChecker/]: [jeitweaker] Starting version check at https://updates.blamejared.com/get?n=JEITweaker&gv=1.20.1
[14Aug2026 19:53:23.213] [Forge Version Check/INFO] [net.minecraftforge.fml.VersionChecker/]: [jeitweaker] Found status: BETA Current: 8.0.6 Target: 8.0.6
[14Aug2026 19:53:23.213] [Forge Version Check/INFO] [net.minecraftforge.fml.VersionChecker/]: [crafttweaker] Starting version check at https://updates.blamejared.com/get?n=crafttweaker&gv=1.20.1
[14Aug2026 19:53:23.384] [Forge Version Check/INFO] [net.minecraftforge.fml.VersionChecker/]: [crafttweaker] Found status: BETA Current: 14.0.60 Target: 14.0.60
[14Aug2026 19:53:23.384] [Forge Version Check/INFO] [net.minecraftforge.fml.VersionChecker/]: [puzzlesaccessapi] Starting version check at https://raw.githubusercontent.com/Fuzss/modresources/main/update/puzzlesaccessapi.json
[14Aug2026 19:53:23.400] [Forge Version Check/INFO] [net.minecraftforge.fml.VersionChecker/]: [puzzlesaccessapi] Found status: BETA Current: 20.1.1 Target: null
[14Aug2026 19:53:23.401] [Forge Version Check/INFO] [net.minecraftforge.fml.VersionChecker/]: [forge] Starting version check at https://files.minecraftforge.net/net/minecraftforge/forge/promotions_slim.json
[14Aug2026 19:53:23.492] [main/INFO] [ModdingLegacy/blue_skies/SkiesDataManager/]: Loaded 8 tool_handle_types
[14Aug2026 19:53:23.492] [main/INFO] [ModdingLegacy/blue_skies/SkiesDataManager/]: Loaded 37 snowcap_oven_freezing_recipes
[14Aug2026 19:53:23.493] [main/INFO] [ModdingLegacy/blue_skies/SkiesDataManager/]: Loaded 7 horizonite_forge_fuels
[14Aug2026 19:53:23.493] [main/INFO] [ModdingLegacy/blue_skies/SkiesDataManager/]: Loaded 12 snowcap_mushroom_freezing
[14Aug2026 19:53:23.509] [main/INFO] [ModdingLegacy/blue_skies/SkiesDataManager/]: Loaded 70 alchemy_recipes
[14Aug2026 19:53:23.512] [main/INFO] [ModdingLegacy/blue_skies/SkiesDataManager/]: Loaded 81 journal/entries
[14Aug2026 19:53:23.512] [main/INFO] [ModdingLegacy/blue_skies/SkiesDataManager/]: Loaded 3 journal/sections
[14Aug2026 19:53:23.512] [main/INFO] [ModdingLegacy/blue_skies/SkiesDataManager/]: Loaded 7 journal/requirements
[14Aug2026 19:53:23.519] [main/WARN] [com.bonker.stardewfishing.StardewFishing/]: Mod 'blue_skies' present but item not registered: jelly_drifter. Is the id incorrect?
[14Aug2026 19:53:23.519] [main/WARN] [com.bonker.stardewfishing.StardewFishing/]: Mod 'undergarden' present but item not registered: gwibling. Is the id incorrect?
[14Aug2026 19:53:23.532] [Forge Version Check/INFO] [net.minecraftforge.fml.VersionChecker/]: [forge] Found status: AHEAD Current: 47.4.22 Target: null
[14Aug2026 19:53:23.533] [Forge Version Check/INFO] [net.minecraftforge.fml.VersionChecker/]: [simplebackups] Starting version check at https://assets.melanx.de/updates/simple-backups.json
[14Aug2026 19:53:23.542] [main/INFO] [twilightforest/]: Loaded 9 Stalactite configs!
[14Aug2026 19:53:23.657] [main/INFO] [bountiful/]: Trying to load unloaded files from: config/bountiful/bounty_pools
[14Aug2026 19:53:23.664] [main/INFO] [bountiful/]: Trying to load unloaded files from: config/bountiful/bounty_decrees
[14Aug2026 19:53:23.671] [main/WARN] [flan/]: Legacy claim_permission flan_fixes_botania:botania. Following keys are outdated [guiItem, defaultVal, requiredMod]. Please update them! Refer to the documentations
[14Aug2026 19:53:23.673] [main/WARN] [flan/]: Legacy claim_permission flan_fixes_botania:corporea_index. Following keys are outdated [guiItem, defaultVal, requiredMod]. Please update them! Refer to the documentations
[14Aug2026 19:53:23.734] [Forge Version Check/INFO] [net.minecraftforge.fml.VersionChecker/]: [simplebackups] Found status: AHEAD Current: 1.20.1-3.1.24 Target: null
[14Aug2026 19:53:23.735] [Forge Version Check/INFO] [net.minecraftforge.fml.VersionChecker/]: [puzzleslib] Starting version check at https://raw.githubusercontent.com/Fuzss/modresources/main/update/puzzleslib.json
[14Aug2026 19:53:23.747] [Forge Version Check/INFO] [net.minecraftforge.fml.VersionChecker/]: [puzzleslib] Found status: UP_TO_DATE Current: 8.1.33 Target: null
[14Aug2026 19:53:23.747] [Forge Version Check/INFO] [net.minecraftforge.fml.VersionChecker/]: [friendlyfire] Starting version check at https://updates.blamejared.com/get?n=friendlyfire&gv=1.20.1
[14Aug2026 19:53:23.888] [main/INFO] [com.teamabnormals.blueprint.core.Blueprint/]: Chunk Generator Modification Manager has loaded 1 modifier groups
[14Aug2026 19:53:23.914] [Forge Version Check/INFO] [net.minecraftforge.fml.VersionChecker/]: [friendlyfire] Found status: BETA Current: 18.0.8 Target: 18.0.8
[14Aug2026 19:53:23.914] [Forge Version Check/INFO] [net.minecraftforge.fml.VersionChecker/]: [aquamirae] Starting version check at https://raw.githubusercontent.com/ObscuriaLithium/modding/main/versions/aquamirae.json
[14Aug2026 19:53:23.926] [Forge Version Check/INFO] [net.minecraftforge.fml.VersionChecker/]: [aquamirae] Found status: OUTDATED Current: 6.4.0 Target: 7.1.10
[14Aug2026 19:53:23.926] [Forge Version Check/INFO] [net.minecraftforge.fml.VersionChecker/]: [blue_skies] Starting version check at http://changelogs.moddinglegacy.com/blue-skies.json
[14Aug2026 19:53:23.962] [main/INFO] [Gateways to Eternity/]: Registered 24 gateways.
[14Aug2026 19:53:23.965] [main/INFO] [botania/]: Loaded 30 Loonium configurations
[14Aug2026 19:53:23.976] [main/INFO] [placebo/]: Registered 4 gear_sets.
[14Aug2026 19:53:23.980] [Forge Version Check/INFO] [net.minecraftforge.fml.VersionChecker/]: [blue_skies] Found status: UP_TO_DATE Current: 1.3.31 Target: null
[14Aug2026 19:53:23.980] [Forge Version Check/INFO] [net.minecraftforge.fml.VersionChecker/]: [illagerinvasion] Starting version check at https://raw.githubusercontent.com/Fuzss/modresources/main/update/illagerinvasion.json
[14Aug2026 19:53:23.993] [Forge Version Check/INFO] [net.minecraftforge.fml.VersionChecker/]: [illagerinvasion] Found status: UP_TO_DATE Current: 8.0.7 Target: null
[14Aug2026 19:53:23.994] [Forge Version Check/INFO] [net.minecraftforge.fml.VersionChecker/]: [suggestionproviderfix] Starting version check at https://github.com/Harleyoc1/SuggestionProviderFix/blob/1.19/version_info.json?raw=true
[14Aug2026 19:53:24.372] [Forge Version Check/INFO] [net.minecraftforge.fml.VersionChecker/]: [suggestionproviderfix] Found status: BETA Current: 1.20.1-1.0.0 Target: null
[14Aug2026 19:53:24.372] [Forge Version Check/INFO] [net.minecraftforge.fml.VersionChecker/]: [doggytalents] Starting version check at https://raw.githubusercontent.com/DashieDev/DoggyTalentsNext/refs/heads/1.21-master/check_for_update/update.json
[14Aug2026 19:53:24.383] [Forge Version Check/INFO] [net.minecraftforge.fml.VersionChecker/]: [doggytalents] Found status: BETA Current: 1.19.0 Target: 1.19.0
[14Aug2026 19:53:24.383] [Forge Version Check/INFO] [net.minecraftforge.fml.VersionChecker/]: [bookshelf] Starting version check at https://updates.blamejared.com/get?n=bookshelf&gv=1.20.1
[14Aug2026 19:53:24.478] [main/INFO] [mixin/]: Mixing common.MixinServerStatus from mixins/common/nochatreports.mixins.json into net.minecraft.network.protocol.status.ServerStatus
[14Aug2026 19:53:24.552] [Forge Version Check/INFO] [net.minecraftforge.fml.VersionChecker/]: [bookshelf] Found status: BETA Current: 20.2.15 Target: 20.2.15
[14Aug2026 19:53:24.552] [Forge Version Check/INFO] [net.minecraftforge.fml.VersionChecker/]: [uteamcore] Starting version check at https://api.u-team.info/update/uteamcore.json
[14Aug2026 19:53:24.684] [Forge Version Check/INFO] [net.minecraftforge.fml.VersionChecker/]: [uteamcore] Found status: UP_TO_DATE Current: 5.1.4.382 Target: null
[14Aug2026 19:53:24.684] [Forge Version Check/INFO] [net.minecraftforge.fml.VersionChecker/]: [mcwdoors] Starting version check at https://raw.githubusercontent.com/sketchmacaw/macawsmods/master/doors.json
[14Aug2026 19:53:24.695] [Forge Version Check/INFO] [net.minecraftforge.fml.VersionChecker/]: [mcwdoors] Found status: AHEAD Current: 1.1.5 Target: null
[14Aug2026 19:53:24.696] [Forge Version Check/INFO] [net.minecraftforge.fml.VersionChecker/]: [twilightforest] Starting version check at https://gh.tamaized.com/TeamTwilight/twilightforest/update.json
[14Aug2026 19:53:25.015] [Forge Version Check/INFO] [net.minecraftforge.fml.VersionChecker/]: [twilightforest] Found status: AHEAD Current: 4.3.2508 Target: null
[14Aug2026 19:53:25.015] [Forge Version Check/INFO] [net.minecraftforge.fml.VersionChecker/]: [experiencebugfix] Starting version check at https://github.com/mactso/ExperienceBugFix/raw/main/update.json
[14Aug2026 19:53:25.038] [Forge Version Check/INFO] [net.minecraftforge.fml.VersionChecker/]: [experiencebugfix] Found status: BETA Current: 46.2.2 Target: 46.2.2
[14Aug2026 19:53:25.038] [Forge Version Check/INFO] [net.minecraftforge.fml.VersionChecker/]: [mcwbridges] Starting version check at https://raw.githubusercontent.com/sketchmacaw/macawsmods/master/bridges.json
[14Aug2026 19:53:25.052] [Forge Version Check/INFO] [net.minecraftforge.fml.VersionChecker/]: [mcwbridges] Found status: AHEAD Current: 3.1.2 Target: null
[14Aug2026 19:53:25.052] [Forge Version Check/INFO] [net.minecraftforge.fml.VersionChecker/]: [dungeons_enhanced] Starting version check at https://raw.githubusercontent.com/Ametrin-Studios/DungeonsEnhanced/refs/heads/master/update.json
[14Aug2026 19:53:25.140] [Forge Version Check/WARN] [net.minecraftforge.fml.VersionChecker/]: Failed to process update information
com.google.gson.JsonSyntaxException: java.lang.IllegalStateException: Expected BEGIN_OBJECT but was NUMBER at line 1 column 4 path $
	at com.google.gson.Gson.fromJson(Gson.java:1226) ~[gson-2.10.jar%2372!/:?]
	at com.google.gson.Gson.fromJson(Gson.java:1124) ~[gson-2.10.jar%2372!/:?]
	at com.google.gson.Gson.fromJson(Gson.java:1034) ~[gson-2.10.jar%2372!/:?]
	at com.google.gson.Gson.fromJson(Gson.java:969) ~[gson-2.10.jar%2372!/:?]
	at net.minecraftforge.fml.VersionChecker$1.process(VersionChecker.java:186) ~[fmlcore-1.20.1-47.4.22.jar%23764!/:?]
	at java.lang.Iterable.forEach(Iterable.java:75) ~[?:?]
	at net.minecraftforge.fml.VersionChecker$1.run(VersionChecker.java:117) ~[fmlcore-1.20.1-47.4.22.jar%23764!/:?]
Caused by: java.lang.IllegalStateException: Expected BEGIN_OBJECT but was NUMBER at line 1 column 4 path $
	at com.google.gson.stream.JsonReader.beginObject(JsonReader.java:393) ~[gson-2.10.jar%2372!/:?]
	at com.google.gson.internal.bind.MapTypeAdapterFactory$Adapter.read(MapTypeAdapterFactory.java:182) ~[gson-2.10.jar%2372!/:?]
	at com.google.gson.internal.bind.MapTypeAdapterFactory$Adapter.read(MapTypeAdapterFactory.java:144) ~[gson-2.10.jar%2372!/:?]
	at com.google.gson.Gson.fromJson(Gson.java:1214) ~[gson-2.10.jar%2372!/:?]
	... 6 more
[14Aug2026 19:53:25.141] [Forge Version Check/INFO] [net.minecraftforge.fml.VersionChecker/]: [immersivemc] Starting version check at https://api.modrinth.com/updates/immersivemc/forge_updates.json
[14Aug2026 19:53:25.244] [Forge Version Check/INFO] [net.minecraftforge.fml.VersionChecker/]: [immersivemc] Found status: UP_TO_DATE Current: 1.5.8 Target: null
[14Aug2026 19:53:25.244] [Forge Version Check/INFO] [net.minecraftforge.fml.VersionChecker/]: [smallships] Starting version check at https://raw.githubusercontent.com/talhanation/smallships/main/update.json
[14Aug2026 19:53:25.255] [Forge Version Check/INFO] [net.minecraftforge.fml.VersionChecker/]: [smallships] Found status: UP_TO_DATE Current: 2.0.0-b1.4 Target: null
[14Aug2026 19:53:25.256] [Forge Version Check/INFO] [net.minecraftforge.fml.VersionChecker/]: [easymagic] Starting version check at https://raw.githubusercontent.com/Fuzss/modresources/main/update/easymagic.json
[14Aug2026 19:53:25.267] [Forge Version Check/INFO] [net.minecraftforge.fml.VersionChecker/]: [easymagic] Found status: UP_TO_DATE Current: 8.0.1 Target: null
[14Aug2026 19:53:25.267] [Forge Version Check/INFO] [net.minecraftforge.fml.VersionChecker/]: [clumps] Starting version check at https://updates.blamejared.com/get?n=clumps&gv=1.20.1
[14Aug2026 19:53:25.346] [main/INFO] [insane96mcp.insanelib.InsaneLib/]: Reloading InsaneLib JsonFeature Json
[14Aug2026 19:53:25.432] [main/WARN] [net.minecraft.core.MappedRegistry/]: Not all defined tags for registry ResourceKey[minecraft:root / minecraft:worldgen/biome] are present in data pack: dungeons_enhanced:has_structure/has_dungeons_enhanced_structures
[14Aug2026 19:53:25.435] [Forge Version Check/INFO] [net.minecraftforge.fml.VersionChecker/]: [clumps] Found status: BETA Current: 12.0.0.4 Target: 12.0.0.4
[14Aug2026 19:53:25.435] [Forge Version Check/INFO] [net.minecraftforge.fml.VersionChecker/]: [aggroindicator] Starting version check at https://github.com/Raverbury/AggroIndicator/raw/master/update.json
[14Aug2026 19:53:25.500] [main/INFO] [Moonlight/]: Applied 16 data villager trades
[14Aug2026 19:53:25.598] [main/INFO] [Supplementaries/]: Finished additional setup in 0 ms
[14Aug2026 19:53:25.626] [Forge Version Check/INFO] [net.minecraftforge.fml.VersionChecker/]: [aggroindicator] Found status: BETA Current: 1.1.5+forge1.20.1 Target: 1.1.5+forge1.20.1
[14Aug2026 19:53:25.626] [Forge Version Check/INFO] [net.minecraftforge.fml.VersionChecker/]: [vivecraft] Starting version check at https://raw.githubusercontent.com/Vivecraft/VivecraftMod/forge-versions/forge_updates.json
[14Aug2026 19:53:25.645] [Forge Version Check/INFO] [net.minecraftforge.fml.VersionChecker/]: [vivecraft] Found status: UP_TO_DATE Current: 1.20.1-1.3.15 Target: null
[14Aug2026 19:53:25.645] [Forge Version Check/INFO] [net.minecraftforge.fml.VersionChecker/]: [smoothboot] Starting version check at https://github.com/AbdElAziz333/SmoothBoot-Reloaded/raw/mc1.20.1/dev/updates.json
[14Aug2026 19:53:25.691] [main/INFO] [io.github.lightman314.lightmanscurrency.LightmansCurrency/]: Added custom Lightman's Currency village structures to their respective pools
[14Aug2026 19:53:25.930] [Forge Version Check/WARN] [net.minecraftforge.fml.VersionChecker/]: Failed to process update information
com.google.gson.JsonSyntaxException: java.lang.IllegalStateException: Expected BEGIN_OBJECT but was STRING at line 9 column 1 path $
	at com.google.gson.Gson.fromJson(Gson.java:1226) ~[gson-2.10.jar%2372!/:?]
	at com.google.gson.Gson.fromJson(Gson.java:1124) ~[gson-2.10.jar%2372!/:?]
	at com.google.gson.Gson.fromJson(Gson.java:1034) ~[gson-2.10.jar%2372!/:?]
	at com.google.gson.Gson.fromJson(Gson.java:969) ~[gson-2.10.jar%2372!/:?]
	at net.minecraftforge.fml.VersionChecker$1.process(VersionChecker.java:186) ~[fmlcore-1.20.1-47.4.22.jar%23764!/:?]
	at java.lang.Iterable.forEach(Iterable.java:75) ~[?:?]
	at net.minecraftforge.fml.VersionChecker$1.run(VersionChecker.java:117) ~[fmlcore-1.20.1-47.4.22.jar%23764!/:?]
Caused by: java.lang.IllegalStateException: Expected BEGIN_OBJECT but was STRING at line 9 column 1 path $
	at com.google.gson.stream.JsonReader.beginObject(JsonReader.java:393) ~[gson-2.10.jar%2372!/:?]
	at com.google.gson.internal.bind.MapTypeAdapterFactory$Adapter.read(MapTypeAdapterFactory.java:182) ~[gson-2.10.jar%2372!/:?]
	at com.google.gson.internal.bind.MapTypeAdapterFactory$Adapter.read(MapTypeAdapterFactory.java:144) ~[gson-2.10.jar%2372!/:?]
	at com.google.gson.Gson.fromJson(Gson.java:1214) ~[gson-2.10.jar%2372!/:?]
	... 6 more
[14Aug2026 19:53:25.932] [Forge Version Check/INFO] [net.minecraftforge.fml.VersionChecker/]: [iceberg] Starting version check at https://mc-update-check.anthonyhilyard.com/520110
[14Aug2026 19:53:26.259] [main/WARN] [Universal Enchants/]: Failed to deserialize minecraft:mending enchantment config entry naturesaura:aura_mending: com.google.gson.JsonSyntaxException: No enchantment with name naturesaura:aura_mending found
[14Aug2026 19:53:26.362] [main/WARN] [ModernFix/]: Initial datapack load took 15.38 s
[14Aug2026 19:53:26.597] [Server thread/INFO] [net.minecraft.server.dedicated.DedicatedServer/]: Starting minecraft server version 1.20.1
[14Aug2026 19:53:26.598] [Server thread/INFO] [net.minecraft.server.dedicated.DedicatedServer/]: Loading properties
[14Aug2026 19:53:26.598] [Server thread/INFO] [net.minecraft.server.dedicated.DedicatedServer/]: Default game type: SURVIVAL
[14Aug2026 19:53:26.598] [Server thread/INFO] [net.minecraft.server.MinecraftServer/]: Generating keypair
[14Aug2026 19:53:26.807] [Server thread/INFO] [net.minecraft.server.dedicated.DedicatedServer/]: Starting Minecraft server on *:25565
[14Aug2026 19:53:26.837] [Server thread/INFO] [net.minecraft.server.network.ServerConnectionListener/]: Using epoll channel type
[14Aug2026 19:53:26.902] [Server thread/WARN] [net.minecraft.server.dedicated.DedicatedServer/]: **** SERVER IS RUNNING IN OFFLINE/INSECURE MODE!
[14Aug2026 19:53:26.902] [Server thread/WARN] [net.minecraft.server.dedicated.DedicatedServer/]: The server will make no attempt to authenticate usernames. Beware.
[14Aug2026 19:53:26.902] [Server thread/WARN] [net.minecraft.server.dedicated.DedicatedServer/]: While this makes the game possible to play without internet access, it also opens up the ability for hackers to connect with any username they choose.
[14Aug2026 19:53:26.902] [Server thread/WARN] [net.minecraft.server.dedicated.DedicatedServer/]: To change this, set "online-mode" to "true" in the server.properties file.
[14Aug2026 19:53:26.916] [Server thread/INFO] [Puzzles Lib/]: Loading server config for pickupnotifier
[14Aug2026 19:53:26.930] [Server thread/INFO] [Puzzles Lib/]: Loading server config for mutantmonsters
[14Aug2026 19:53:26.937] [Server thread/WARN] [net.minecraftforge.common.ForgeConfigSpec/CORE]: Configuration file ./world/serverconfig/mine_and_slash-server.toml is not correct. Correcting
[14Aug2026 19:53:26.938] [Server thread/WARN] [net.minecraftforge.common.ForgeConfigSpec/CORE]: Incorrect key general.ENTITY_SUMMON_BLACKLIST was corrected from [minecraft:allay, minecraft:armor_stand] to its default, [minecraft:allay, minecraft:armor_stand]. 
[14Aug2026 19:53:26.944] [Server thread/INFO] [Puzzles Lib/]: Loading server config for illagerinvasion
[14Aug2026 19:53:26.958] [Server thread/INFO] [quickstack/]: [quickstack]: Configuration changed.
[14Aug2026 19:53:26.961] [Server thread/INFO] [Puzzles Lib/]: Loading server config for easymagic
[14Aug2026 19:53:26.966] [Server thread/INFO] [Puzzles Lib/]: Loading server config for universalenchants
[14Aug2026 19:53:26.967] [Server thread/INFO] [Puzzles Lib/]: Loading server config for bettertridents
[14Aug2026 19:53:27.569] [Server thread/INFO] [FTB Teams/]: loaded team data: 5 known players, 7 teams total
[14Aug2026 19:53:27.785] [Server thread/INFO] [Exile Log: com.robertx22.library_of_exile.dimension.WipeDimensionFeature/]: Wiping dimension folder: /workspaces/servidor1/servidor_minecraft/world/dimensions/ancient_obelisks/obelisk - If this is a ancient_obelisks:obelisk dimension folder, then the feature is working correctly. Report if it tries deleting something else though!
[14Aug2026 19:53:27.786] [Server thread/INFO] [Exile Log: com.robertx22.library_of_exile.dimension.WipeDimensionFeature/]: These dimensions are meant to be wiped on server boot to remain infinite.
[14Aug2026 19:53:28.102] [Server thread/INFO] [Exile Log: com.robertx22.library_of_exile.dimension.WipeDimensionFeature/]: Wiping dimension folder: /workspaces/servidor1/servidor_minecraft/world/dimensions/dungeon_realm/dungeon - If this is a dungeon_realm:dungeon dimension folder, then the feature is working correctly. Report if it tries deleting something else though!
[14Aug2026 19:53:28.102] [Server thread/INFO] [Exile Log: com.robertx22.library_of_exile.dimension.WipeDimensionFeature/]: These dimensions are meant to be wiped on server boot to remain infinite.
[14Aug2026 19:53:28.264] [Server thread/INFO] [Exile Log: com.robertx22.library_of_exile.dimension.WipeDimensionFeature/]: Wiping dimension folder: /workspaces/servidor1/servidor_minecraft/world/dimensions/the_harvest/harvest - If this is a the_harvest:harvest dimension folder, then the feature is working correctly. Report if it tries deleting something else though!
[14Aug2026 19:53:28.264] [Server thread/INFO] [Exile Log: com.robertx22.library_of_exile.dimension.WipeDimensionFeature/]: These dimensions are meant to be wiped on server boot to remain infinite.
[14Aug2026 19:53:28.278] [Server thread/INFO] [io.github.lightman314.lightmanscurrency.LightmansCurrency/]: Replacing Emeralds for villager type 'minecraft:none'.
[14Aug2026 19:53:28.279] [Server thread/INFO] [io.github.lightman314.lightmanscurrency.LightmansCurrency/]: Replacing Emeralds for villager type 'minecraft:armorer'.
[14Aug2026 19:53:28.280] [Server thread/INFO] [io.github.lightman314.lightmanscurrency.LightmansCurrency/]: Replacing Emeralds for villager type 'minecraft:butcher'.
[14Aug2026 19:53:28.282] [Server thread/INFO] [io.github.lightman314.lightmanscurrency.LightmansCurrency/]: Replacing Emeralds for villager type 'minecraft:cartographer'.
[14Aug2026 19:53:28.282] [Server thread/INFO] [io.github.lightman314.lightmanscurrency.LightmansCurrency/]: Replacing Emeralds for villager type 'minecraft:cleric'.
[14Aug2026 19:53:28.282] [Server thread/INFO] [io.github.lightman314.lightmanscurrency.LightmansCurrency/]: Replacing Emeralds for villager type 'minecraft:farmer'.
[14Aug2026 19:53:28.283] [Server thread/INFO] [io.github.lightman314.lightmanscurrency.LightmansCurrency/]: Replacing Emeralds for villager type 'minecraft:fisherman'.
[14Aug2026 19:53:28.284] [Server thread/INFO] [io.github.lightman314.lightmanscurrency.LightmansCurrency/]: Replacing Emeralds for villager type 'minecraft:fletcher'.
[14Aug2026 19:53:28.284] [Server thread/INFO] [io.github.lightman314.lightmanscurrency.LightmansCurrency/]: Replacing Emeralds for villager type 'minecraft:leatherworker'.
[14Aug2026 19:53:28.284] [Server thread/INFO] [io.github.lightman314.lightmanscurrency.LightmansCurrency/]: Replacing Emeralds for villager type 'minecraft:librarian'.
[14Aug2026 19:53:28.285] [Server thread/INFO] [io.github.lightman314.lightmanscurrency.LightmansCurrency/]: Replacing Emeralds for villager type 'minecraft:mason'.
[14Aug2026 19:53:28.285] [Server thread/INFO] [io.github.lightman314.lightmanscurrency.LightmansCurrency/]: Replacing Emeralds for villager type 'minecraft:nitwit'.
[14Aug2026 19:53:28.285] [Server thread/INFO] [io.github.lightman314.lightmanscurrency.LightmansCurrency/]: Replacing Emeralds for villager type 'minecraft:shepherd'.
[14Aug2026 19:53:28.286] [Server thread/INFO] [io.github.lightman314.lightmanscurrency.LightmansCurrency/]: Replacing Emeralds for villager type 'minecraft:toolsmith'.
[14Aug2026 19:53:28.286] [Server thread/INFO] [io.github.lightman314.lightmanscurrency.LightmansCurrency/]: Replacing Emeralds for villager type 'minecraft:weaponsmith'.
[14Aug2026 19:53:28.287] [Server thread/INFO] [io.github.lightman314.lightmanscurrency.LightmansCurrency/]: Replacing Emeralds for villager type 'mimi:instrumentalist'.
[14Aug2026 19:53:28.288] [Server thread/INFO] [io.github.lightman314.lightmanscurrency.LightmansCurrency/]: Registering banker trades.
[14Aug2026 19:53:28.290] [Server thread/INFO] [io.github.lightman314.lightmanscurrency.LightmansCurrency/]: Registering cashier trades.
[14Aug2026 19:53:28.293] [Server thread/INFO] [io.github.lightman314.lightmanscurrency.LightmansCurrency/]: Replacing Emeralds for villager type 'blue_skies:stargazer'.
[14Aug2026 19:53:28.294] [Server thread/INFO] [io.github.lightman314.lightmanscurrency.LightmansCurrency/]: Replacing Emeralds for villager type 'blue_skies:wrangler'.
[14Aug2026 19:53:28.294] [Server thread/INFO] [io.github.lightman314.lightmanscurrency.LightmansCurrency/]: Replacing Emeralds for villager type 'blue_skies:shoveler'.
[14Aug2026 19:53:28.294] [Server thread/INFO] [io.github.lightman314.lightmanscurrency.LightmansCurrency/]: Replacing Emeralds for villager type 'blue_skies:nightwatcher'.
[14Aug2026 19:53:28.295] [Server thread/INFO] [io.github.lightman314.lightmanscurrency.LightmansCurrency/]: Replacing Emeralds for villager type 'blue_skies:summoner'.
[14Aug2026 19:53:28.295] [Server thread/INFO] [io.github.lightman314.lightmanscurrency.LightmansCurrency/]: Replacing Emeralds for villager type 'blue_skies:alchemist'.
[14Aug2026 19:53:28.296] [Server thread/INFO] [io.github.lightman314.lightmanscurrency.LightmansCurrency/]: Replacing Emeralds for villager type 'mca:outlaw'.
[14Aug2026 19:53:28.296] [Server thread/INFO] [io.github.lightman314.lightmanscurrency.LightmansCurrency/]: Replacing Emeralds for villager type 'mca:guard'.
[14Aug2026 19:53:28.296] [Server thread/INFO] [io.github.lightman314.lightmanscurrency.LightmansCurrency/]: Replacing Emeralds for villager type 'mca:archer'.
[14Aug2026 19:53:28.298] [Server thread/INFO] [io.github.lightman314.lightmanscurrency.LightmansCurrency/]: Replacing Emeralds for villager type 'mca:adventurer'.
[14Aug2026 19:53:28.298] [Server thread/INFO] [io.github.lightman314.lightmanscurrency.LightmansCurrency/]: Replacing Emeralds for villager type 'mca:mercenary'.
[14Aug2026 19:53:28.298] [Server thread/INFO] [io.github.lightman314.lightmanscurrency.LightmansCurrency/]: Replacing Emeralds for villager type 'mca:cultist'.
[14Aug2026 19:53:28.300] [Server thread/INFO] [io.github.lightman314.lightmanscurrency.LightmansCurrency/]: Replacing Emeralds for villager type 'friendsandfoes:beekeeper'.
[14Aug2026 19:53:28.301] [Server thread/INFO] [io.github.lightman314.lightmanscurrency.LightmansCurrency/]: Replacing Emeralds for villager type 'betterarcheology:archeologist'.
[14Aug2026 19:53:28.302] [Server thread/INFO] [io.github.lightman314.lightmanscurrency.LightmansCurrency/]: Replacing Emeralds for villager type 'biomeswevegone:forager'.
[14Aug2026 19:53:28.322] [Server thread/INFO] [Framework/]: Loading server configs...
[14Aug2026 19:53:28.366] [Server thread/INFO] [io.github.lightman314.lightmanscurrency.LightmansCurrency/]: Reloading Money Data
[14Aug2026 19:53:28.394] [Server thread/INFO] [terrablender/]: Initialized TerraBlender biomes for level stem minecraft:the_nether
[14Aug2026 19:53:28.847] [Server thread/INFO] [terrablender/]: Initialized TerraBlender biomes for level stem minecraft:overworld
[14Aug2026 19:53:28.848] [Server thread/INFO] [net.minecraft.server.dedicated.DedicatedServer/]: Preparing level "world"
[14Aug2026 19:53:28.965] [Netty Epoll Server IO #1/WARN] [mixin/]: @ModifyConstant conflict. Skipping packetfixer.v1_19_4.forge.mixins.json:v1_19_4_forge.PacketEncoderMixin->@ModifyConstant::packetfixer$newSize(I)I with priority 1000, already redirected by connectivity.mixins.json:PacketEncoderMixin->@ModifyConstant::modifyLimit(ILio/netty/channel/ChannelHandlerContext;Lnet/minecraft/network/protocol/Packet;Lio/netty/buffer/ByteBuf;)I with priority 1000
[14Aug2026 19:53:29.136] [Netty Epoll Server IO #1/INFO] [mixin/]: Mixing server.MixinServerboundChatCommandPacket from mixins/common/nochatreports.mixins.json into net.minecraft.network.protocol.game.ServerboundChatCommandPacket
[14Aug2026 19:53:29.139] [Netty Epoll Server IO #1/INFO] [mixin/]: Mixing server.MixinServerboundChatPacket from mixins/common/nochatreports.mixins.json into net.minecraft.network.protocol.game.ServerboundChatPacket
[14Aug2026 19:53:29.141] [Netty Epoll Server IO #1/INFO] [mixin/]: Mixing server.MixinServerboundChatSessionUpdatePacket from mixins/common/nochatreports.mixins.json into net.minecraft.network.protocol.game.ServerboundChatSessionUpdatePacket
[14Aug2026 19:53:29.235] [Netty Epoll Server IO #1/INFO] [net.minecraftforge.server.ServerLifecycleHooks/SERVERHOOKS]: Disconnecting Player (server is still starting): literal{Server is still starting! Please wait before reconnecting.}
[14Aug2026 19:53:29.803] [Server thread/INFO] [GlobalGameRules/]: Applying config gamerules to level world
[14Aug2026 19:53:29.804] [Server thread/INFO] [GlobalGameRules/]: Applying config modded gamerules to level world
[14Aug2026 19:53:29.817] [Server thread/INFO] [incontrol/]: Reading rules from areas.json
[14Aug2026 19:53:29.825] [Server thread/INFO] [incontrol/]: Reading rules from spawn.json
[14Aug2026 19:53:29.869] [Server thread/INFO] [incontrol/]: Reading rules from summonaid.json
[14Aug2026 19:53:29.871] [Server thread/INFO] [incontrol/]: Reading rules from loot.json
[14Aug2026 19:53:29.873] [Server thread/INFO] [incontrol/]: Reading rules from experience.json
[14Aug2026 19:53:29.874] [Server thread/INFO] [incontrol/]: Reading rules from phases.json
[14Aug2026 19:53:29.876] [Server thread/INFO] [incontrol/]: Reading rules from effects.json
[14Aug2026 19:53:29.877] [Server thread/INFO] [incontrol/]: Reading rules from breakevents.json
[14Aug2026 19:53:29.879] [Server thread/INFO] [incontrol/]: Reading rules from placeevents.json
[14Aug2026 19:53:29.880] [Server thread/INFO] [incontrol/]: Reading rules from rightclicks.json
[14Aug2026 19:53:29.882] [Server thread/INFO] [incontrol/]: Reading rules from leftclicks.json
[14Aug2026 19:53:29.886] [Server thread/INFO] [incontrol/]: Reading rules from spawner.json
[14Aug2026 19:53:29.899] [Server thread/INFO] [incontrol/]: Reading rules from events.json
[14Aug2026 19:53:29.978] [Server thread/WARN] [com.structureessentials.StructureEssentials/]: Non-unique structure_set salt:0 potentially creating overlapping structures detected. Structure sets: [twilightforest:dark_tower, minecraft:mineshafts, twilightforest:final_castle, twilightforest:large_hollow_hill, twilightforest:mushroom_tower, twilightforest:hedge_maze, minecraft:buried_treasures, twilightforest:aurora_palace, twilightforest:lich_tower, twilightforest:naga_courtyard, twilightforest:labyrinth, twilightforest:yeti_cave, twilightforest:quest_grove, twilightforest:small_hollow_hill, minecraft:stronghold, minecraft:strongholds, twilightforest:troll_cave, twilightforest:medium_hollow_hill, twilightforest:knight_stronghold, twilightforest:hydra_lair]
[14Aug2026 19:53:29.979] [Server thread/WARN] [com.structureessentials.StructureEssentials/]: Non-unique structure_set salt:2358902 potentially creating overlapping structures detected. Structure sets: [terralith:mage, terralith:regular]
[14Aug2026 19:53:29.979] [Server thread/WARN] [com.structureessentials.StructureEssentials/]: Non-unique structure_set salt:100922847 potentially creating overlapping structures detected. Structure sets: [mns:medium_house, mns:medium_house_2]
[14Aug2026 19:53:29.979] [Server thread/WARN] [com.structureessentials.StructureEssentials/]: Non-unique structure_set salt:10387313 potentially creating overlapping structures detected. Structure sets: [minecraft:ocean_monuments, minecraft:end_cities]
[14Aug2026 19:53:29.979] [Server thread/WARN] [com.structureessentials.StructureEssentials/]: Non-unique structure_set salt:784827271 potentially creating overlapping structures detected. Structure sets: [betterfortresses:fortress, betteroceanmonuments:ocean_monument]
[14Aug2026 19:53:29.979] [Server thread/WARN] [com.structureessentials.StructureEssentials/]: Non-unique structure_set salt:420699602 potentially creating overlapping structures detected. Structure sets: [structory_towers:ultra_rare_towers, structory_towers:end_towers, structory_towers:towers]
[14Aug2026 19:53:29.980] [Server thread/WARN] [com.structureessentials.StructureEssentials/]: Non-unique structure_set salt:499672 potentially creating overlapping structures detected. Structure sets: [bosses_of_mass_destruction:obsidilith_arena, bosses_of_mass_destruction:gauntlet_arena]
[14Aug2026 19:53:29.980] [Server thread/WARN] [com.structureessentials.StructureEssentials/]: Non-unique structure_set salt:88371663 potentially creating overlapping structures detected. Structure sets: [dungeons_arise:minor_structures, dungeons_arise:major_structures]
[14Aug2026 19:53:29.981] [Server thread/INFO] [net.minecraft.server.MinecraftServer/]: Preparing start region for dimension minecraft:overworld
[14Aug2026 19:53:29.986] [Server thread/WARN] [mixin/]: Method overwrite conflict for removeIf in lithium.mixins.json:world.chunk_tickets.SortedArraySetMixin, previously written by org.embeddedt.modernfix.common.mixin.bugfix.paper_chunk_patches.SortedArraySetMixin. Skipping method.
[14Aug2026 19:53:29.989] [Server thread/INFO] [KubeJS Server/]: Server resource reload complete!
[14Aug2026 19:53:30.414] [Netty Epoll Server IO #2/INFO] [net.minecraftforge.server.ServerLifecycleHooks/SERVERHOOKS]: Disconnecting Player (server is still starting): literal{Server is still starting! Please wait before reconnecting.}
[14Aug2026 19:53:33.236] [Server thread/INFO] [net.minecraft.server.level.progress.LoggerChunkProgressListener/]: Time elapsed: 1727497 ms
[14Aug2026 19:53:33.237] [Server thread/INFO] [net.minecraft.server.dedicated.DedicatedServer/]: Done (6.323s)! For help, type "help"
[14Aug2026 19:53:33.393] [Server thread/INFO] [net.minecraftforge.server.permission.PermissionAPI/]: Successfully initialized permission handler forge:default_handler
[14Aug2026 19:53:33.394] [Server thread/INFO] [dev.qther.nanny.NaNny/]: Scouting a NaNny...
[14Aug2026 19:53:33.394] [Server thread/INFO] [tn.naizo.jauml.JaumlCore/]: HELLO from server starting
[14Aug2026 19:53:33.394] [Server thread/INFO] [net.poe.entitylootdrops.EntityLootDrops/]: Server starting - reloading configurations...
[14Aug2026 19:53:33.394] [Server thread/INFO] [net.poe.entitylootdrops.lootdrops.config.LootConfigLoader/]: Starting loot configuration loading...
[14Aug2026 19:53:33.394] [Server thread/INFO] [net.poe.entitylootdrops.lootdrops.config.LootConfigLoader/]: Creating configuration directories...
[14Aug2026 19:53:33.395] [Server thread/INFO] [net.poe.entitylootdrops.lootdrops.config.LootConfigLoader/]: Configuration directories created successfully
[14Aug2026 19:53:33.395] [Server thread/INFO] [net.poe.entitylootdrops.lootdrops.config.LootConfigLoader/]: Checking and creating example files...
[14Aug2026 19:53:33.395] [Server thread/INFO] [net.poe.entitylootdrops.lootdrops.config.EventConfig/]: Loaded event configuration from: config/EntityLootDrops/EventConfig.json
[14Aug2026 19:53:33.396] [Server thread/INFO] [net.poe.entitylootdrops.lootdrops.config.LootConfigLoader/]: EventConfig loaded successfully
[14Aug2026 19:53:33.396] [Server thread/INFO] [net.poe.entitylootdrops.lootdrops.config.LootConfigLoader/]: Active_Events.json created/verified
[14Aug2026 19:53:33.396] [Server thread/INFO] [net.poe.entitylootdrops.lootdrops.events.LootEventManager/]: Loading active events state from: config/EntityLootDrops/Active_Events.json
[14Aug2026 19:53:33.396] [Server thread/INFO] [net.poe.entitylootdrops.lootdrops.events.LootEventManager/]: Restored 0 active events from state file
[14Aug2026 19:53:33.396] [Server thread/INFO] [net.poe.entitylootdrops.lootdrops.events.LootEventManager/]: Restored drop chance event state: false
[14Aug2026 19:53:33.396] [Server thread/INFO] [net.poe.entitylootdrops.lootdrops.events.LootEventManager/]: Restored double drops event state: false
[14Aug2026 19:53:33.397] [Server thread/INFO] [net.poe.entitylootdrops.lootdrops.events.LootEventHandler/]: Debug logging disabled for EntityLootDrops
[14Aug2026 19:53:33.397] [Server thread/INFO] [net.poe.entitylootdrops.lootdrops.events.LootEventManager/]: Restored debug logging state: false
[14Aug2026 19:53:33.397] [Server thread/INFO] [net.poe.entitylootdrops.lootdrops.config.LootConfigLoader/]: Active events loaded from Active_Events.json
[14Aug2026 19:53:33.397] [Server thread/INFO] [net.poe.entitylootdrops.lootdrops.config.LootConfigLoader/]: Loading normal drops from: config/EntityLootDrops/Loot Drops/Normal Drops
[14Aug2026 19:53:33.399] [Server thread/INFO] [net.poe.entitylootdrops.lootdrops.config.LootConfigLoader/]: Loaded 39 general drops for Normal Drops
[14Aug2026 19:53:33.399] [Server thread/INFO] [net.poe.entitylootdrops.lootdrops.config.LootConfigLoader/]: Looking for Mobs directories in: config/EntityLootDrops/Loot Drops/Normal Drops
[14Aug2026 19:53:33.400] [Server thread/INFO] [net.poe.entitylootdrops.lootdrops.config.LootConfigLoader/]: Found Mobs directory: config/EntityLootDrops/Loot Drops/Normal Drops/Mobs
[14Aug2026 19:53:33.400] [Server thread/INFO] [net.poe.entitylootdrops.lootdrops.config.LootConfigLoader/]: Processing entity drops file: config/EntityLootDrops/Loot Drops/Normal Drops/Mobs/aquamirae_anglerfish.json
[14Aug2026 19:53:33.400] [Server thread/INFO] [net.poe.entitylootdrops.lootdrops.config.LootConfigLoader/]: Loaded entity drop for aquamirae:anglerfish from file: config/EntityLootDrops/Loot Drops/Normal Drops/Mobs/aquamirae_anglerfish.json
[14Aug2026 19:53:33.400] [Server thread/INFO] [net.poe.entitylootdrops.lootdrops.config.LootConfigLoader/]: Processing entity drops file: config/EntityLootDrops/Loot Drops/Normal Drops/Mobs/Bosses/Shelterer_No_Armor.json
[14Aug2026 19:53:33.400] [Server thread/INFO] [net.poe.entitylootdrops.lootdrops.config.LootConfigLoader/]: Loaded entity drop for stalwart_dungeons:shelterer_without_armor from file: config/EntityLootDrops/Loot Drops/Normal Drops/Mobs/Bosses/Shelterer_No_Armor.json
[14Aug2026 19:53:33.401] [Server thread/INFO] [net.poe.entitylootdrops.lootdrops.config.LootConfigLoader/]: Processing entity drops file: config/EntityLootDrops/Loot Drops/Normal Drops/Mobs/Bosses/Abyssologer.json
[14Aug2026 19:53:33.401] [Server thread/INFO] [net.poe.entitylootdrops.lootdrops.config.LootConfigLoader/]: Loaded entity drop for monsterplus:abyssologer from file: config/EntityLootDrops/Loot Drops/Normal Drops/Mobs/Bosses/Abyssologer.json
[14Aug2026 19:53:33.401] [Server thread/INFO] [net.poe.entitylootdrops.lootdrops.config.LootConfigLoader/]: Processing entity drops file: config/EntityLootDrops/Loot Drops/Normal Drops/Mobs/Bosses/Nether_Keeper.json
[14Aug2026 19:53:33.401] [Server thread/INFO] [net.poe.entitylootdrops.lootdrops.config.LootConfigLoader/]: Loaded entity drop for stalwart_dungeons:nether_keeper from file: config/EntityLootDrops/Loot Drops/Normal Drops/Mobs/Bosses/Nether_Keeper.json
[14Aug2026 19:53:33.402] [Server thread/INFO] [net.poe.entitylootdrops.lootdrops.config.LootConfigLoader/]: Processing entity drops file: config/EntityLootDrops/Loot Drops/Normal Drops/Mobs/Bosses/Grim_Reaper.json
[14Aug2026 19:53:33.402] [Server thread/INFO] [net.poe.entitylootdrops.lootdrops.config.LootConfigLoader/]: Loaded entity drop for mca:grim_reaper from file: config/EntityLootDrops/Loot Drops/Normal Drops/Mobs/Bosses/Grim_Reaper.json
[14Aug2026 19:53:33.402] [Server thread/INFO] [net.poe.entitylootdrops.lootdrops.config.LootConfigLoader/]: Processing entity drops file: config/EntityLootDrops/Loot Drops/Normal Drops/Mobs/Bosses/Alchemist.json
[14Aug2026 19:53:33.402] [Server thread/INFO] [net.poe.entitylootdrops.lootdrops.config.LootConfigLoader/]: Loaded entity drop for blue_skies:alchemist from file: config/EntityLootDrops/Loot Drops/Normal Drops/Mobs/Bosses/Alchemist.json
[14Aug2026 19:53:33.402] [Server thread/INFO] [net.poe.entitylootdrops.lootdrops.config.LootConfigLoader/]: Loaded entity drop for blue_skies:alchemist from file: config/EntityLootDrops/Loot Drops/Normal Drops/Mobs/Bosses/Alchemist.json
[14Aug2026 19:53:33.403] [Server thread/INFO] [net.poe.entitylootdrops.lootdrops.config.LootConfigLoader/]: Loaded entity drop for blue_skies:alchemist from file: config/EntityLootDrops/Loot Drops/Normal Drops/Mobs/Bosses/Alchemist.json
[14Aug2026 19:53:33.403] [Server thread/INFO] [net.poe.entitylootdrops.lootdrops.config.LootConfigLoader/]: Processing entity drops file: config/EntityLootDrops/Loot Drops/Normal Drops/Mobs/Bosses/Wroughtnaut.json
[14Aug2026 19:53:33.403] [Server thread/INFO] [net.poe.entitylootdrops.lootdrops.config.LootConfigLoader/]: Loaded entity drop for mowziesmobs:ferrous_wroughtnaut from file: config/EntityLootDrops/Loot Drops/Normal Drops/Mobs/Bosses/Wroughtnaut.json
[14Aug2026 19:53:33.403] [Server thread/INFO] [net.poe.entitylootdrops.lootdrops.config.LootConfigLoader/]: Processing entity drops file: config/EntityLootDrops/Loot Drops/Normal Drops/Mobs/Bosses/Umvuthi.json
[14Aug2026 19:53:33.403] [Server thread/INFO] [net.poe.entitylootdrops.lootdrops.config.LootConfigLoader/]: Loaded entity drop for mowziesmobs:umvuthi from file: config/EntityLootDrops/Loot Drops/Normal Drops/Mobs/Bosses/Umvuthi.json
[14Aug2026 19:53:33.403] [Server thread/INFO] [net.poe.entitylootdrops.lootdrops.config.LootConfigLoader/]: Processing entity drops file: config/EntityLootDrops/Loot Drops/Normal Drops/Mobs/Bosses/Obsidilith.json
[14Aug2026 19:53:33.404] [Server thread/INFO] [net.poe.entitylootdrops.lootdrops.config.LootConfigLoader/]: Loaded entity drop for bosses_of_mass_destruction:obsidilith from file: config/EntityLootDrops/Loot Drops/Normal Drops/Mobs/Bosses/Obsidilith.json
[14Aug2026 19:53:33.404] [Server thread/INFO] [net.poe.entitylootdrops.lootdrops.config.LootConfigLoader/]: Processing entity drops file: config/EntityLootDrops/Loot Drops/Normal Drops/Mobs/Bosses/Mother_Lava_Squid.json
[14Aug2026 19:53:33.404] [Server thread/INFO] [net.poe.entitylootdrops.lootdrops.config.LootConfigLoader/]: Loaded entity drop for monsterplus:mother_lava_squid from file: config/EntityLootDrops/Loot Drops/Normal Drops/Mobs/Bosses/Mother_Lava_Squid.json
[14Aug2026 19:53:33.404] [Server thread/INFO] [net.poe.entitylootdrops.lootdrops.config.LootConfigLoader/]: Processing entity drops file: config/EntityLootDrops/Loot Drops/Normal Drops/Mobs/Bosses/Arachnarch.json
[14Aug2026 19:53:33.405] [Server thread/INFO] [net.poe.entitylootdrops.lootdrops.config.LootConfigLoader/]: Loaded entity drop for blue_skies:arachnarch from file: config/EntityLootDrops/Loot Drops/Normal Drops/Mobs/Bosses/Arachnarch.json
[14Aug2026 19:53:33.405] [Server thread/INFO] [net.poe.entitylootdrops.lootdrops.config.LootConfigLoader/]: Loaded entity drop for blue_skies:arachnarch from file: config/EntityLootDrops/Loot Drops/Normal Drops/Mobs/Bosses/Arachnarch.json
[14Aug2026 19:53:33.405] [Server thread/INFO] [net.poe.entitylootdrops.lootdrops.config.LootConfigLoader/]: Loaded entity drop for blue_skies:arachnarch from file: config/EntityLootDrops/Loot Drops/Normal Drops/Mobs/Bosses/Arachnarch.json
[14Aug2026 19:53:33.405] [Server thread/INFO] [net.poe.entitylootdrops.lootdrops.config.LootConfigLoader/]: Processing entity drops file: config/EntityLootDrops/Loot Drops/Normal Drops/Mobs/Bosses/Starlit_Crusher.json
[14Aug2026 19:53:33.405] [Server thread/INFO] [net.poe.entitylootdrops.lootdrops.config.LootConfigLoader/]: Loaded entity drop for blue_skies:starlit_crusher from file: config/EntityLootDrops/Loot Drops/Normal Drops/Mobs/Bosses/Starlit_Crusher.json
[14Aug2026 19:53:33.405] [Server thread/INFO] [net.poe.entitylootdrops.lootdrops.config.LootConfigLoader/]: Loaded entity drop for blue_skies:starlit_crusher from file: config/EntityLootDrops/Loot Drops/Normal Drops/Mobs/Bosses/Starlit_Crusher.json
[14Aug2026 19:53:33.405] [Server thread/INFO] [net.poe.entitylootdrops.lootdrops.config.LootConfigLoader/]: Loaded entity drop for blue_skies:starlit_crusher from file: config/EntityLootDrops/Loot Drops/Normal Drops/Mobs/Bosses/Starlit_Crusher.json
[14Aug2026 19:53:33.406] [Server thread/INFO] [net.poe.entitylootdrops.lootdrops.config.LootConfigLoader/]: Processing entity drops file: config/EntityLootDrops/Loot Drops/Normal Drops/Mobs/Bosses/WildFire.json
[14Aug2026 19:53:33.406] [Server thread/INFO] [net.poe.entitylootdrops.lootdrops.config.LootConfigLoader/]: Loaded entity drop for friendsandfoes:wildfire from file: config/EntityLootDrops/Loot Drops/Normal Drops/Mobs/Bosses/WildFire.json
[14Aug2026 19:53:33.406] [Server thread/INFO] [net.poe.entitylootdrops.lootdrops.config.LootConfigLoader/]: Processing entity drops file: config/EntityLootDrops/Loot Drops/Normal Drops/Mobs/Bosses/Captain_Cornelia.json
[14Aug2026 19:53:33.406] [Server thread/INFO] [net.poe.entitylootdrops.lootdrops.config.LootConfigLoader/]: Loaded entity drop for aquamirae:captain_cornelia from file: config/EntityLootDrops/Loot Drops/Normal Drops/Mobs/Bosses/Captain_Cornelia.json
[14Aug2026 19:53:33.407] [Server thread/INFO] [net.poe.entitylootdrops.lootdrops.config.LootConfigLoader/]: Processing entity drops file: config/EntityLootDrops/Loot Drops/Normal Drops/Mobs/Bosses/Warden.json
[14Aug2026 19:53:33.407] [Server thread/INFO] [net.poe.entitylootdrops.lootdrops.config.LootConfigLoader/]: Loaded entity drop for minecraft:warden from file: config/EntityLootDrops/Loot Drops/Normal Drops/Mobs/Bosses/Warden.json
[14Aug2026 19:53:33.407] [Server thread/INFO] [net.poe.entitylootdrops.lootdrops.config.LootConfigLoader/]: Processing entity drops file: config/EntityLootDrops/Loot Drops/Normal Drops/Mobs/Bosses/Sculptor.json
[14Aug2026 19:53:33.407] [Server thread/INFO] [net.poe.entitylootdrops.lootdrops.config.LootConfigLoader/]: Loaded entity drop for mowziesmobs:sculptor from file: config/EntityLootDrops/Loot Drops/Normal Drops/Mobs/Bosses/Sculptor.json
[14Aug2026 19:53:33.407] [Server thread/INFO] [net.poe.entitylootdrops.lootdrops.config.LootConfigLoader/]: Processing entity drops file: config/EntityLootDrops/Loot Drops/Normal Drops/Mobs/Bosses/Warped_Mosco.json
[14Aug2026 19:53:33.408] [Server thread/INFO] [net.poe.entitylootdrops.lootdrops.config.LootConfigLoader/]: Loaded entity drop for alexsmobs:warped_mosco from file: config/EntityLootDrops/Loot Drops/Normal Drops/Mobs/Bosses/Warped_Mosco.json
[14Aug2026 19:53:33.408] [Server thread/INFO] [net.poe.entitylootdrops.lootdrops.config.LootConfigLoader/]: Processing entity drops file: config/EntityLootDrops/Loot Drops/Normal Drops/Mobs/Bosses/Void_Blossom.json
[14Aug2026 19:53:33.408] [Server thread/INFO] [net.poe.entitylootdrops.lootdrops.config.LootConfigLoader/]: Loaded entity drop for bosses_of_mass_destruction:void_blossom from file: config/EntityLootDrops/Loot Drops/Normal Drops/Mobs/Bosses/Void_Blossom.json
[14Aug2026 19:53:33.408] [Server thread/INFO] [net.poe.entitylootdrops.lootdrops.config.LootConfigLoader/]: Processing entity drops file: config/EntityLootDrops/Loot Drops/Normal Drops/Mobs/Bosses/Shelterer.json
[14Aug2026 19:53:33.408] [Server thread/INFO] [net.poe.entitylootdrops.lootdrops.config.LootConfigLoader/]: Loaded entity drop for stalwart_dungeons:shelterer from file: config/EntityLootDrops/Loot Drops/Normal Drops/Mobs/Bosses/Shelterer.json
[14Aug2026 19:53:33.409] [Server thread/INFO] [net.poe.entitylootdrops.lootdrops.config.LootConfigLoader/]: Processing entity drops file: config/EntityLootDrops/Loot Drops/Normal Drops/Mobs/Bosses/Eel.json
[14Aug2026 19:53:33.409] [Server thread/INFO] [net.poe.entitylootdrops.lootdrops.config.LootConfigLoader/]: Loaded entity drop for aquamirae:eel from file: config/EntityLootDrops/Loot Drops/Normal Drops/Mobs/Bosses/Eel.json
[14Aug2026 19:53:33.409] [Server thread/INFO] [net.poe.entitylootdrops.lootdrops.config.LootConfigLoader/]: Processing entity drops file: config/EntityLootDrops/Loot Drops/Normal Drops/Mobs/Bosses/Forgotten_Guardian.json
[14Aug2026 19:53:33.409] [Server thread/INFO] [net.poe.entitylootdrops.lootdrops.config.LootConfigLoader/]: Loaded entity drop for undergarden:forgotten_guardian from file: config/EntityLootDrops/Loot Drops/Normal Drops/Mobs/Bosses/Forgotten_Guardian.json
[14Aug2026 19:53:33.409] [Server thread/INFO] [net.poe.entitylootdrops.lootdrops.config.LootConfigLoader/]: Processing entity drops file: config/EntityLootDrops/Loot Drops/Normal Drops/Mobs/Bosses/Wither.json
[14Aug2026 19:53:33.410] [Server thread/INFO] [net.poe.entitylootdrops.lootdrops.config.LootConfigLoader/]: Loaded entity drop for minecraft:wither from file: config/EntityLootDrops/Loot Drops/Normal Drops/Mobs/Bosses/Wither.json
[14Aug2026 19:53:33.410] [Server thread/INFO] [net.poe.entitylootdrops.lootdrops.config.LootConfigLoader/]: Processing entity drops file: config/EntityLootDrops/Loot Drops/Normal Drops/Mobs/Bosses/Ender_Dragon.json
[14Aug2026 19:53:33.410] [Server thread/INFO] [net.poe.entitylootdrops.lootdrops.config.LootConfigLoader/]: Loaded entity drop for minecraft:ender_dragon from file: config/EntityLootDrops/Loot Drops/Normal Drops/Mobs/Bosses/Ender_Dragon.json
[14Aug2026 19:53:33.410] [Server thread/INFO] [net.poe.entitylootdrops.lootdrops.config.LootConfigLoader/]: Processing entity drops file: config/EntityLootDrops/Loot Drops/Normal Drops/Mobs/Bosses/Summoner.json
[14Aug2026 19:53:33.410] [Server thread/INFO] [net.poe.entitylootdrops.lootdrops.config.LootConfigLoader/]: Loaded entity drop for blue_skies:summoner from file: config/EntityLootDrops/Loot Drops/Normal Drops/Mobs/Bosses/Summoner.json
[14Aug2026 19:53:33.411] [Server thread/INFO] [net.poe.entitylootdrops.lootdrops.config.LootConfigLoader/]: Loaded entity drop for blue_skies:summoner from file: config/EntityLootDrops/Loot Drops/Normal Drops/Mobs/Bosses/Summoner.json
[14Aug2026 19:53:33.411] [Server thread/INFO] [net.poe.entitylootdrops.lootdrops.config.LootConfigLoader/]: Loaded entity drop for blue_skies:summoner from file: config/EntityLootDrops/Loot Drops/Normal Drops/Mobs/Bosses/Summoner.json
[14Aug2026 19:53:33.411] [Server thread/INFO] [net.poe.entitylootdrops.lootdrops.config.LootConfigLoader/]: Processing entity drops file: config/EntityLootDrops/Loot Drops/Normal Drops/Mobs/Bosses/Frostmaw.json
[14Aug2026 19:53:33.411] [Server thread/INFO] [net.poe.entitylootdrops.lootdrops.config.LootConfigLoader/]: Loaded entity drop for mowziesmobs:frostmaw from file: config/EntityLootDrops/Loot Drops/Normal Drops/Mobs/Bosses/Frostmaw.json
[14Aug2026 19:53:33.411] [Server thread/INFO] [net.poe.entitylootdrops.lootdrops.config.LootConfigLoader/]: Processing entity drops file: config/EntityLootDrops/Loot Drops/Normal Drops/Mobs/Bosses/Invoker.json
[14Aug2026 19:53:33.412] [Server thread/INFO] [net.poe.entitylootdrops.lootdrops.config.LootConfigLoader/]: Loaded entity drop for illagerinvasion:invoker from file: config/EntityLootDrops/Loot Drops/Normal Drops/Mobs/Bosses/Invoker.json
[14Aug2026 19:53:33.412] [Server thread/INFO] [net.poe.entitylootdrops.lootdrops.config.LootConfigLoader/]: Processing entity drops file: config/EntityLootDrops/Loot Drops/Normal Drops/Mobs/Bosses/Lich.json
[14Aug2026 19:53:33.412] [Server thread/INFO] [net.poe.entitylootdrops.lootdrops.config.LootConfigLoader/]: Loaded entity drop for twilightforest:lich from file: config/EntityLootDrops/Loot Drops/Normal Drops/Mobs/Bosses/Lich.json
[14Aug2026 19:53:33.412] [Server thread/INFO] [net.poe.entitylootdrops.lootdrops.config.LootConfigLoader/]: Processing entity drops file: config/EntityLootDrops/Loot Drops/Normal Drops/Mobs/Bosses/Nether_Gauntlet.json
[14Aug2026 19:53:33.413] [Server thread/INFO] [net.poe.entitylootdrops.lootdrops.config.LootConfigLoader/]: Loaded entity drop for bosses_of_mass_destruction:gauntlet from file: config/EntityLootDrops/Loot Drops/Normal Drops/Mobs/Bosses/Nether_Gauntlet.json
[14Aug2026 19:53:33.413] [Server thread/INFO] [net.poe.entitylootdrops.lootdrops.config.LootConfigLoader/]: Processing entity drops file: config/EntityLootDrops/Loot Drops/Normal Drops/Mobs/Bosses/Maze_Mother.json
[14Aug2026 19:53:33.413] [Server thread/INFO] [net.poe.entitylootdrops.lootdrops.config.LootConfigLoader/]: Loaded entity drop for aquamirae:maze_mother from file: config/EntityLootDrops/Loot Drops/Normal Drops/Mobs/Bosses/Maze_Mother.json
[14Aug2026 19:53:33.413] [Server thread/INFO] [net.poe.entitylootdrops.lootdrops.config.LootConfigLoader/]: Processing entity drops file: config/EntityLootDrops/Loot Drops/Normal Drops/Mobs/Bosses/Awful_Ghast.json
[14Aug2026 19:53:33.413] [Server thread/INFO] [net.poe.entitylootdrops.lootdrops.config.LootConfigLoader/]: Loaded entity drop for stalwart_dungeons:awful_ghast from file: config/EntityLootDrops/Loot Drops/Normal Drops/Mobs/Bosses/Awful_Ghast.json
[14Aug2026 19:53:33.414] [Server thread/INFO] [net.poe.entitylootdrops.lootdrops.config.LootConfigLoader/]: Processing entity drops file: config/EntityLootDrops/Loot Drops/Normal Drops/Mobs/Bosses/Void_Worm.json
[14Aug2026 19:53:33.414] [Server thread/INFO] [net.poe.entitylootdrops.lootdrops.config.LootConfigLoader/]: Loaded entity drop for alexsmobs:void_worm from file: config/EntityLootDrops/Loot Drops/Normal Drops/Mobs/Bosses/Void_Worm.json
[14Aug2026 19:53:33.414] [Server thread/INFO] [net.poe.entitylootdrops.lootdrops.config.LootConfigLoader/]: Total entity drops loaded: 39
[14Aug2026 19:53:33.415] [Server thread/INFO] [net.poe.entitylootdrops.lootdrops.config.LootConfigLoader/]: Loaded 39 entity drops for Normal Drops
[14Aug2026 19:53:33.415] [Server thread/INFO] [net.poe.entitylootdrops.lootdrops.config.LootConfigLoader/]: Loading event drops from: config/EntityLootDrops/Loot Drops/Event Drops
[14Aug2026 19:53:33.415] [Server thread/INFO] [net.poe.entitylootdrops.lootdrops.config.LootConfigLoader/]: Loading event drops for: Summer
[14Aug2026 19:53:33.416] [Server thread/INFO] [net.poe.entitylootdrops.lootdrops.config.LootConfigLoader/]: Loaded 3 general drops for Summer
[14Aug2026 19:53:33.416] [Server thread/INFO] [net.poe.entitylootdrops.lootdrops.config.LootConfigLoader/]: Looking for Mobs directories in: config/EntityLootDrops/Loot Drops/Event Drops/Summer
[14Aug2026 19:53:33.416] [Server thread/INFO] [net.poe.entitylootdrops.lootdrops.config.LootConfigLoader/]: Found Mobs directory: config/EntityLootDrops/Loot Drops/Event Drops/Summer/Mobs
[14Aug2026 19:53:33.416] [Server thread/INFO] [net.poe.entitylootdrops.lootdrops.config.LootConfigLoader/]: Processing entity drops file: config/EntityLootDrops/Loot Drops/Event Drops/Summer/Mobs/Summer_Mob_Drops_Example.json
[14Aug2026 19:53:33.416] [Server thread/INFO] [net.poe.entitylootdrops.lootdrops.config.LootConfigLoader/]: Loaded entity drop for minecraft:disabled from file: config/EntityLootDrops/Loot Drops/Event Drops/Summer/Mobs/Summer_Mob_Drops_Example.json
[14Aug2026 19:53:33.416] [Server thread/INFO] [net.poe.entitylootdrops.lootdrops.config.LootConfigLoader/]: Total entity drops loaded: 1
[14Aug2026 19:53:33.417] [Server thread/INFO] [net.poe.entitylootdrops.lootdrops.config.LootConfigLoader/]: Loaded 1 entity drops for Summer
[14Aug2026 19:53:33.417] [Server thread/INFO] [net.poe.entitylootdrops.lootdrops.config.LootConfigLoader/]: Loading event drops for: Winter
[14Aug2026 19:53:33.417] [Server thread/INFO] [net.poe.entitylootdrops.lootdrops.config.LootConfigLoader/]: Loaded 5 general drops for Winter
[14Aug2026 19:53:33.417] [Server thread/INFO] [net.poe.entitylootdrops.lootdrops.config.LootConfigLoader/]: Looking for Mobs directories in: config/EntityLootDrops/Loot Drops/Event Drops/Winter
[14Aug2026 19:53:33.417] [Server thread/INFO] [net.poe.entitylootdrops.lootdrops.config.LootConfigLoader/]: Found Mobs directory: config/EntityLootDrops/Loot Drops/Event Drops/Winter/Mobs
[14Aug2026 19:53:33.418] [Server thread/INFO] [net.poe.entitylootdrops.lootdrops.config.LootConfigLoader/]: Processing entity drops file: config/EntityLootDrops/Loot Drops/Event Drops/Winter/Mobs/Winter_Mob_Drops_Example.json
[14Aug2026 19:53:33.418] [Server thread/INFO] [net.poe.entitylootdrops.lootdrops.config.LootConfigLoader/]: Loaded entity drop for minecraft:disabled from file: config/EntityLootDrops/Loot Drops/Event Drops/Winter/Mobs/Winter_Mob_Drops_Example.json
[14Aug2026 19:53:33.418] [Server thread/INFO] [net.poe.entitylootdrops.lootdrops.config.LootConfigLoader/]: Total entity drops loaded: 1
[14Aug2026 19:53:33.418] [Server thread/INFO] [net.poe.entitylootdrops.lootdrops.config.LootConfigLoader/]: Loaded 1 entity drops for Winter
[14Aug2026 19:53:33.418] [Server thread/INFO] [net.poe.entitylootdrops.lootdrops.config.LootConfigLoader/]: Loading event drops for: Halloween
[14Aug2026 19:53:33.419] [Server thread/INFO] [net.poe.entitylootdrops.lootdrops.config.LootConfigLoader/]: Loaded 5 general drops for Halloween
[14Aug2026 19:53:33.419] [Server thread/INFO] [net.poe.entitylootdrops.lootdrops.config.LootConfigLoader/]: Looking for Mobs directories in: config/EntityLootDrops/Loot Drops/Event Drops/Halloween
[14Aug2026 19:53:33.419] [Server thread/INFO] [net.poe.entitylootdrops.lootdrops.config.LootConfigLoader/]: Found Mobs directory: config/EntityLootDrops/Loot Drops/Event Drops/Halloween/Mobs
[14Aug2026 19:53:33.419] [Server thread/INFO] [net.poe.entitylootdrops.lootdrops.config.LootConfigLoader/]: Processing entity drops file: config/EntityLootDrops/Loot Drops/Event Drops/Halloween/Mobs/Halloween_Mob_Drops_Example.json
[14Aug2026 19:53:33.420] [Server thread/INFO] [net.poe.entitylootdrops.lootdrops.config.LootConfigLoader/]: Loaded entity drop for minecraft:disabled from file: config/EntityLootDrops/Loot Drops/Event Drops/Halloween/Mobs/Halloween_Mob_Drops_Example.json
[14Aug2026 19:53:33.420] [Server thread/INFO] [net.poe.entitylootdrops.lootdrops.config.LootConfigLoader/]: Total entity drops loaded: 1
[14Aug2026 19:53:33.420] [Server thread/INFO] [net.poe.entitylootdrops.lootdrops.config.LootConfigLoader/]: Loaded 1 entity drops for Halloween
[14Aug2026 19:53:33.420] [Server thread/INFO] [net.poe.entitylootdrops.lootdrops.config.LootConfigLoader/]: Loading event drops for: Easter
[14Aug2026 19:53:33.421] [Server thread/INFO] [net.poe.entitylootdrops.lootdrops.config.LootConfigLoader/]: Loaded 31 general drops for Easter
[14Aug2026 19:53:33.421] [Server thread/INFO] [net.poe.entitylootdrops.lootdrops.config.LootConfigLoader/]: Looking for Mobs directories in: config/EntityLootDrops/Loot Drops/Event Drops/Easter
[14Aug2026 19:53:33.422] [Server thread/INFO] [net.poe.entitylootdrops.lootdrops.config.LootConfigLoader/]: Found Mobs directory: config/EntityLootDrops/Loot Drops/Event Drops/Easter/Mobs
[14Aug2026 19:53:33.422] [Server thread/INFO] [net.poe.entitylootdrops.lootdrops.config.LootConfigLoader/]: Processing entity drops file: config/EntityLootDrops/Loot Drops/Event Drops/Easter/Mobs/Easter_Mob_Drops_Example.json
[14Aug2026 19:53:33.422] [Server thread/INFO] [net.poe.entitylootdrops.lootdrops.config.LootConfigLoader/]: Loaded entity drop for minecraft:disabled from file: config/EntityLootDrops/Loot Drops/Event Drops/Easter/Mobs/Easter_Mob_Drops_Example.json
[14Aug2026 19:53:33.422] [Server thread/INFO] [net.poe.entitylootdrops.lootdrops.config.LootConfigLoader/]: Total entity drops loaded: 1
[14Aug2026 19:53:33.423] [Server thread/INFO] [net.poe.entitylootdrops.lootdrops.config.LootConfigLoader/]: Loaded 1 entity drops for Easter
[14Aug2026 19:53:33.423] [Server thread/INFO] [net.poe.entitylootdrops.lootdrops.config.LootConfigLoader/]: Loaded enable message for Winter: Winter event has been enabled!
[14Aug2026 19:53:33.423] [Server thread/INFO] [net.poe.entitylootdrops.lootdrops.config.LootConfigLoader/]: Loaded enable message for Summer: Summer event has been enabled!
[14Aug2026 19:53:33.423] [Server thread/INFO] [net.poe.entitylootdrops.lootdrops.config.LootConfigLoader/]: Loaded enable message for Easter: Easter event has been enabled!
[14Aug2026 19:53:33.423] [Server thread/INFO] [net.poe.entitylootdrops.lootdrops.config.LootConfigLoader/]: Loaded enable message for Halloween: Halloween event has been enabled!
[14Aug2026 19:53:33.423] [Server thread/INFO] [net.poe.entitylootdrops.lootdrops.config.LootConfigLoader/]: Loaded disable message for Winter: Winter event has been disabled!
[14Aug2026 19:53:33.423] [Server thread/INFO] [net.poe.entitylootdrops.lootdrops.config.LootConfigLoader/]: Loaded disable message for Summer: Summer event has been disabled!
[14Aug2026 19:53:33.424] [Server thread/INFO] [net.poe.entitylootdrops.lootdrops.config.LootConfigLoader/]: Loaded disable message for Easter: Easter event has been disabled!
[14Aug2026 19:53:33.424] [Server thread/INFO] [net.poe.entitylootdrops.lootdrops.config.LootConfigLoader/]: Loaded disable message for Halloween: Halloween event has been disabled!
[14Aug2026 19:53:33.424] [Server thread/INFO] [net.poe.entitylootdrops.lootdrops.config.LootConfigLoader/]: Loaded drop chance enable message: Drop chance event has been enabled! (Excluding MnS Drops)
[14Aug2026 19:53:33.424] [Server thread/INFO] [net.poe.entitylootdrops.lootdrops.config.LootConfigLoader/]: Loaded drop chance disable message: Drop chance event has been disabled!
[14Aug2026 19:53:33.424] [Server thread/INFO] [net.poe.entitylootdrops.lootdrops.config.LootConfigLoader/]: Loaded double drops enable message: Double drops event has been enabled! (Excluding MnS Drops)
[14Aug2026 19:53:33.424] [Server thread/INFO] [net.poe.entitylootdrops.lootdrops.config.LootConfigLoader/]: Loaded double drops disable message: Double drops event has been disabled!
[14Aug2026 19:53:33.424] [Server thread/INFO] [net.poe.entitylootdrops.lootdrops.LootConfig/]: Reloaded configuration: 43 entity drop types, 83 hostile drop types, 0 active events
[14Aug2026 19:53:33.425] [Server thread/INFO] [net.poe.entitylootdrops.EntityLootDrops/]: Loaded 39 normal drops
[14Aug2026 19:53:33.425] [Server thread/INFO] [net.poe.entitylootdrops.EntityLootDrops/]: Loaded 39 hostile drops
[14Aug2026 19:53:33.426] [Server thread/INFO] [net.poe.entitylootdrops.EntityLootDrops/]: Loaded 4 event types
[14Aug2026 19:53:33.426] [Server thread/INFO] [net.poe.entitylootdrops.EntityLootDrops/]: Active events: []
[14Aug2026 19:53:33.428] [Server thread/INFO] [net.poe.acu.Acu/]: Arrow Cleanup Mod server starting - cleanup system active!
[14Aug2026 19:53:33.430] [Server thread/INFO] [xaero.hud.minimap.MinimapLogs/]: Registered synced player tracker system: ftb_teams
[14Aug2026 19:53:33.433] [Server thread/INFO] [xaero.map.WorldMap/]: Registered synced player tracker system: ftb_teams
[14Aug2026 19:53:33.434] [Server thread/INFO] [net.mahjerion.mns_extras.ProfessionAdvancementHandler/]: Server starting, DEV_DEBUG = false
[14Aug2026 19:53:33.434] [Server thread/INFO] [net.mahjerion.mns_extras.ProfessionAdvancementHandler/]: Total advancements loaded: 9021
[14Aug2026 19:53:33.434] [Server thread/INFO] [net.mahjerion.mns_extras.ProfessionAdvancementHandler/]: Advancement mns_extras:profession/farming_level_10 exists: false
[14Aug2026 19:53:33.435] [Server thread/INFO] [net.mahjerion.mns_extras.ProfessionAdvancementHandler/]: Advancement mns_extras:profession/farming_level_25 exists: false
[14Aug2026 19:53:33.435] [Server thread/INFO] [net.mahjerion.mns_extras.ProfessionAdvancementHandler/]: Advancement mns_extras:profession/farming_level_40 exists: false
[14Aug2026 19:53:33.435] [Server thread/INFO] [net.mahjerion.mns_extras.ProfessionAdvancementHandler/]: Advancement mns_extras:profession/fishing_level_12 exists: false
[14Aug2026 19:53:33.435] [Server thread/INFO] [net.mahjerion.mns_extras.ProfessionAdvancementHandler/]: Advancement mns_extras:profession/fishing_level_24 exists: false
[14Aug2026 19:53:33.435] [Server thread/INFO] [net.mahjerion.mns_extras.ProfessionAdvancementHandler/]: Advancement mns_extras:profession/fishing_level_36 exists: false
[14Aug2026 19:53:33.435] [Server thread/INFO] [net.mahjerion.mns_extras.ProfessionAdvancementHandler/]: Advancement mns_extras:profession/husbandry_level_10 exists: false
[14Aug2026 19:53:33.436] [Server thread/INFO] [net.mahjerion.mns_extras.ProfessionAdvancementHandler/]: Advancement mns_extras:profession/husbandry_level_20 exists: false
[14Aug2026 19:53:33.436] [Server thread/INFO] [net.mahjerion.mns_extras.ProfessionAdvancementHandler/]: Advancement mns_extras:profession/husbandry_level_30 exists: false
[14Aug2026 19:53:33.436] [Server thread/INFO] [net.mahjerion.mns_extras.ProfessionAdvancementHandler/]: Advancement mns_extras:profession/husbandry_level_40 exists: false
[14Aug2026 19:53:33.436] [Server thread/INFO] [net.mahjerion.mns_extras.ProfessionAdvancementHandler/]: Advancement mns_extras:profession/husbandry_level_50 exists: false
[14Aug2026 19:53:33.436] [Server thread/INFO] [net.mahjerion.mns_extras.ProfessionAdvancementHandler/]: Advancement mns_extras:profession/husbandry_level_60 exists: false
[14Aug2026 19:53:33.436] [Server thread/INFO] [net.mahjerion.mns_extras.ProfessionAdvancementHandler/]: Advancement mns_extras:profession/husbandry_level_70 exists: false
[14Aug2026 19:53:33.436] [Server thread/INFO] [net.mahjerion.mns_extras.ProfessionAdvancementHandler/]: Advancement mns_extras:profession/husbandry_level_80 exists: false
[14Aug2026 19:53:33.437] [Server thread/INFO] [net.mahjerion.mns_extras.ProfessionAdvancementHandler/]: Advancement mns_extras:profession/husbandry_level_90 exists: false
[14Aug2026 19:53:33.437] [Server thread/INFO] [net.mahjerion.mns_extras.ProfessionAdvancementHandler/]: Advancement mns_extras:profession/husbandry_level_100 exists: false
[14Aug2026 19:53:33.437] [Server thread/INFO] [net.mahjerion.mns_extras.ProfessionAdvancementHandler/]: Advancement mns_extras:profession/combat_level_20 exists: false
[14Aug2026 19:53:33.437] [Server thread/INFO] [net.mahjerion.mns_extras.ProfessionAdvancementHandler/]: Advancement mns_extras:profession/combat_level_40 exists: false
[14Aug2026 19:53:33.437] [Server thread/INFO] [net.mahjerion.mns_extras.ProfessionAdvancementHandler/]: Advancement mns_extras:profession/combat_level_60 exists: false
[14Aug2026 19:53:33.437] [Server thread/INFO] [net.mahjerion.mns_extras.ProfessionAdvancementHandler/]: Advancement mns_extras:profession/mining_level_5 exists: false
[14Aug2026 19:53:33.437] [Server thread/INFO] [net.mahjerion.mns_extras.ProfessionAdvancementHandler/]: Advancement mns_extras:profession/mining_level_10 exists: false
[14Aug2026 19:53:33.438] [Server thread/INFO] [net.mahjerion.mns_extras.ProfessionAdvancementHandler/]: Advancement mns_extras:profession/mining_level_15 exists: false
[14Aug2026 19:53:33.438] [Server thread/INFO] [net.mahjerion.mns_extras.ProfessionAdvancementHandler/]: Advancement mns_extras:profession/mining_level_20 exists: false
[14Aug2026 19:53:33.438] [Server thread/INFO] [net.mahjerion.mns_extras.ProfessionAdvancementHandler/]: Advancement mns_extras:profession/mining_level_25 exists: false
[14Aug2026 19:53:33.440] [Server thread/INFO] [bountiful/]: Registering Bounty Board Jigsaw Piece for Village Type: plains
[14Aug2026 19:53:33.442] [Server thread/INFO] [bountiful/]: Registering Bounty Board Jigsaw Piece for Village Type: savanna
[14Aug2026 19:53:33.443] [Server thread/INFO] [bountiful/]: Registering Bounty Board Jigsaw Piece for Village Type: snowy
[14Aug2026 19:53:33.443] [Server thread/INFO] [bountiful/]: Registering Bounty Board Jigsaw Piece for Village Type: taiga
[14Aug2026 19:53:33.443] [Server thread/INFO] [bountiful/]: Registering Bounty Board Jigsaw Piece for Village Type: desert
[14Aug2026 19:53:33.449] [Server thread/INFO] [com.nitespring.monsterplus.MonsterPlus/]: HELLO from server starting
[14Aug2026 19:53:33.452] [Server thread/INFO] [io.github.lightman314.lightmanscurrency.LightmansCurrency/]: Reloading config/lightmanscurrency-server.txt
[14Aug2026 19:53:33.473] [Server thread/INFO] [FTB Quests/]: Loading quests from /workspaces/servidor1/servidor_minecraft/config/ftbquests/quests
[14Aug2026 19:53:33.573] [Server thread/INFO] [FTB Quests/]: Loaded 5 chapter groups, 21 chapters, 624 quests, 49 reward tables
[14Aug2026 19:53:33.615] [Server thread/INFO] [dev.qther.nanny.NaNny/]: NaNny hired!
[14Aug2026 19:53:33.620] [Server thread/INFO] [Exile Log: com.robertx22.library_of_exile.dimension.MapDimensionInfo/]: Wiped saved map data for ancient_obelisks:obelisk (instance store, map connections, 0 extra store(s)), sent 0 player(s) home. Instance counter reset - the dimension folder was deleted, so those coordinates are free again.
[14Aug2026 19:53:40.936] [Forge Version Check/WARN] [net.minecraftforge.fml.VersionChecker/]: Failed to process update information
java.net.http.HttpConnectTimeoutException: HTTP connect timed out
	at jdk.internal.net.http.HttpClientImpl.send(HttpClientImpl.java:894) ~[java.net.http:?]
	at jdk.internal.net.http.HttpClientFacade.send(HttpClientFacade.java:133) ~[java.net.http:?]
	at net.minecraftforge.fml.VersionChecker$1.openUrlString(VersionChecker.java:142) ~[fmlcore-1.20.1-47.4.22.jar%23764!/:?]
	at net.minecraftforge.fml.VersionChecker$1.process(VersionChecker.java:180) ~[fmlcore-1.20.1-47.4.22.jar%23764!/:?]
	at java.lang.Iterable.forEach(Iterable.java:75) ~[?:?]
	at net.minecraftforge.fml.VersionChecker$1.run(VersionChecker.java:117) ~[fmlcore-1.20.1-47.4.22.jar%23764!/:?]
Caused by: java.net.http.HttpConnectTimeoutException: HTTP connect timed out
	at jdk.internal.net.http.ResponseTimerEvent.handle(ResponseTimerEvent.java:68) ~[java.net.http:?]
	at jdk.internal.net.http.HttpClientImpl.purgeTimeoutsAndReturnNextDeadline(HttpClientImpl.java:1693) ~[java.net.http:?]
	at jdk.internal.net.http.HttpClientImpl$SelectorManager.run(HttpClientImpl.java:1311) ~[java.net.http:?]
Caused by: java.net.ConnectException: HTTP connect timed out
	at jdk.internal.net.http.ResponseTimerEvent.handle(ResponseTimerEvent.java:69) ~[java.net.http:?]
	at jdk.internal.net.http.HttpClientImpl.purgeTimeoutsAndReturnNextDeadline(HttpClientImpl.java:1693) ~[java.net.http:?]
	at jdk.internal.net.http.HttpClientImpl$SelectorManager.run(HttpClientImpl.java:1311) ~[java.net.http:?]
[14Aug2026 19:53:40.937] [Forge Version Check/INFO] [net.minecraftforge.fml.VersionChecker/]: [universalenchants] Starting version check at https://raw.githubusercontent.com/Fuzss/modresources/main/update/universalenchants.json
[14Aug2026 19:53:40.947] [Forge Version Check/INFO] [net.minecraftforge.fml.VersionChecker/]: [universalenchants] Found status: UP_TO_DATE Current: 8.0.0 Target: null
[14Aug2026 19:53:40.947] [Forge Version Check/INFO] [net.minecraftforge.fml.VersionChecker/]: [bettertridents] Starting version check at https://raw.githubusercontent.com/Fuzss/modresources/main/update/bettertridents.json
[14Aug2026 19:53:40.956] [Forge Version Check/INFO] [net.minecraftforge.fml.VersionChecker/]: [bettertridents] Found status: UP_TO_DATE Current: 8.0.1 Target: null
[14Aug2026 19:53:40.956] [Forge Version Check/INFO] [net.minecraftforge.fml.VersionChecker/]: [openloader] Starting version check at https://updates.blamejared.com/get?n=openloader&gv=1.20.1
[14Aug2026 19:53:41.132] [Forge Version Check/INFO] [net.minecraftforge.fml.VersionChecker/]: [openloader] Found status: BETA Current: 19.0.5 Target: 19.0.5
[14Aug2026 19:53:45.009] [Server thread/INFO] [AllTheLeaks/]: Method invalidateAll at mixin dev.uncandango.alltheleaks.mixin.core.main.FakeLevelManagerMixin cancelled due to not matching hash: Actual -2034214357, Expected: [-1241170928]
[14Aug2026 19:53:45.009] [Server thread/INFO] [AllTheLeaks/]: Mixin annotation @Lcom/llamalad7/mixinextras/injector/wrapoperation/WrapOperation;(at={@Lorg/spongepowered/asm/mixin/injection/At;(args={}, value="INVOKE", target="Ljava/util/Map;values()Ljava/util/Collection;")}, method={}, slice={}) at mixin dev.uncandango.alltheleaks.mixin.core.main.FakeLevelManagerMixin removed due to no methods available
[14Aug2026 19:53:45.009] [Server thread/WARN] [mixinsquared-annotation-adjuster/]: Modified mixin "dev.uncandango.alltheleaks.mixin.core.main.FakeLevelManagerMixin". Check debug logs for more information.
[14Aug2026 19:53:45.284] [Server thread/INFO] [Exile Log: com.robertx22.library_of_exile.dimension.MapDimensionInfo/]: Wiped saved map data for dungeon_realm:dungeon (instance store, map connections, 2 extra store(s)), sent 0 player(s) home. Instance counter reset - the dimension folder was deleted, so those coordinates are free again.
[14Aug2026 19:53:45.771] [Server thread/INFO] [io.github.lightman314.lightmanscurrency.LightmansCurrency/]: Loaded NextID (2) from tag.
[14Aug2026 19:53:45.814] [Server thread/INFO] [io.github.lightman314.lightmanscurrency.LightmansCurrency/]: Successfully loaded persistent trader 'cte2' with ID 1.
[14Aug2026 19:53:45.822] [Server thread/INFO] [Exile Log: com.robertx22.library_of_exile.dimension.MapDimensionInfo/]: Wiped saved map data for the_harvest:harvest (instance store, map connections, 0 extra store(s)), sent 0 player(s) home. Instance counter reset - the dimension folder was deleted, so those coordinates are free again.
[14Aug2026 19:53:45.959] [Server thread/INFO] [net.bettercombat.logic.WeaponRegistry/]: Encoded Weapon Attribute registry size: 211944 bytes (uncompressed), 8020 bytes (compressed), compression ratio: 96.2% (in 1 string chunks with the size of 10000)
[14Aug2026 19:53:46.176] [Server thread/INFO] [com.cupboard.Cupboard/]: Loaded config for: smoothchunk.json
[14Aug2026 19:53:46.177] [Server thread/INFO] [com.cupboard.Cupboard/]: Loaded config for: logprot.json
[14Aug2026 19:53:46.178] [Server thread/INFO] [com.cupboard.Cupboard/]: Loaded config for: respawningstructures.json
[14Aug2026 19:53:46.228] [Server thread/INFO] [patchouli/]: Sending reload packet to clients
[14Aug2026 19:53:46.230] [Server thread/WARN] [ModernFix/]: Dedicated server took 94.791 seconds to load
[14Aug2026 19:53:46.448] [Server thread/INFO] [net.minecraft.server.MinecraftServer/]: [Server] Level Scoreboard Loaded
[14Aug2026 19:54:03.600] [Netty Epoll Server IO #4/WARN] [mixin/]: @ModifyConstant conflict. Skipping packetfixer.v1_19_4.forge.mixins.json:v1_19_4_forge.ServerLoginPacketListenerImplMixin->@ModifyConstant::packetfixer$tick(I)I with priority 1000, already redirected by connectivity.mixins.json:ServerLoginNetHandlerMixin->@ModifyConstant::loginTimeout(I)I with priority 1001
[14Aug2026 19:54:04.004] [Netty Epoll Server IO #4/ERROR] [net.minecraftforge.network.NetworkRegistry/NETREGISTRY]: Channels [infinitygolem:infinitygolem] rejected their client side version number
[14Aug2026 19:54:04.005] [Netty Epoll Server IO #4/ERROR] [net.minecraftforge.network.HandshakeHandler/FMLHANDSHAKE]: Terminating connection with client, mismatched mod list
[14Aug2026 19:54:04.046] [Server thread/INFO] [net.minecraft.server.network.ServerLoginPacketListenerImpl/]: com.mojang.authlib.GameProfile@c492378[id=<null>,name=Eltomy35,properties={},legacy=false] (/127.98.87.91:58669) lost connection: Connection closed - mismatched mod channel list
[14Aug2026 19:54:13.636] [Netty Epoll Server IO #6/ERROR] [net.minecraftforge.network.NetworkRegistry/NETREGISTRY]: Channels [infinitygolem:infinitygolem] rejected their client side version number
[14Aug2026 19:54:13.636] [Netty Epoll Server IO #6/ERROR] [net.minecraftforge.network.HandshakeHandler/FMLHANDSHAKE]: Terminating connection with client, mismatched mod list
[14Aug2026 19:54:13.686] [Server thread/INFO] [net.minecraft.server.network.ServerLoginPacketListenerImpl/]: com.mojang.authlib.GameProfile@17a3e095[id=<null>,name=Eltomy35,properties={},legacy=false] (/127.98.87.91:33745) lost connection: Connection closed - mismatched mod channel list
[14Aug2026 19:54:31.096] [Netty Epoll Server IO #0/ERROR] [net.minecraftforge.network.NetworkRegistry/NETREGISTRY]: Channels [infinitygolem:infinitygolem] rejected their client side version number
[14Aug2026 19:54:31.096] [Netty Epoll Server IO #0/ERROR] [net.minecraftforge.network.HandshakeHandler/FMLHANDSHAKE]: Terminating connection with client, mismatched mod list
[14Aug2026 19:54:31.136] [Server thread/INFO] [net.minecraft.server.network.ServerLoginPacketListenerImpl/]: com.mojang.authlib.GameProfile@73b69cca[id=<null>,name=Eltomy35,properties={},legacy=false] (/127.98.87.91:43639) lost connection: Connection closed - mismatched mod channel list
[14Aug2026 19:54:37.976] [Netty Epoll Server IO #2/ERROR] [net.minecraftforge.network.NetworkRegistry/NETREGISTRY]: Channels [infinitygolem:infinitygolem] rejected their client side version number
[14Aug2026 19:54:37.976] [Netty Epoll Server IO #2/ERROR] [net.minecraftforge.network.HandshakeHandler/FMLHANDSHAKE]: Terminating connection with client, mismatched mod list
[14Aug2026 19:54:37.986] [Server thread/INFO] [net.minecraft.server.network.ServerLoginPacketListenerImpl/]: com.mojang.authlib.GameProfile@17664d08[id=<null>,name=Eltomy35,properties={},legacy=false] (/127.98.87.91:36379) lost connection: Connection closed - mismatched mod channel list
[14Aug2026 19:57:45.842] [Netty Epoll Server IO #4/ERROR] [net.minecraftforge.network.NetworkRegistry/NETREGISTRY]: Channels [infinitygolem:infinitygolem] rejected their client side version number
[14Aug2026 19:57:45.842] [Netty Epoll Server IO #4/ERROR] [net.minecraftforge.network.HandshakeHandler/FMLHANDSHAKE]: Terminating connection with client, mismatched mod list
[14Aug2026 19:57:45.886] [Server thread/INFO] [net.minecraft.server.network.ServerLoginPacketListenerImpl/]: com.mojang.authlib.GameProfile@2d278785[id=<null>,name=Eltomy35,properties={},legacy=false] (/127.98.87.91:45237) lost connection: Connection closed - mismatched mod channel list
[14Aug2026 19:58:12.744] [Netty Epoll Server IO #6/ERROR] [net.minecraftforge.network.NetworkRegistry/NETREGISTRY]: Channels [infinitygolem:infinitygolem] rejected their client side version number
[14Aug2026 19:58:12.744] [Netty Epoll Server IO #6/ERROR] [net.minecraftforge.network.HandshakeHandler/FMLHANDSHAKE]: Terminating connection with client, mismatched mod list
[14Aug2026 19:58:12.786] [Server thread/INFO] [net.minecraft.server.network.ServerLoginPacketListenerImpl/]: com.mojang.authlib.GameProfile@88c8124[id=<null>,name=Eltomy35,properties={},legacy=false] (/127.98.87.91:49937) lost connection: Connection closed - mismatched mod channel list
[14Aug2026 19:58:59.375] [Server thread/INFO] [net.minecraft.server.players.PlayerList/]: Dopierz[/127.233.228.11:48381] logged in with entity id 74 at (83.69037656911176, 76.0, 132.30000001192093)
[14Aug2026 19:58:59.615] [Server thread/INFO] [ModdingLegacy/blue_skies/]: Sending ToolHandleTypeManager to Dopierz
[14Aug2026 19:58:59.617] [Server thread/INFO] [ModdingLegacy/blue_skies/]: Sending SnowcapOvenFreezingManager to Dopierz
[14Aug2026 19:58:59.617] [Server thread/INFO] [ModdingLegacy/blue_skies/]: Sending HorizoniteForgeFuelManager to Dopierz
[14Aug2026 19:58:59.618] [Server thread/INFO] [ModdingLegacy/blue_skies/]: Sending AlchemyRecipeManager to Dopierz
[14Aug2026 19:58:59.621] [Server thread/INFO] [ModdingLegacy/blue_skies/]: Sending JournalEntryManager to Dopierz
[14Aug2026 19:58:59.626] [Server thread/INFO] [ModdingLegacy/blue_skies/]: Sending JournalSectionManager to Dopierz
[14Aug2026 19:58:59.626] [Server thread/INFO] [ModdingLegacy/blue_skies/]: Sending JournalRequirementManager to Dopierz
[14Aug2026 19:59:00.007] [Server thread/INFO] [net.minecraft.server.MinecraftServer/]: Dopierz joined the game
[14Aug2026 19:59:00.074] [Server thread/INFO] [dev.corgitaco.enhancedcelestials.EnhancedCelestials/]: Possible lunar events for dimension "minecraft:overworld" are [enhancedcelestials:blue_moon, enhancedcelestials:super_blue_moon, enhancedcelestials:super_blood_moon, enhancedcelestials:harvest_moon, enhancedcelestials:super_harvest_moon, enhancedcelestials:blood_moon, enhancedcelestials:super_moon].
[14Aug2026 19:59:00.278] [Server thread/INFO] [sfiomn.legendarytabs.LegendaryTabs/]: Syncing data-driven tabs to newly joined player
[14Aug2026 19:59:00.417] [Server thread/INFO] [Jade/]: Syncing config to Dopierz (62ca9e60-5ba8-37d7-8826-b8e6b0e9ca6b)
[14Aug2026 19:59:01.646] [Server thread/INFO] [de.melanx.simplebackups.SimpleBackups/]: Backup done.
[14Aug2026 19:59:01.669] [SimpleBackups/INFO] [de.melanx.simplebackups.BackupThread/]: Successfully deleted "world_2026-08-13_14-50-14.zip"
[14Aug2026 19:59:01.670] [SimpleBackups/INFO] [de.melanx.simplebackups.SimpleBackups/]: Backup started...
[14Aug2026 19:59:02.453] [Server thread/WARN] [net.minecraft.server.MinecraftServer/]: Can't keep up! Is the server overloaded? Running 2268ms or 45 ticks behind
[14Aug2026 19:59:08.795] [SimpleBackups/INFO] [de.melanx.simplebackups.SimpleBackups/]: Backup completed in 7.122s (71.1 MB | 294.1 MB)
[14Aug2026 19:59:19.810] [Server thread/WARN] [net.minecraft.server.MinecraftServer/]: Can't keep up! Is the server overloaded? Running 2374ms or 47 ticks behind
[14Aug2026 20:01:20.255] [Server thread/WARN] [net.minecraft.network.syncher.SynchedEntityData/]: defineId called for: class forge.net.mca.entity.ZombieVillagerEntityMCA from class forge.net.mca.util.network.datasync.CDataParameter
[14Aug2026 20:01:20.255] [Server thread/WARN] [net.minecraft.network.syncher.SynchedEntityData/]: defineId called for: class forge.net.mca.entity.ZombieVillagerEntityMCA from class forge.net.mca.util.network.datasync.CDataParameter
[14Aug2026 20:01:20.255] [Server thread/WARN] [net.minecraft.network.syncher.SynchedEntityData/]: defineId called for: class forge.net.mca.entity.ZombieVillagerEntityMCA from class forge.net.mca.util.network.datasync.CDataParameter
[14Aug2026 20:01:20.255] [Server thread/WARN] [net.minecraft.network.syncher.SynchedEntityData/]: defineId called for: class forge.net.mca.entity.ZombieVillagerEntityMCA from class forge.net.mca.util.network.datasync.CDataParameter
[14Aug2026 20:01:20.255] [Server thread/WARN] [net.minecraft.network.syncher.SynchedEntityData/]: defineId called for: class forge.net.mca.entity.ZombieVillagerEntityMCA from class forge.net.mca.util.network.datasync.CDataParameter
[14Aug2026 20:01:20.256] [Server thread/WARN] [net.minecraft.network.syncher.SynchedEntityData/]: defineId called for: class forge.net.mca.entity.ZombieVillagerEntityMCA from class forge.net.mca.util.network.datasync.CDataParameter
[14Aug2026 20:01:20.256] [Server thread/WARN] [net.minecraft.network.syncher.SynchedEntityData/]: defineId called for: class forge.net.mca.entity.ZombieVillagerEntityMCA from class forge.net.mca.util.network.datasync.CDataParameter
[14Aug2026 20:01:20.256] [Server thread/WARN] [net.minecraft.network.syncher.SynchedEntityData/]: defineId called for: class forge.net.mca.entity.ZombieVillagerEntityMCA from class forge.net.mca.util.network.datasync.CEnumParameter
[14Aug2026 20:01:20.256] [Server thread/WARN] [net.minecraft.network.syncher.SynchedEntityData/]: defineId called for: class forge.net.mca.entity.ZombieVillagerEntityMCA from class forge.net.mca.util.network.datasync.CDataParameter
[14Aug2026 20:01:20.256] [Server thread/WARN] [net.minecraft.network.syncher.SynchedEntityData/]: defineId called for: class forge.net.mca.entity.ZombieVillagerEntityMCA from class forge.net.mca.util.network.datasync.CDataParameter
[14Aug2026 20:01:20.256] [Server thread/WARN] [net.minecraft.network.syncher.SynchedEntityData/]: defineId called for: class forge.net.mca.entity.ZombieVillagerEntityMCA from class forge.net.mca.util.network.datasync.CDataParameter
[14Aug2026 20:01:20.257] [Server thread/WARN] [net.minecraft.network.syncher.SynchedEntityData/]: defineId called for: class forge.net.mca.entity.ZombieVillagerEntityMCA from class forge.net.mca.util.network.datasync.CDataParameter
[14Aug2026 20:01:20.257] [Server thread/WARN] [net.minecraft.network.syncher.SynchedEntityData/]: defineId called for: class forge.net.mca.entity.ZombieVillagerEntityMCA from class forge.net.mca.util.network.datasync.CDataParameter
[14Aug2026 20:01:20.257] [Server thread/WARN] [net.minecraft.network.syncher.SynchedEntityData/]: defineId called for: class forge.net.mca.entity.ZombieVillagerEntityMCA from class forge.net.mca.util.network.datasync.CDataParameter
[14Aug2026 20:01:20.257] [Server thread/WARN] [net.minecraft.network.syncher.SynchedEntityData/]: defineId called for: class forge.net.mca.entity.ZombieVillagerEntityMCA from class forge.net.mca.util.network.datasync.CDataParameter
[14Aug2026 20:01:20.257] [Server thread/WARN] [net.minecraft.network.syncher.SynchedEntityData/]: defineId called for: class forge.net.mca.entity.ZombieVillagerEntityMCA from class forge.net.mca.util.network.datasync.CDataParameter
[14Aug2026 20:01:20.258] [Server thread/WARN] [net.minecraft.network.syncher.SynchedEntityData/]: defineId called for: class forge.net.mca.entity.ZombieVillagerEntityMCA from class forge.net.mca.util.network.datasync.CDataParameter
[14Aug2026 20:01:20.258] [Server thread/WARN] [net.minecraft.network.syncher.SynchedEntityData/]: defineId called for: class forge.net.mca.entity.ZombieVillagerEntityMCA from class forge.net.mca.util.network.datasync.CDataParameter
[14Aug2026 20:01:20.258] [Server thread/WARN] [net.minecraft.network.syncher.SynchedEntityData/]: defineId called for: class forge.net.mca.entity.ZombieVillagerEntityMCA from class forge.net.mca.util.network.datasync.CDataParameter
[14Aug2026 20:01:20.258] [Server thread/WARN] [net.minecraft.network.syncher.SynchedEntityData/]: defineId called for: class forge.net.mca.entity.ZombieVillagerEntityMCA from class forge.net.mca.util.network.datasync.CEnumParameter
[14Aug2026 20:01:20.258] [Server thread/WARN] [net.minecraft.network.syncher.SynchedEntityData/]: defineId called for: class forge.net.mca.entity.ZombieVillagerEntityMCA from class forge.net.mca.util.network.datasync.CDataParameter
[14Aug2026 20:01:20.258] [Server thread/WARN] [net.minecraft.network.syncher.SynchedEntityData/]: defineId called for: class forge.net.mca.entity.ZombieVillagerEntityMCA from class forge.net.mca.util.network.datasync.CDataParameter
[14Aug2026 20:01:20.258] [Server thread/WARN] [net.minecraft.network.syncher.SynchedEntityData/]: defineId called for: class forge.net.mca.entity.ZombieVillagerEntityMCA from class forge.net.mca.util.network.datasync.CEnumParameter
[14Aug2026 20:01:20.259] [Server thread/WARN] [net.minecraft.network.syncher.SynchedEntityData/]: defineId called for: class forge.net.mca.entity.ZombieVillagerEntityMCA from class forge.net.mca.util.network.datasync.CDataParameter
[14Aug2026 20:01:20.259] [Server thread/WARN] [net.minecraft.network.syncher.SynchedEntityData/]: defineId called for: class forge.net.mca.entity.ZombieVillagerEntityMCA from class forge.net.mca.util.network.datasync.CEnumParameter
[14Aug2026 20:01:20.259] [Server thread/WARN] [net.minecraft.network.syncher.SynchedEntityData/]: defineId called for: class forge.net.mca.entity.ZombieVillagerEntityMCA from class forge.net.mca.util.network.datasync.CEnumParameter
[14Aug2026 20:01:20.259] [Server thread/WARN] [net.minecraft.network.syncher.SynchedEntityData/]: defineId called for: class forge.net.mca.entity.ZombieVillagerEntityMCA from class forge.net.mca.util.network.datasync.CDataParameter
[14Aug2026 20:01:20.259] [Server thread/WARN] [net.minecraft.network.syncher.SynchedEntityData/]: defineId called for: class forge.net.mca.entity.ZombieVillagerEntityMCA from class forge.net.mca.util.network.datasync.CDataParameter
[14Aug2026 20:01:20.259] [Server thread/WARN] [net.minecraft.network.syncher.SynchedEntityData/]: defineId called for: class forge.net.mca.entity.ZombieVillagerEntityMCA from class forge.net.mca.util.network.datasync.CDataParameter
[14Aug2026 20:01:20.260] [Server thread/WARN] [net.minecraft.network.syncher.SynchedEntityData/]: defineId called for: class forge.net.mca.entity.ZombieVillagerEntityMCA from class forge.net.mca.util.network.datasync.CDataParameter
[14Aug2026 20:01:20.260] [Server thread/WARN] [net.minecraft.network.syncher.SynchedEntityData/]: defineId called for: class forge.net.mca.entity.ZombieVillagerEntityMCA from class forge.net.mca.util.network.datasync.CDataParameter
[14Aug2026 20:01:20.260] [Server thread/WARN] [net.minecraft.network.syncher.SynchedEntityData/]: defineId called for: class forge.net.mca.entity.ZombieVillagerEntityMCA from class forge.net.mca.util.network.datasync.CDataParameter
[14Aug2026 20:01:20.260] [Server thread/WARN] [net.minecraft.network.syncher.SynchedEntityData/]: defineId called for: class forge.net.mca.entity.ZombieVillagerEntityMCA from class forge.net.mca.util.network.datasync.CDataParameter
[14Aug2026 20:01:20.260] [Server thread/WARN] [net.minecraft.network.syncher.SynchedEntityData/]: defineId called for: class forge.net.mca.entity.ZombieVillagerEntityMCA from class forge.net.mca.util.network.datasync.CDataParameter
[14Aug2026 20:01:20.260] [Server thread/WARN] [net.minecraft.network.syncher.SynchedEntityData/]: defineId called for: class forge.net.mca.entity.ZombieVillagerEntityMCA from class forge.net.mca.util.network.datasync.CDataParameter
[14Aug2026 20:01:20.261] [Server thread/WARN] [net.minecraft.network.syncher.SynchedEntityData/]: defineId called for: class forge.net.mca.entity.ZombieVillagerEntityMCA from class forge.net.mca.util.network.datasync.CDataParameter
[14Aug2026 20:01:20.261] [Server thread/WARN] [net.minecraft.network.syncher.SynchedEntityData/]: defineId called for: class forge.net.mca.entity.ZombieVillagerEntityMCA from class forge.net.mca.util.network.datasync.CDataParameter
[14Aug2026 20:02:05.849] [Server thread/INFO] [com.baketsu.mine_and_meals.MineAndMeals/]: Applied effect: effect.mine_and_meals.grain_1 to player: Dopierz
[14Aug2026 20:02:12.868] [Server thread/INFO] [net.minecraft.server.players.PlayerList/]: Jojoquin10[/127.70.141.128:43067] logged in with entity id 1895 at (-309.64403462272304, 87.0, 182.52491524674195)
[14Aug2026 20:02:13.118] [Server thread/INFO] [ModdingLegacy/blue_skies/]: Sending ToolHandleTypeManager to Jojoquin10
[14Aug2026 20:02:13.119] [Server thread/INFO] [ModdingLegacy/blue_skies/]: Sending SnowcapOvenFreezingManager to Jojoquin10
[14Aug2026 20:02:13.120] [Server thread/INFO] [ModdingLegacy/blue_skies/]: Sending HorizoniteForgeFuelManager to Jojoquin10
[14Aug2026 20:02:13.120] [Server thread/INFO] [ModdingLegacy/blue_skies/]: Sending AlchemyRecipeManager to Jojoquin10
[14Aug2026 20:02:13.123] [Server thread/INFO] [ModdingLegacy/blue_skies/]: Sending JournalEntryManager to Jojoquin10
[14Aug2026 20:02:13.132] [Server thread/INFO] [ModdingLegacy/blue_skies/]: Sending JournalSectionManager to Jojoquin10
[14Aug2026 20:02:13.132] [Server thread/INFO] [ModdingLegacy/blue_skies/]: Sending JournalRequirementManager to Jojoquin10
[14Aug2026 20:02:13.342] [Server thread/INFO] [net.minecraft.server.MinecraftServer/]: Jojoquin10 joined the game
[14Aug2026 20:02:13.383] [Server thread/INFO] [sfiomn.legendarytabs.LegendaryTabs/]: Syncing data-driven tabs to newly joined player
[14Aug2026 20:02:13.391] [Server thread/INFO] [Jade/]: Syncing config to Jojoquin10 (52edf9db-68cd-39d2-9d06-47f7f931c2c0)
[14Aug2026 20:03:51.324] [Server thread/INFO] [AllTheLeaks/]: Listing events...
[14Aug2026 20:03:51.331] [Server thread/INFO] [AllTheLeaks/]: Listing memory leaks so far...
[14Aug2026 20:03:51.333] [Server thread/INFO] [AllTheLeaks/]: Waiting to stabilize [1/10]
[14Aug2026 20:03:51.334] [Server thread/INFO] [AllTheLeaks/]: Memory Leaks detected: (/atl force_refresh to update)
[14Aug2026 20:03:51.335] [Server thread/INFO] [AllTheLeaks/]: | ChunkAccess:
[14Aug2026 20:03:51.335] [Server thread/INFO] [AllTheLeaks/]: |- LevelChunk (minecraft): 530
[14Aug2026 20:04:15.303] [Server thread/INFO] [forge.net.mca.MCA/]: literal{Tina}[style={}] has been infected
[14Aug2026 20:05:21.958] [Server thread/INFO] [net.minecraft.server.MinecraftServer/]: Jojoquin10 was slain by Anglerfish
[14Aug2026 20:05:23.279] [Server thread/ERROR] [AllTheLeaks/]: Cannot have null removal reason on Clone event!
[14Aug2026 20:07:59.052] [Server thread/INFO] [STDERR/]: [com.robertx22.library_of_exile.registry.ExileRegistryContainer:logRegistryError:98]: java.lang.Exception: [Mine and Slash Registry Error]: GUID Error: is_summon_attack of type: mmorpg_stat_condition doesn't exist. This is either a removed/renamed old registry, or robertx22 forgot to include it in an update.
[14Aug2026 20:07:59.052] [Server thread/INFO] [STDERR/]: [com.robertx22.library_of_exile.registry.ExileRegistryContainer:logRegistryError:98]: 	at TRANSFORMER/library_of_exile@2.1.10/com.robertx22.library_of_exile.registry.ExileRegistryContainer.logRegistryError(ExileRegistryContainer.java:96)
[14Aug2026 20:07:59.052] [Server thread/INFO] [STDERR/]: [com.robertx22.library_of_exile.registry.ExileRegistryContainer:logRegistryError:98]: 	at TRANSFORMER/library_of_exile@2.1.10/com.robertx22.library_of_exile.registry.ExileRegistryContainer.get(ExileRegistryContainer.java:221)
[14Aug2026 20:07:59.053] [Server thread/INFO] [STDERR/]: [com.robertx22.library_of_exile.registry.ExileRegistryContainer:logRegistryError:98]: 	at TRANSFORMER/mmorpg@6.4.6/com.robertx22.mine_and_slash.database.data.stats.datapacks.test.DataPackStatEffect.lambda$TryModifyEffect$0(DataPackStatEffect.java:93)
[14Aug2026 20:07:59.053] [Server thread/INFO] [STDERR/]: [com.robertx22.library_of_exile.registry.ExileRegistryContainer:logRegistryError:98]: 	at java.base/java.util.stream.MatchOps$1MatchSink.accept(MatchOps.java:90)
[14Aug2026 20:07:59.053] [Server thread/INFO] [STDERR/]: [com.robertx22.library_of_exile.registry.ExileRegistryContainer:logRegistryError:98]: 	at java.base/java.util.ArrayList$ArrayListSpliterator.tryAdvance(ArrayList.java:1602)
[14Aug2026 20:07:59.053] [Server thread/INFO] [STDERR/]: [com.robertx22.library_of_exile.registry.ExileRegistryContainer:logRegistryError:98]: 	at java.base/java.util.stream.ReferencePipeline.forEachWithCancel(ReferencePipeline.java:129)
[14Aug2026 20:07:59.053] [Server thread/INFO] [STDERR/]: [com.robertx22.library_of_exile.registry.ExileRegistryContainer:logRegistryError:98]: 	at java.base/java.util.stream.AbstractPipeline.copyIntoWithCancel(AbstractPipeline.java:527)
[14Aug2026 20:07:59.053] [Server thread/INFO] [STDERR/]: [com.robertx22.library_of_exile.registry.ExileRegistryContainer:logRegistryError:98]: 	at java.base/java.util.stream.AbstractPipeline.copyInto(AbstractPipeline.java:513)
[14Aug2026 20:07:59.054] [Server thread/INFO] [STDERR/]: [com.robertx22.library_of_exile.registry.ExileRegistryContainer:logRegistryError:98]: 	at java.base/java.util.stream.AbstractPipeline.wrapAndCopyInto(AbstractPipeline.java:499)
[14Aug2026 20:07:59.054] [Server thread/INFO] [STDERR/]: [com.robertx22.library_of_exile.registry.ExileRegistryContainer:logRegistryError:98]: 	at java.base/java.util.stream.MatchOps$MatchOp.evaluateSequential(MatchOps.java:230)
[14Aug2026 20:07:59.054] [Server thread/INFO] [STDERR/]: [com.robertx22.library_of_exile.registry.ExileRegistryContainer:logRegistryError:98]: 	at java.base/java.util.stream.MatchOps$MatchOp.evaluateSequential(MatchOps.java:196)
[14Aug2026 20:07:59.054] [Server thread/INFO] [STDERR/]: [com.robertx22.library_of_exile.registry.ExileRegistryContainer:logRegistryError:98]: 	at java.base/java.util.stream.AbstractPipeline.evaluate(AbstractPipeline.java:234)
[14Aug2026 20:07:59.054] [Server thread/INFO] [STDERR/]: [com.robertx22.library_of_exile.registry.ExileRegistryContainer:logRegistryError:98]: 	at java.base/java.util.stream.ReferencePipeline.allMatch(ReferencePipeline.java:637)
[14Aug2026 20:07:59.054] [Server thread/INFO] [STDERR/]: [com.robertx22.library_of_exile.registry.ExileRegistryContainer:logRegistryError:98]: 	at TRANSFORMER/mmorpg@6.4.6/com.robertx22.mine_and_slash.database.data.stats.datapacks.test.DataPackStatEffect.TryModifyEffect(DataPackStatEffect.java:92)
[14Aug2026 20:07:59.055] [Server thread/INFO] [STDERR/]: [com.robertx22.library_of_exile.registry.ExileRegistryContainer:logRegistryError:98]: 	at TRANSFORMER/mmorpg@6.4.6/com.robertx22.mine_and_slash.uncommon.effectdatas.EffectEvent.calculateEffects(EffectEvent.java:250)
[14Aug2026 20:07:59.055] [Server thread/INFO] [STDERR/]: [com.robertx22.library_of_exile.registry.ExileRegistryContainer:logRegistryError:98]: 	at TRANSFORMER/mmorpg@6.4.6/com.robertx22.mine_and_slash.uncommon.effectdatas.EffectEvent.Activate(EffectEvent.java:183)
[14Aug2026 20:07:59.055] [Server thread/INFO] [STDERR/]: [com.robertx22.library_of_exile.registry.ExileRegistryContainer:logRegistryError:98]: 	at TRANSFORMER/mmorpg@6.4.6/com.robertx22.mine_and_slash.database.data.spells.components.actions.DamageAction.tryActivate(DamageAction.java:87)
[14Aug2026 20:07:59.055] [Server thread/INFO] [STDERR/]: [com.robertx22.library_of_exile.registry.ExileRegistryContainer:logRegistryError:98]: 	at TRANSFORMER/mmorpg@6.4.6/com.robertx22.mine_and_slash.database.data.spells.components.ComponentPart.tryActivate(ComponentPart.java:133)
[14Aug2026 20:07:59.055] [Server thread/INFO] [STDERR/]: [com.robertx22.library_of_exile.registry.ExileRegistryContainer:logRegistryError:98]: 	at TRANSFORMER/mmorpg@6.4.6/com.robertx22.mine_and_slash.database.data.spells.components.AttachedSpell.tryActivate(AttachedSpell.java:27)
[14Aug2026 20:07:59.055] [Server thread/INFO] [STDERR/]: [com.robertx22.library_of_exile.registry.ExileRegistryContainer:logRegistryError:98]: 	at TRANSFORMER/mmorpg@6.4.6/com.robertx22.mine_and_slash.database.data.spells.entities.SimpleProjectileEntity.m_142687_(SimpleProjectileEntity.java:251)
[14Aug2026 20:07:59.056] [Server thread/INFO] [STDERR/]: [com.robertx22.library_of_exile.registry.ExileRegistryContainer:logRegistryError:98]: 	at TRANSFORMER/minecraft@1.20.1/net.minecraft.world.entity.Entity.m_146870_(Entity.java:332)
[14Aug2026 20:07:59.056] [Server thread/INFO] [STDERR/]: [com.robertx22.library_of_exile.registry.ExileRegistryContainer:logRegistryError:98]: 	at TRANSFORMER/mmorpg@6.4.6/com.robertx22.mine_and_slash.database.data.spells.entities.SimpleProjectileEntity.scheduleRemoval(SimpleProjectileEntity.java:618)
[14Aug2026 20:07:59.056] [Server thread/INFO] [STDERR/]: [com.robertx22.library_of_exile.registry.ExileRegistryContainer:logRegistryError:98]: 	at TRANSFORMER/mmorpg@6.4.6/com.robertx22.mine_and_slash.database.data.spells.entities.SimpleProjectileEntity.onImpact(SimpleProjectileEntity.java:558)
[14Aug2026 20:07:59.056] [Server thread/INFO] [STDERR/]: [com.robertx22.library_of_exile.registry.ExileRegistryContainer:logRegistryError:98]: 	at TRANSFORMER/mmorpg@6.4.6/com.robertx22.mine_and_slash.database.data.spells.entities.SimpleProjectileEntity.m_6532_(SimpleProjectileEntity.java:484)
[14Aug2026 20:07:59.056] [Server thread/INFO] [STDERR/]: [com.robertx22.library_of_exile.registry.ExileRegistryContainer:logRegistryError:98]: 	at TRANSFORMER/minecraft@1.20.1/net.minecraft.world.entity.projectile.AbstractArrow.m_8119_(AbstractArrow.java:216)
[14Aug2026 20:07:59.056] [Server thread/INFO] [STDERR/]: [com.robertx22.library_of_exile.registry.ExileRegistryContainer:logRegistryError:98]: 	at TRANSFORMER/mmorpg@6.4.6/com.robertx22.mine_and_slash.database.data.spells.entities.SimpleProjectileEntity.m_8119_(SimpleProjectileEntity.java:273)
[14Aug2026 20:07:59.056] [Server thread/INFO] [STDERR/]: [com.robertx22.library_of_exile.registry.ExileRegistryContainer:logRegistryError:98]: 	at TRANSFORMER/minecraft@1.20.1/net.minecraft.server.level.ServerLevel.m_8647_(ServerLevel.java:694)
[14Aug2026 20:07:59.057] [Server thread/INFO] [STDERR/]: [com.robertx22.library_of_exile.registry.ExileRegistryContainer:logRegistryError:98]: 	at TRANSFORMER/minecraft@1.20.1/net.minecraft.world.level.Level.mixinextras$bridge$accept$179(Level.java)
[14Aug2026 20:07:59.057] [Server thread/INFO] [STDERR/]: [com.robertx22.library_of_exile.registry.ExileRegistryContainer:logRegistryError:98]: 	at TRANSFORMER/neruina@2.1.2/com.bawnorton.neruina.handler.TickHandler.safelyTickEntities(TickHandler.java:92)
[14Aug2026 20:07:59.057] [Server thread/INFO] [STDERR/]: [com.robertx22.library_of_exile.registry.ExileRegistryContainer:logRegistryError:98]: 	at TRANSFORMER/minecraft@1.20.1/net.minecraft.world.level.Level.wrapOperation$cdk000$catchTickingEntities$notTheCauseOfTickLag(Level.java:8540)
[14Aug2026 20:07:59.057] [Server thread/INFO] [STDERR/]: [com.robertx22.library_of_exile.registry.ExileRegistryContainer:logRegistryError:98]: 	at TRANSFORMER/minecraft@1.20.1/net.minecraft.world.level.Level.m_46653_(Level.java:479)
[14Aug2026 20:07:59.057] [Server thread/INFO] [STDERR/]: [com.robertx22.library_of_exile.registry.ExileRegistryContainer:logRegistryError:98]: 	at TRANSFORMER/minecraft@1.20.1/net.minecraft.server.level.ServerLevel.m_184063_(ServerLevel.java:343)
[14Aug2026 20:07:59.057] [Server thread/INFO] [STDERR/]: [com.robertx22.library_of_exile.registry.ExileRegistryContainer:logRegistryError:98]: 	at TRANSFORMER/minecraft@1.20.1/net.minecraft.world.level.entity.EntityTickList.m_156910_(EntityTickList.java:54)
[14Aug2026 20:07:59.058] [Server thread/INFO] [STDERR/]: [com.robertx22.library_of_exile.registry.ExileRegistryContainer:logRegistryError:98]: 	at TRANSFORMER/minecraft@1.20.1/net.minecraft.server.level.ServerLevel.m_8793_(ServerLevel.java:323)
[14Aug2026 20:07:59.058] [Server thread/INFO] [STDERR/]: [com.robertx22.library_of_exile.registry.ExileRegistryContainer:logRegistryError:98]: 	at TRANSFORMER/minecraft@1.20.1/net.minecraft.server.MinecraftServer.m_5703_(MinecraftServer.java:893)
[14Aug2026 20:07:59.058] [Server thread/INFO] [STDERR/]: [com.robertx22.library_of_exile.registry.ExileRegistryContainer:logRegistryError:98]: 	at TRANSFORMER/minecraft@1.20.1/net.minecraft.server.dedicated.DedicatedServer.m_5703_(DedicatedServer.java:283)
[14Aug2026 20:07:59.058] [Server thread/INFO] [STDERR/]: [com.robertx22.library_of_exile.registry.ExileRegistryContainer:logRegistryError:98]: 	at TRANSFORMER/minecraft@1.20.1/net.minecraft.server.MinecraftServer.m_5705_(MinecraftServer.java:814)
[14Aug2026 20:07:59.058] [Server thread/INFO] [STDERR/]: [com.robertx22.library_of_exile.registry.ExileRegistryContainer:logRegistryError:98]: 	at TRANSFORMER/minecraft@1.20.1/net.minecraft.server.MinecraftServer.m_130011_(MinecraftServer.java:661)
[14Aug2026 20:07:59.058] [Server thread/INFO] [STDERR/]: [com.robertx22.library_of_exile.registry.ExileRegistryContainer:logRegistryError:98]: 	at TRANSFORMER/minecraft@1.20.1/net.minecraft.server.MinecraftServer.m_206580_(MinecraftServer.java:251)
[14Aug2026 20:07:59.058] [Server thread/INFO] [STDERR/]: [com.robertx22.library_of_exile.registry.ExileRegistryContainer:logRegistryError:98]: 	at java.base/java.lang.Thread.run(Thread.java:840)
[14Aug2026 20:08:36.458] [Server thread/INFO] [net.minecraft.server.players.PlayerList/]: Eltomy35[/127.98.87.91:41581] logged in with entity id 18466 at (-384.5, 92.0, 111.5)
[14Aug2026 20:08:36.598] [Server thread/INFO] [ModdingLegacy/blue_skies/]: Sending ToolHandleTypeManager to Eltomy35
[14Aug2026 20:08:36.599] [Server thread/INFO] [ModdingLegacy/blue_skies/]: Sending SnowcapOvenFreezingManager to Eltomy35
[14Aug2026 20:08:36.599] [Server thread/INFO] [ModdingLegacy/blue_skies/]: Sending HorizoniteForgeFuelManager to Eltomy35
[14Aug2026 20:08:36.599] [Server thread/INFO] [ModdingLegacy/blue_skies/]: Sending AlchemyRecipeManager to Eltomy35
[14Aug2026 20:08:36.601] [Server thread/INFO] [ModdingLegacy/blue_skies/]: Sending JournalEntryManager to Eltomy35
[14Aug2026 20:08:36.603] [Server thread/INFO] [ModdingLegacy/blue_skies/]: Sending JournalSectionManager to Eltomy35
[14Aug2026 20:08:36.603] [Server thread/INFO] [ModdingLegacy/blue_skies/]: Sending JournalRequirementManager to Eltomy35
[14Aug2026 20:08:36.702] [Server thread/INFO] [net.minecraft.server.MinecraftServer/]: Eltomy35 joined the game
[14Aug2026 20:08:36.809] [Server thread/INFO] [sfiomn.legendarytabs.LegendaryTabs/]: Syncing data-driven tabs to newly joined player
[14Aug2026 20:08:36.867] [Server thread/INFO] [Jade/]: Syncing config to Eltomy35 (ceac07cc-113d-33b1-8c84-9a6992199d84)
[14Aug2026 20:09:14.832] [Server thread/INFO] [net.minecraft.server.MinecraftServer/]: Eltomy35 has made the advancement ['X' Marks the Spot]
[14Aug2026 20:09:40.773] [Server thread/INFO] [net.minecraft.server.MinecraftServer/]: Eltomy35 has made the advancement [Crops of the Wild]
[14Aug2026 20:11:05.963] [Server thread/INFO] [com.baketsu.mine_and_meals.MineAndMeals/]: Applied effect: effect.mine_and_meals.fish_1 to player: Jojoquin10
[14Aug2026 20:11:08.225] [Server thread/INFO] [com.baketsu.mine_and_meals.MineAndMeals/]: Applied effect: effect.mine_and_meals.grain_1 to player: Jojoquin10
[14Aug2026 20:11:08.323] [Server thread/INFO] [net.minecraft.server.MinecraftServer/]: Eltomy35 has made the advancement [Barrel Booty]
[14Aug2026 20:12:27.919] [Server thread/INFO] [fastsuite/]: Constructed recipe list for minecraft:crafting in 6.618 ms. 8224/8826 recipes are parallelized.
[14Aug2026 20:12:38.404] [Server thread/INFO] [net.minecraft.server.MinecraftServer/]: <Dopierz> ola elias
[14Aug2026 20:13:22.100] [Server thread/INFO] [net.minecraft.server.MinecraftServer/]: <Dopierz> toma elias
[14Aug2026 20:13:31.503] [Server thread/INFO] [net.minecraft.server.MinecraftServer/]: Eltomy35 has made the advancement [Suit Up]
[14Aug2026 20:13:51.006] [Server thread/INFO] [AllTheLeaks/]: Listing events...
[14Aug2026 20:13:51.006] [Server thread/INFO] [AllTheLeaks/]: Server Player Clone: 1
[14Aug2026 20:13:51.006] [Server thread/INFO] [AllTheLeaks/]:   Invalid Cloned Players: 1
[14Aug2026 20:13:51.006] [Server thread/INFO] [AllTheLeaks/]: Listing memory leaks so far...
[14Aug2026 20:13:51.006] [Server thread/INFO] [AllTheLeaks/]: Waiting to stabilize [2/10]
[14Aug2026 20:13:51.007] [Server thread/INFO] [AllTheLeaks/]: Memory Leaks detected: (/atl force_refresh to update)
[14Aug2026 20:13:51.007] [Server thread/INFO] [AllTheLeaks/]: | Player:
[14Aug2026 20:13:51.007] [Server thread/INFO] [AllTheLeaks/]: |- ServerPlayer (minecraft): 1
[14Aug2026 20:13:51.007] [Server thread/INFO] [AllTheLeaks/]: | ChunkAccess:
[14Aug2026 20:13:51.007] [Server thread/INFO] [AllTheLeaks/]: |- LevelChunk (minecraft): 1027
[14Aug2026 20:13:56.252] [Server thread/INFO] [net.minecraft.server.MinecraftServer/]: Eltomy35 was slain by Dopierz
[14Aug2026 20:13:58.708] [Server thread/ERROR] [AllTheLeaks/]: Cannot have null removal reason on Clone event!
[14Aug2026 20:14:01.757] [Server thread/INFO] [net.minecraft.server.MinecraftServer/]: Dopierz was slain by Zombie Clown
[14Aug2026 20:14:02.927] [Server thread/ERROR] [AllTheLeaks/]: Cannot have null removal reason on Clone event!
[14Aug2026 20:14:13.654] [Server thread/INFO] [net.minecraft.server.MinecraftServer/]: Eltomy35 was shot by Skeleton
[14Aug2026 20:14:14.961] [Server thread/ERROR] [AllTheLeaks/]: Cannot have null removal reason on Clone event!
[14Aug2026 20:14:29.816] [Server thread/INFO] [net.minecraft.server.MinecraftServer/]: Eltomy35 has made the advancement [Monster Hunter]
[14Aug2026 20:14:44.296] [Server thread/WARN] [net.minecraft.server.MinecraftServer/]: Can't keep up! Is the server overloaded? Running 14461ms or 289 ticks behind
[14Aug2026 20:14:56.165] [Server thread/INFO] [net.minecraft.server.MinecraftServer/]: Dopierz was shot by Skeleton
[14Aug2026 20:14:57.624] [Server thread/ERROR] [AllTheLeaks/]: Cannot have null removal reason on Clone event!
[14Aug2026 20:14:58.833] [Server thread/INFO] [net.minecraft.server.MinecraftServer/]: Jojoquin10 has made the advancement [Diamonds!]
[14Aug2026 20:15:06.915] [Server thread/INFO] [net.minecraft.server.MinecraftServer/]: Eltomy35 has made the advancement [My first penny!]
[14Aug2026 20:15:20.045] [Server thread/INFO] [net.minecraft.server.MinecraftServer/]: Jojoquin10 has made the advancement [Acquire Hardware]
[14Aug2026 20:15:27.310] [Server thread/INFO] [net.minecraft.server.MinecraftServer/]: Jojoquin10 has made the advancement [Penteconter]
[14Aug2026 20:16:06.151] [Server thread/INFO] [net.minecraft.server.MinecraftServer/]: Dopierz was shot by Dark Vortex
[14Aug2026 20:16:07.712] [Server thread/ERROR] [AllTheLeaks/]: Cannot have null removal reason on Clone event!
[14Aug2026 20:16:12.053] [Server thread/INFO] [net.minecraft.server.MinecraftServer/]: Eltomy35 was slain by Dopierz
[14Aug2026 20:16:13.479] [Server thread/ERROR] [AllTheLeaks/]: Cannot have null removal reason on Clone event!
[14Aug2026 20:16:24.702] [Server thread/INFO] [net.minecraft.server.MinecraftServer/]: Eltomy35 was slain by Dopierz
[14Aug2026 20:16:26.161] [Server thread/ERROR] [AllTheLeaks/]: Cannot have null removal reason on Clone event!
[14Aug2026 20:17:00.999] [Server thread/INFO] [net.minecraft.server.MinecraftServer/]: Eltomy35 was slain by Dopierz
[14Aug2026 20:17:02.376] [Server thread/ERROR] [AllTheLeaks/]: Cannot have null removal reason on Clone event!
[14Aug2026 20:17:48.701] [Server thread/INFO] [net.minecraft.server.MinecraftServer/]: <Dopierz> mirame elias
[14Aug2026 20:18:37.883] [Server thread/INFO] [net.minecraft.server.MinecraftServer/]: Jojoquin10 has made the advancement [The Light in the Darkness]
[14Aug2026 20:18:41.555] [Server thread/INFO] [net.minecraft.server.MinecraftServer/]: Eltomy35 was slain by Dopierz
[14Aug2026 20:18:42.928] [Server thread/ERROR] [AllTheLeaks/]: Cannot have null removal reason on Clone event!
[14Aug2026 20:19:47.962] [Server thread/INFO] [net.minecraft.server.MinecraftServer/]: Eltomy35 has made the advancement [Delightful Decade]
[14Aug2026 20:20:34.957] [Server thread/INFO] [net.minecraft.server.network.ServerGamePacketListenerImpl/]: Jojoquin10 lost connection: Disconnected
[14Aug2026 20:20:34.957] [Server thread/INFO] [net.minecraft.server.MinecraftServer/]: Jojoquin10 left the game
[14Aug2026 20:24:05.399] [Server thread/INFO] [AllTheLeaks/]: Listing events...
[14Aug2026 20:24:05.400] [Server thread/INFO] [AllTheLeaks/]: Server Player Clone: 10
[14Aug2026 20:24:05.400] [Server thread/INFO] [AllTheLeaks/]:   Invalid Cloned Players: 10
[14Aug2026 20:24:05.400] [Server thread/INFO] [AllTheLeaks/]: Server Player Logout: 1
[14Aug2026 20:24:05.401] [Server thread/INFO] [AllTheLeaks/]: Listing memory leaks so far...
[14Aug2026 20:24:05.401] [Server thread/INFO] [AllTheLeaks/]: Waiting to stabilize [3/10]
[14Aug2026 20:24:05.401] [Server thread/INFO] [AllTheLeaks/]: Memory Leaks detected: (/atl force_refresh to update)
[14Aug2026 20:24:05.401] [Server thread/INFO] [AllTheLeaks/]: | Player:
[14Aug2026 20:24:05.401] [Server thread/INFO] [AllTheLeaks/]: |- ServerPlayer (minecraft): 5
[14Aug2026 20:24:05.401] [Server thread/INFO] [AllTheLeaks/]: | ChunkAccess:
[14Aug2026 20:24:05.401] [Server thread/INFO] [AllTheLeaks/]: |- LevelChunk (minecraft): 598
[14Aug2026 20:24:22.294] [Server thread/INFO] [net.minecraft.server.MinecraftServer/]: Eltomy35 was slain by Dopierz
[14Aug2026 20:24:23.545] [Server thread/ERROR] [AllTheLeaks/]: Cannot have null removal reason on Clone event!
[14Aug2026 20:24:42.035] [Server thread/INFO] [net.minecraft.server.MinecraftServer/]: <Dopierz> elias te llevo 17 niveles p
[14Aug2026 20:24:46.649] [Server thread/INFO] [net.minecraft.server.MinecraftServer/]: <Dopierz> me haces cosquillas
[14Aug2026 20:25:12.993] [Server thread/INFO] [com.baketsu.mine_and_meals.MineAndMeals/]: Applied effect: effect.mine_and_meals.grain_1 to player: Dopierz
[14Aug2026 20:25:24.292] [Server thread/INFO] [net.minecraft.server.MinecraftServer/]: Eltomy35 was killed by Stone Golem using magic
[14Aug2026 20:25:25.447] [Server thread/ERROR] [AllTheLeaks/]: Cannot have null removal reason on Clone event!
[14Aug2026 20:25:58.141] [Server thread/INFO] [net.minecraft.server.MinecraftServer/]: Eltomy35 was slain by Enderman
[14Aug2026 20:26:08.351] [Server thread/ERROR] [AllTheLeaks/]: Cannot have null removal reason on Clone event!
[14Aug2026 20:26:09.173] [Server thread/WARN] [net.minecraft.server.MinecraftServer/]: Can't keep up! Is the server overloaded? Running 10987ms or 219 ticks behind
[14Aug2026 20:28:06.545] [Server thread/INFO] [net.minecraft.server.network.ServerGamePacketListenerImpl/]: Eltomy35 lost connection: Timed out
[14Aug2026 20:28:06.545] [Server thread/INFO] [net.minecraft.server.MinecraftServer/]: Eltomy35 left the game
[14Aug2026 20:28:21.884] [Server thread/INFO] [net.minecraft.server.players.PlayerList/]: Eltomy35[/127.98.87.91:45237] logged in with entity id 65049 at (-427.18433444194187, 63.0, -79.94886964267167)
[14Aug2026 20:28:22.023] [Server thread/INFO] [ModdingLegacy/blue_skies/]: Sending ToolHandleTypeManager to Eltomy35
[14Aug2026 20:28:22.023] [Server thread/INFO] [ModdingLegacy/blue_skies/]: Sending SnowcapOvenFreezingManager to Eltomy35
[14Aug2026 20:28:22.024] [Server thread/INFO] [ModdingLegacy/blue_skies/]: Sending HorizoniteForgeFuelManager to Eltomy35
[14Aug2026 20:28:22.024] [Server thread/INFO] [ModdingLegacy/blue_skies/]: Sending AlchemyRecipeManager to Eltomy35
[14Aug2026 20:28:22.026] [Server thread/INFO] [ModdingLegacy/blue_skies/]: Sending JournalEntryManager to Eltomy35
[14Aug2026 20:28:22.027] [Server thread/INFO] [ModdingLegacy/blue_skies/]: Sending JournalSectionManager to Eltomy35
[14Aug2026 20:28:22.027] [Server thread/INFO] [ModdingLegacy/blue_skies/]: Sending JournalRequirementManager to Eltomy35
[14Aug2026 20:28:22.127] [Server thread/INFO] [net.minecraft.server.MinecraftServer/]: Eltomy35 joined the game
[14Aug2026 20:28:22.157] [Server thread/INFO] [sfiomn.legendarytabs.LegendaryTabs/]: Syncing data-driven tabs to newly joined player
[14Aug2026 20:28:22.167] [Server thread/INFO] [Jade/]: Syncing config to Eltomy35 (ceac07cc-113d-33b1-8c84-9a6992199d84)
[14Aug2026 20:29:26.144] [Server thread/INFO] [com.baketsu.mine_and_meals.MineAndMeals/]: Updated effect: effect.mine_and_meals.grain_1 for player: Dopierz
[14Aug2026 20:30:57.923] [Server thread/INFO] [net.minecraft.server.MinecraftServer/]: <Dopierz> elias
[14Aug2026 20:31:05.249] [Server thread/INFO] [net.minecraft.server.MinecraftServer/]: <Dopierz> puedes aceptar la invitacion carajo mierda
[14Aug2026 20:31:21.009] [Server thread/INFO] [net.minecraft.server.MinecraftServer/]: <Dopierz> acepta la invitacion carajo
[14Aug2026 20:31:30.025] [Server thread/INFO] [net.minecraft.server.MinecraftServer/]: <Dopierz> imagino que si pero probablemente crashee cuando lo intentes
[14Aug2026 20:32:03.432] [Server thread/INFO] [net.minecraft.server.MinecraftServer/]: <Dopierz> porque aramel
[14Aug2026 20:32:10.148] [Server thread/INFO] [net.minecraft.server.MinecraftServer/]: <Dopierz> hizo todas las misiones del tutorial y acto 1
[14Aug2026 20:32:14.853] [Server thread/INFO] [net.minecraft.server.MinecraftServer/]: Eltomy35 has made the advancement [Cobweb Entanglement]
[14Aug2026 20:33:39.795] [Server thread/INFO] [com.baketsu.mine_and_meals.MineAndMeals/]: Updated effect: effect.mine_and_meals.grain_1 for player: Dopierz
[14Aug2026 20:33:43.641] [Server thread/INFO] [net.minecraft.server.MinecraftServer/]: Dopierz has made the advancement [Cobweb Entanglement]
[14Aug2026 20:33:59.573] [Server thread/INFO] [net.minecraft.server.MinecraftServer/]: <Dopierz> elias ven una dungeon
[14Aug2026 20:34:16.421] [Server thread/INFO] [AllTheLeaks/]: Listing events...
[14Aug2026 20:34:16.421] [Server thread/INFO] [AllTheLeaks/]: Server Player Clone: 13
[14Aug2026 20:34:16.421] [Server thread/INFO] [AllTheLeaks/]:   Invalid Cloned Players: 13
[14Aug2026 20:34:16.421] [Server thread/INFO] [AllTheLeaks/]: Server Player Logout: 2
[14Aug2026 20:34:16.421] [Server thread/INFO] [AllTheLeaks/]: Listing memory leaks so far...
[14Aug2026 20:34:16.421] [Server thread/INFO] [AllTheLeaks/]: Waiting to stabilize [2/10]
[14Aug2026 20:34:16.421] [Server thread/INFO] [AllTheLeaks/]: Memory Leaks detected: (/atl force_refresh to update)
[14Aug2026 20:34:16.422] [Server thread/INFO] [AllTheLeaks/]: | Player:
[14Aug2026 20:34:16.422] [Server thread/INFO] [AllTheLeaks/]: |- ServerPlayer (minecraft): 6
[14Aug2026 20:34:16.422] [Server thread/INFO] [AllTheLeaks/]: | ChunkAccess:
[14Aug2026 20:34:16.422] [Server thread/INFO] [AllTheLeaks/]: |- LevelChunk (minecraft): 848
[14Aug2026 20:34:47.022] [Server thread/INFO] [net.minecraft.server.MinecraftServer/]: <Dopierz> elias
[14Aug2026 20:34:51.421] [Server thread/INFO] [net.minecraft.server.MinecraftServer/]: <Dopierz> ven una dungeon
[14Aug2026 20:34:54.345] [Server thread/INFO] [net.minecraft.server.MinecraftServer/]: <Dopierz> .v
[14Aug2026 20:34:54.845] [Server thread/WARN] [net.minecraft.server.network.ServerGamePacketListenerImpl/]: Dopierz moved wrongly!
[14Aug2026 20:35:07.083] [Server thread/INFO] [net.minecraft.server.MinecraftServer/]: <Dopierz> elias carajo mierda
[14Aug2026 20:35:13.945] [Server thread/WARN] [net.minecraft.server.network.ServerGamePacketListenerImpl/]: Dopierz moved wrongly!
[14Aug2026 20:36:05.642] [Server thread/INFO] [net.minecraft.server.MinecraftServer/]: Dopierz was slain by Cave Spider
[14Aug2026 20:36:07.175] [Server thread/ERROR] [AllTheLeaks/]: Cannot have null removal reason on Clone event!
[14Aug2026 20:36:33.679] [Server thread/INFO] [net.minecraft.server.MinecraftServer/]: <Dopierz> elias carajo meirda eres ceigo
[14Aug2026 20:36:45.043] [Server thread/INFO] [net.minecraft.server.MinecraftServer/]: Eltomy35 was slain by Skeleton Thrasher
[14Aug2026 20:36:46.233] [Server thread/ERROR] [AllTheLeaks/]: Cannot have null removal reason on Clone event!
[14Aug2026 20:37:52.551] [Server thread/INFO] [net.minecraft.server.MinecraftServer/]: Eltomy35 was slain by Baby Skeleton
[14Aug2026 20:37:53.954] [Server thread/ERROR] [AllTheLeaks/]: Cannot have null removal reason on Clone event!
[14Aug2026 20:38:57.594] [Server thread/INFO] [net.minecraft.server.MinecraftServer/]: Eltomy35 was slain by Zombie Bruiser
[14Aug2026 20:38:58.764] [Server thread/ERROR] [AllTheLeaks/]: Cannot have null removal reason on Clone event!
[14Aug2026 20:39:27.141] [Server thread/INFO] [net.minecraft.server.MinecraftServer/]: Dopierz has made the advancement [When in Rome]
[14Aug2026 20:39:34.205] [Server thread/INFO] [net.minecraft.server.MinecraftServer/]: Eltomy35 has reached the goal [Exorcism]
[14Aug2026 20:39:55.947] [Server thread/INFO] [net.minecraft.server.MinecraftServer/]: Eltomy35 was slain by Zombie
[14Aug2026 20:39:57.124] [Server thread/ERROR] [AllTheLeaks/]: Cannot have null removal reason on Clone event!
[14Aug2026 20:40:29.295] [Server thread/INFO] [net.minecraft.server.players.PlayerList/]: pigTY_[/127.189.120.224:48887] logged in with entity id 88834 at (403.8276207052488, 64.0, 146.76331638458623)
[14Aug2026 20:40:29.445] [Server thread/INFO] [ModdingLegacy/blue_skies/]: Sending ToolHandleTypeManager to pigTY_
[14Aug2026 20:40:29.445] [Server thread/INFO] [ModdingLegacy/blue_skies/]: Sending SnowcapOvenFreezingManager to pigTY_
[14Aug2026 20:40:29.445] [Server thread/INFO] [ModdingLegacy/blue_skies/]: Sending HorizoniteForgeFuelManager to pigTY_
[14Aug2026 20:40:29.446] [Server thread/INFO] [ModdingLegacy/blue_skies/]: Sending AlchemyRecipeManager to pigTY_
[14Aug2026 20:40:29.447] [Server thread/INFO] [ModdingLegacy/blue_skies/]: Sending JournalEntryManager to pigTY_
[14Aug2026 20:40:29.449] [Server thread/INFO] [ModdingLegacy/blue_skies/]: Sending JournalSectionManager to pigTY_
[14Aug2026 20:40:29.449] [Server thread/INFO] [ModdingLegacy/blue_skies/]: Sending JournalRequirementManager to pigTY_
[14Aug2026 20:40:29.556] [Server thread/INFO] [net.minecraft.server.MinecraftServer/]: pigTY_ joined the game
[14Aug2026 20:40:29.595] [Server thread/INFO] [sfiomn.legendarytabs.LegendaryTabs/]: Syncing data-driven tabs to newly joined player
[14Aug2026 20:40:29.612] [Server thread/INFO] [Jade/]: Syncing config to pigTY_ (f79aa4ee-cdd4-3437-923b-40f0b9103b28)
[14Aug2026 20:41:06.202] [Server thread/INFO] [net.minecraft.server.MinecraftServer/]: Eltomy35 was slain by Zombie Bruiser
[14Aug2026 20:41:07.410] [Server thread/ERROR] [AllTheLeaks/]: Cannot have null removal reason on Clone event!
[14Aug2026 20:41:41.755] [Server thread/INFO] [com.baketsu.mine_and_meals.MineAndMeals/]: Updated effect: effect.mine_and_meals.grain_1 for player: pigTY_
[14Aug2026 20:41:43.609] [Server thread/INFO] [com.baketsu.mine_and_meals.MineAndMeals/]: Updated effect: effect.mine_and_meals.grain_1 for player: pigTY_
[14Aug2026 20:41:45.454] [Server thread/INFO] [com.baketsu.mine_and_meals.MineAndMeals/]: Updated effect: effect.mine_and_meals.grain_1 for player: pigTY_
[14Aug2026 20:42:48.402] [Server thread/INFO] [net.minecraft.server.MinecraftServer/]: Eltomy35 was slain by Spider
[14Aug2026 20:42:49.607] [Server thread/ERROR] [AllTheLeaks/]: Cannot have null removal reason on Clone event!
[14Aug2026 20:43:42.556] [Server thread/INFO] [net.minecraft.server.MinecraftServer/]: Eltomy35 was slain by Cave Spider
[14Aug2026 20:43:43.820] [Server thread/ERROR] [AllTheLeaks/]: Cannot have null removal reason on Clone event!
[14Aug2026 20:44:16.571] [Server thread/INFO] [AllTheLeaks/]: Listing events...
[14Aug2026 20:44:16.571] [Server thread/INFO] [AllTheLeaks/]: Server Player Clone: 21
[14Aug2026 20:44:16.571] [Server thread/INFO] [AllTheLeaks/]:   Invalid Cloned Players: 21
[14Aug2026 20:44:16.571] [Server thread/INFO] [AllTheLeaks/]: Server Player Logout: 2
[14Aug2026 20:44:16.571] [Server thread/INFO] [AllTheLeaks/]: Listing memory leaks so far...
[14Aug2026 20:44:16.572] [Server thread/INFO] [AllTheLeaks/]: Waiting to stabilize [1/10]
[14Aug2026 20:44:16.572] [Server thread/INFO] [AllTheLeaks/]: Memory Leaks detected: (/atl force_refresh to update)
[14Aug2026 20:44:16.572] [Server thread/INFO] [AllTheLeaks/]: | Player:
[14Aug2026 20:44:16.572] [Server thread/INFO] [AllTheLeaks/]: |- ServerPlayer (minecraft): 11
[14Aug2026 20:44:16.572] [Server thread/INFO] [AllTheLeaks/]: | ChunkAccess:
[14Aug2026 20:44:16.572] [Server thread/INFO] [AllTheLeaks/]: |- LevelChunk (minecraft): 903
[14Aug2026 20:44:20.457] [Server thread/INFO] [fastsuite/]: Constructed recipe list for minecraft:smelting in 266.9 μs. 294/306 recipes are parallelized.
[14Aug2026 20:44:46.241] [Server thread/INFO] [net.minecraft.server.MinecraftServer/]: Eltomy35 has made the advancement [Mine? Mine? Mine?]
[14Aug2026 20:45:51.797] [Server thread/INFO] [net.minecraft.server.MinecraftServer/]: Eltomy35 has made the advancement [When in Rome]
[14Aug2026 20:46:09.397] [Server thread/INFO] [net.minecraft.server.MinecraftServer/]: Eltomy35 was slain by Cave Spider
[14Aug2026 20:46:10.652] [Server thread/ERROR] [AllTheLeaks/]: Cannot have null removal reason on Clone event!
[14Aug2026 20:46:53.352] [Server thread/INFO] [com.baketsu.mine_and_meals.MineAndMeals/]: Updated effect: effect.mine_and_meals.grain_1 for player: pigTY_
